transaction_id,user_id,timestamp,amount,currency,channel,payment_method,merchant_id,merchant_category_code,merchant_category_desc,merchant_risk_score,device_id,device_type,device_fingerprint_score,ip_country,billing_country,is_cross_border,hour_of_day,is_night_time,time_since_last_txn_sec,txn_velocity_1h,txn_velocity_24h,amount_vs_user_avg_ratio,account_age_days,account_creation_channel,kyc_verification_level,credit_score_band,historical_avg_amount,historical_txn_count,num_devices_used,num_linked_accounts,behavioral_score,login_anomaly_score,password_reset_recent,mfa_enabled,prior_fraud_flags,shared_device_n_accounts,shared_ip_n_accounts,community_cluster_id,num_beneficiaries_30d,beneficiary_account_age_days,text_similarity_to_phishing_corpus,llm_generated_content_prob,voice_authenticity_score,deepfake_video_score,document_authenticity_score,image_manipulation_score,refund_count_30d,refund_to_purchase_ratio,structuring_score,is_fraud,attack_type,attack_category,genai_capability,fraud_severity,is_blended_attack,ground_truth_source
TXN282691870151,U6058470,2026-06-24 05:11:27,104.49,USD,p2p_transfer,upi,MID729019,5311,Department Stores,0.203,DEV25277700,windows_desktop,0.06970448553383253,VN,JP,True,5,False,360.74791788127226,2,1,13.32,349,api_partner_onboarding,unverified,near_prime,20.86,188,2,0,0.6450383335601471,0.7039811012911651,True,False,1,1,1,CLUSTER2683,1,2.9176767109556376,0.8709292406931944,0.7528809975346139,,,,,0,,0.177453378518337,1,ai_phishing+account_takeover,social_engineering+access,text_generation+credential_stuffing_automation,0.926,True,synthetic
TXN126466165707,U6456839,2026-07-29 06:10:24,92.87,USD,p2p_transfer,prepaid_card,MID617233,5311,Department Stores,0.136,DEV98625750,mac_desktop,0.07319018882996632,BD,US,True,6,False,35.89454304644977,3,1,7.28,403,agent_assisted,unverified,thin_file,38.62,96,1,0,0.7203097558302008,0.9434380920566712,False,False,0,1,1,CLUSTER6761,3,2.2431521094715396,0.7757915489194198,0.9326198402018866,,,,,0,,0.052754648944081314,1,ai_phishing+account_takeover,social_engineering+access,text_generation+credential_stuffing_automation,0.979,True,synthetic
TXN117647237675,U1130137,2026-07-08 10:51:59,134.44,USD,card_not_present_online,upi,MID268431,5921,Liquor Stores,0.032,DEV27072337,windows_desktop,0.1297752545496055,PK,SG,True,10,True,565.5734134115371,7,2,9.33,83,in_branch,basic_document,near_prime,31.8,96,1,0,0.6376385512844576,0.8026375147643041,True,True,0,1,2,CLUSTER1270,2,2.9136083479668544,0.9623571930429363,0.9436100104632725,,,,,0,,0.0785195116470002,1,ai_phishing+account_takeover,social_engineering+access,text_generation+credential_stuffing_automation,0.847,True,synthetic
TXN309045992618,U2159110,2026-06-08 19:23:07,195.01,USD,card_not_present_online,credit_card,MID408867,5732,Electronics Stores,0.179,DEV26265606,android_mobile,0.034225704428876694,VN,SE,True,19,False,163.41492116009067,8,2,2.77,585,web_remote,basic_document,thin_file,34.8,93,1,0,0.647630013939357,0.7967626511873254,True,False,0,1,1,CLUSTER3778,3,0.8093796865731072,0.8436873878604065,0.9877180729414741,,,,,0,,0.2239287181064194,1,ai_phishing+account_takeover,social_engineering+access,text_generation+credential_stuffing_automation,0.892,True,synthetic
TXN587564188339,U5011100,2026-06-04 06:21:24,266.49,USD,p2p_transfer,credit_card,MID913595,5691,Apparel,0.051,DEV95493118,windows_desktop,0.15135769011165656,PK,NL,True,6,True,64.991264997178,5,0,8.05,482,in_branch,in_branch_verified,thin_file,33.09,179,2,0,0.2674457898175588,0.8558354283238414,True,False,0,1,1,CLUSTER9416,3,1.945957813880122,0.817048179008857,0.8324188832391779,,,,,0,,0.24557135142801817,1,ai_phishing+account_takeover,social_engineering+access,text_generation+credential_stuffing_automation,0.878,True,synthetic
TXN889456480963,U7402847,2026-07-22 00:47:32,438.54,USD,card_not_present_online,upi,MID247587,4899,Cable / Streaming Services,0.413,DEV18647396,mac_desktop,0.030885607981958968,EG,DE,True,0,False,431.8695471272057,6,2,17.79,732,mobile_app_remote,unverified,super_prime,37.06,237,2,0,0.7092712397562386,0.9628193119623732,True,False,0,1,2,CLUSTER3290,1,2.803253025088558,0.8009555912974616,0.8668864919993695,,,,,0,,0.07446626670788331,1,ai_phishing+account_takeover,social_engineering+access,text_generation+credential_stuffing_automation,0.852,True,synthetic
TXN707371018781,U2728391,2026-08-21 03:31:23,838.39,USD,p2p_transfer,debit_card,MID246744,7995,Betting / Gambling,0.573,DEV18291443,windows_desktop,0.18664043279364867,RU,NL,True,3,False,219.9734953517811,8,1,24.96,611,web_remote,in_branch_verified,subprime,17.56,108,2,0,0.7162443573693256,0.7336420397817699,False,False,0,1,1,CLUSTER4044,2,1.703598327901159,0.8024384773210332,0.9668718059639936,,,,,0,,0.2751124918039014,1,ai_phishing+account_takeover,social_engineering+access,text_generation+credential_stuffing_automation,0.887,True,synthetic
TXN188632162385,U2645240,2026-06-04 13:19:23,67.99,USD,p2p_transfer,bank_transfer,MID953224,5941,Sporting Goods,0.043,DEV53551767,ios_mobile,0.08311602132505186,EG,SG,True,13,False,372.2894598034555,7,1,8.53,243,mobile_app_remote,in_branch_verified,near_prime,45.0,17,2,0,0.731899443297104,0.7683952672142991,True,False,0,1,2,CLUSTER4158,3,1.3760271877253651,0.7212415601452773,0.9845770666497042,,,,,0,,0.1412911474275443,1,ai_phishing+account_takeover,social_engineering+access,text_generation+credential_stuffing_automation,0.944,True,synthetic
TXN598962467214,U4324932,2026-06-13 22:09:32,228.87,USD,card_not_present_online,upi,MID430939,6051,Crypto / Digital Currency,0.233,DEV69868851,linux_desktop,0.044248561453223076,VN,SE,True,22,False,396.37278452009133,6,0,14.89,837,mobile_app_remote,video_verified,thin_file,15.37,87,1,1,0.22257043482421124,0.8850783789763875,True,False,0,1,2,CLUSTER9656,3,1.4386770174957273,0.8488920986241489,0.8237061241245557,,,,,0,,0.10486038739738637,1,ai_phishing+account_takeover,social_engineering+access,text_generation+credential_stuffing_automation,0.982,True,synthetic
TXN941133211296,U7401649,2026-06-16 22:41:46,341.18,USD,card_not_present_online,prepaid_card,MID381631,5411,Grocery Stores,0.37,DEV41291120,windows_desktop,0.16279844853554956,BD,GB,True,22,False,55.82116257829415,3,0,3.32,526,api_partner_onboarding,video_verified,subprime,102.68,38,2,0,0.24352739954277558,0.7612689449749658,True,False,0,1,1,CLUSTER3328,3,1.1051994812639587,0.826020542272315,0.8840643547569642,,,,,0,,0.2807709334966292,1,ai_phishing+account_takeover,social_engineering+access,text_generation+credential_stuffing_automation,0.884,True,synthetic
TXN637546644458,U8908228,2026-06-01 01:16:06,342.37,USD,card_not_present_online,bank_transfer,MID376414,5921,Liquor Stores,0.049,DEV29348605,ios_mobile,0.1481300430433743,RU,GB,True,1,False,33.61185642394962,6,1,8.54,635,api_partner_onboarding,unverified,near_prime,40.09,234,2,2,0.17955000133022528,0.7365885206178538,True,False,0,1,2,CLUSTER2057,1,0.10238980675733811,0.8387224115801505,0.9235879386696725,,,,,0,,0.10174078372267643,1,ai_phishing+account_takeover,social_engineering+access,text_generation+credential_stuffing_automation,0.906,True,synthetic
TXN204521313513,U2618513,2026-06-03 22:06:08,462.49,USD,p2p_transfer,prepaid_card,MID833181,5411,Grocery Stores,0.048,DEV26926787,windows_desktop,0.15278074812927525,VN,DE,True,22,False,309.3834503393563,4,0,46.25,608,mobile_app_remote,basic_document,near_prime,7.77,253,2,0,0.13841356330050184,0.872814999357639,True,False,0,1,2,CLUSTER8393,2,1.5476267580504501,0.8760325139223153,0.8292699559677806,,,,,0,,0.07529631943468863,1,ai_phishing+account_takeover,social_engineering+access,text_generation+credential_stuffing_automation,0.887,True,synthetic
TXN980510262263,U4640747,2026-08-23 18:27:23,274.26,USD,card_not_present_online,digital_wallet,MID964996,6300,Insurance,0.13,DEV60089158,ios_mobile,0.1645585008489324,RU,JP,True,18,False,297.6943891152758,5,0,31.11,204,in_branch,basic_document,prime,22.15,235,1,1,0.7661632472729145,0.9027741701613805,True,False,0,1,2,CLUSTER7391,3,1.6131943599600542,0.7564065785891464,0.7708151059891691,,,,,0,,0.2951478471599745,1,ai_phishing+account_takeover,social_engineering+access,text_generation+credential_stuffing_automation,0.977,True,synthetic
TXN785665542614,U2760487,2026-06-13 19:13:46,122.53,USD,card_not_present_online,debit_card,MID998098,5921,Liquor Stores,0.099,DEV23090024,mac_desktop,0.028739804372872668,ID,AU,True,19,False,246.97948031726708,5,1,4.55,573,web_remote,in_branch_verified,thin_file,42.44,102,1,1,0.6243592192949686,0.7077488750400253,True,False,0,1,1,CLUSTER6241,1,2.6176361672407746,0.8857509204939705,0.8583996832337643,,,,,0,,0.2051902023780963,1,ai_phishing+account_takeover,social_engineering+access,text_generation+credential_stuffing_automation,0.854,True,synthetic
TXN403713736032,U1126722,2026-07-08 17:26:47,540.34,USD,card_not_present_online,bank_transfer,MID830660,5541,Fuel / Gas Stations,0.249,DEV89711427,windows_desktop,0.19263885521019122,VN,NL,True,17,False,211.96441408060358,8,1,16.09,640,web_remote,basic_document,subprime,33.58,26,2,0,0.2674352576172116,0.7295895796740045,True,False,1,1,1,CLUSTER2009,2,0.13472304286404102,0.8736870825587036,0.7554780536148189,,,,,0,,0.14100935925038505,1,ai_phishing+account_takeover,social_engineering+access,text_generation+credential_stuffing_automation,0.896,True,synthetic
TXN227621646299,U6122828,2026-08-06 14:14:26,715.32,USD,card_not_present_online,digital_wallet,MID605215,6011,ATM / Cash Disbursement,0.184,DEV55759177,windows_desktop,0.03777797106717691,EG,NL,True,14,False,54.94463401655619,8,1,10.65,771,in_branch,unverified,super_prime,67.19,157,2,0,0.233941710791997,0.949064415282717,True,False,0,1,2,CLUSTER4655,2,0.8266343205511283,0.850867764765098,0.8701266694098153,,,,,0,,0.2416620271110148,1,ai_phishing+account_takeover,social_engineering+access,text_generation+credential_stuffing_automation,0.861,True,synthetic
TXN261308319649,U1373197,2026-08-06 20:48:26,501.78,USD,p2p_transfer,credit_card,MID833875,4899,Cable / Streaming Services,0.041,DEV15141734,windows_desktop,0.15813684429157043,EG,SE,True,20,False,209.00467375090602,3,0,4.61,495,web_remote,video_verified,subprime,64.14,94,2,0,0.6894948766990117,0.9381971130173941,False,False,0,1,2,CLUSTER5871,3,2.125692847160326,0.9656963323497132,0.8161796245919024,,,,,0,,0.13509310016623907,1,ai_phishing+account_takeover,social_engineering+access,text_generation+credential_stuffing_automation,0.954,True,synthetic
TXN999829192581,U8962728,2026-08-06 06:28:09,252.15,USD,card_not_present_online,digital_wallet,MID256985,5812,Restaurants,0.118,DEV39968290,mac_desktop,0.13117481950652762,NG,SG,True,6,False,387.18721528658136,7,0,2.73,454,api_partner_onboarding,video_verified,subprime,92.29,229,2,0,0.24519938992215928,0.7853342647262489,True,False,0,1,1,CLUSTER6038,3,1.3375740363254915,0.7170979874892902,0.9775177481309435,,,,,0,,0.0119210804685286,1,ai_phishing+account_takeover,social_engineering+access,text_generation+credential_stuffing_automation,0.907,True,synthetic
TXN629826319307,U1038480,2026-08-26 13:41:34,281.06,USD,card_not_present_online,digital_wallet,MID704192,5999,Misc Retail,0.192,DEV96518653,android_mobile,0.06293888929800452,VN,SE,True,13,True,492.35158672525097,8,1,8.75,104,agent_assisted,unverified,prime,32.11,197,2,0,0.15104591766121223,0.7941874312735195,True,False,0,1,1,CLUSTER6240,2,2.844640686382537,0.8466811938512141,0.8025066967500758,,,,,0,,0.05079736222559976,1,ai_phishing+account_takeover,social_engineering+access,text_generation+credential_stuffing_automation,0.95,True,synthetic
TXN725081642661,U8413163,2026-08-25 00:30:44,1026.41,USD,card_not_present_online,upi,MID884338,5541,Fuel / Gas Stations,0.094,DEV57441064,windows_desktop,0.13057252452136248,ID,GB,True,0,False,60.988143941819466,8,0,25.48,87,mobile_app_remote,basic_document,near_prime,40.28,117,2,1,0.19500270732035196,0.9104632094424123,False,False,0,1,1,CLUSTER4159,3,1.9038550658525817,0.8775876704751768,0.9007751210318451,,,,,0,,0.1547116414053613,1,ai_phishing+account_takeover,social_engineering+access,text_generation+credential_stuffing_automation,0.956,True,synthetic
TXN184337705205,U7535770,2026-07-17 18:27:24,451.08,USD,card_not_present_online,bank_transfer,MID239561,4111,Transit / Transportation,0.12,DEV46130604,windows_desktop,0.021728349390573564,EG,AU,True,18,False,165.65635601998554,6,2,19.25,756,agent_assisted,unverified,subprime,37.51,101,2,0,0.79125988543226,0.9219282526352056,True,True,0,1,1,CLUSTER2033,3,0.23252499993941833,0.8165399029862157,0.7833162000513602,,,,,0,,0.06505488685672585,1,ai_phishing+account_takeover,social_engineering+access,text_generation+credential_stuffing_automation,0.861,True,synthetic
TXN762964298709,U9822264,2026-08-15 16:23:06,238.4,USD,card_not_present_online,credit_card,MID699343,5732,Electronics Stores,0.322,DEV75063089,windows_desktop,0.04518636288305104,RU,DE,True,16,False,428.00390239605423,6,3,11.07,883,agent_assisted,in_branch_verified,subprime,21.53,282,2,0,0.23102941801060664,0.8660609879864269,True,False,0,1,2,CLUSTER5029,2,2.440852651616719,0.7473084938811163,0.7816039358892578,,,,,0,,0.15057967468715885,1,ai_phishing+account_takeover,social_engineering+access,text_generation+credential_stuffing_automation,0.851,True,synthetic
TXN693477365793,U8660242,2026-08-07 20:45:18,811.62,USD,p2p_transfer,digital_wallet,MID140839,5812,Restaurants,0.115,DEV54753155,android_mobile,0.16918489732624487,PK,GB,True,20,True,568.153243127288,2,2,18.12,211,in_branch,basic_document,prime,44.79,144,1,2,0.28448501637712775,0.8297633396198951,False,False,0,1,2,CLUSTER8470,3,0.5578813936445941,0.8720614005453693,0.9621056070477846,,,,,0,,0.09686396721296822,1,ai_phishing+account_takeover,social_engineering+access,text_generation+credential_stuffing_automation,0.86,True,synthetic
TXN119542895577,U9566734,2026-06-27 19:04:42,287.68,USD,p2p_transfer,prepaid_card,MID411461,5964,Direct Marketing / Catalog,0.237,DEV97387645,android_mobile,0.025173230446371604,RU,AU,True,19,False,508.7594628850396,2,0,14.54,651,agent_assisted,video_verified,near_prime,25.25,105,2,1,0.7447752560667995,0.8298435739105433,True,False,0,1,1,CLUSTER1670,1,0.5452651375549208,0.7185457478520438,0.891028692049819,,,,,0,,0.08961052705174184,1,ai_phishing+account_takeover,social_engineering+access,text_generation+credential_stuffing_automation,0.912,True,synthetic
TXN441740044090,U0282765,2026-07-05 15:53:55,1196.91,USD,card_not_present_online,digital_wallet,MID702222,5812,Restaurants,0.243,DEV80262798,android_mobile,0.15197063640024472,PK,NL,True,15,True,245.15159690670308,8,2,6.26,707,mobile_app_remote,basic_document,thin_file,32.32,15,1,1,0.5944533408429844,0.8355675433847434,True,True,0,1,2,CLUSTER2223,1,1.0784091793291277,0.7731261334172705,0.824879516030295,,,,,0,,0.06588967294799256,1,ai_phishing+account_takeover,social_engineering+access,text_generation+credential_stuffing_automation,0.911,True,synthetic
TXN274303046279,U8436660,2026-08-14 23:59:41,290.82,USD,card_not_present_online,debit_card,MID830018,5541,Fuel / Gas Stations,0.339,DEV43704922,linux_desktop,0.08370059271331062,VN,CA,True,23,False,67.88473476571221,7,2,16.85,371,mobile_app_remote,unverified,thin_file,21.87,104,1,0,0.6689058266458889,0.7445974383391819,True,False,0,1,2,CLUSTER7954,2,0.9408428450223026,0.8820348254480641,0.9636811878256877,,,,,0,,0.08251139699835167,1,ai_phishing+account_takeover,social_engineering+access,text_generation+credential_stuffing_automation,0.863,True,synthetic
TXN218256850688,U3876629,2026-08-26 07:30:41,619.95,USD,card_not_present_online,debit_card,MID757431,5541,Fuel / Gas Stations,0.077,DEV18786470,linux_desktop,0.10293043733368075,BD,CA,True,7,False,357.37768637864434,8,1,18.75,875,mobile_app_remote,video_verified,prime,23.56,278,1,0,0.7628370020545148,0.7216489300474451,True,False,0,1,1,CLUSTER3992,3,2.3292111133547495,0.9040238879624681,0.9678653109023321,,,,,0,,0.16379567105208978,1,ai_phishing+account_takeover,social_engineering+access,text_generation+credential_stuffing_automation,0.941,True,synthetic
TXN443849924608,U9435235,2026-06-08 04:19:55,426.44,USD,p2p_transfer,prepaid_card,MID471394,5967,Direct Marketing / Adult,0.139,DEV96248376,mac_desktop,0.020986389013176378,RU,JP,True,4,False,533.6871593219246,2,0,17.97,865,agent_assisted,unverified,prime,23.73,38,1,0,0.14812624417983355,0.7209073459253996,True,False,0,1,1,CLUSTER9460,1,1.8031310496676305,0.8887031608082947,0.9796466320901851,,,,,0,,0.07486239958104837,1,ai_phishing+account_takeover,social_engineering+access,text_generation+credential_stuffing_automation,0.981,True,synthetic
TXN792027162872,U3614644,2026-07-12 09:13:52,413.24,USD,card_not_present_online,credit_card,MID931585,5999,Misc Retail,0.048,DEV23177008,linux_desktop,0.07471039441188232,BD,CA,True,9,False,243.49212727477465,6,0,9.16,99,agent_assisted,in_branch_verified,super_prime,32.5,51,2,1,0.8479102531190512,0.7765249806161392,True,False,0,1,2,CLUSTER8603,3,2.085209895735198,0.9005852453896397,0.9817801178148057,,,,,0,,0.04711613971543723,1,ai_phishing+account_takeover,social_engineering+access,text_generation+credential_stuffing_automation,0.834,True,synthetic
TXN337096660680,U7480282,2026-07-03 12:38:44,231.24,USD,card_not_present_online,upi,MID592546,5999,Misc Retail,0.133,DEV38757295,linux_desktop,0.12356335705487367,ID,AU,True,12,False,538.4699633147738,4,2,9.95,110,web_remote,in_branch_verified,thin_file,23.23,105,1,0,0.21240048025619315,0.757162977460393,False,False,0,1,1,CLUSTER2790,2,2.2287064050161796,0.8586391247052223,0.9727630009810339,,,,,0,,0.25204591322671965,1,ai_phishing+account_takeover,social_engineering+access,text_generation+credential_stuffing_automation,0.942,True,synthetic
TXN477016376060,U2274842,2026-06-12 21:07:14,681.22,USD,card_not_present_online,prepaid_card,MID996966,6300,Insurance,0.043,DEV86255461,windows_desktop,0.08942130172283552,EG,SE,True,21,False,397.84789422209116,2,1,2.72,880,agent_assisted,video_verified,near_prime,75.59,243,2,1,0.5634754259776349,0.9182456888893344,True,True,0,1,1,CLUSTER6696,2,0.49109383494624936,0.7614966930164094,0.8837034544890311,,,,,0,,0.19527801842797235,1,ai_phishing+account_takeover,social_engineering+access,text_generation+credential_stuffing_automation,0.952,True,synthetic
TXN358516332485,U1085874,2026-07-29 13:28:42,294.35,USD,card_not_present_online,credit_card,MID106120,4829,Money Transfer,0.251,DEV38641355,android_mobile,0.10938152055113928,BD,JP,True,13,True,232.59651659936,2,1,4.95,257,mobile_app_remote,in_branch_verified,near_prime,59.44,17,2,0,0.11285729164395625,0.7873522021234198,True,False,1,1,1,CLUSTER7382,3,0.1963642045251891,0.9373425902459795,0.900498942819657,,,,,0,,0.08331926091384127,1,ai_phishing+account_takeover,social_engineering+access,text_generation+credential_stuffing_automation,0.927,True,synthetic
TXN353992346908,U6261297,2026-06-21 22:35:33,285.0,USD,card_not_present_online,upi,MID498763,6051,Crypto / Digital Currency,0.253,DEV44382255,linux_desktop,0.16578878729530078,ID,NL,True,22,False,441.1478640849115,7,1,2.73,366,web_remote,video_verified,near_prime,104.3,169,2,1,0.2851605185434212,0.9143558076718865,False,False,0,1,2,CLUSTER7015,1,0.39085839952559864,0.7099520375271148,0.9525453137580899,,,,,0,,0.27725801420780793,1,ai_phishing+account_takeover,social_engineering+access,text_generation+credential_stuffing_automation,0.957,True,synthetic
TXN922640011936,U1861739,2026-07-29 20:47:15,867.49,USD,p2p_transfer,debit_card,MID514250,4722,Travel Agencies,0.107,DEV50584168,mac_desktop,0.13121680734831914,EG,GB,True,20,False,100.57386517847559,3,0,36.51,769,in_branch,unverified,near_prime,23.76,202,1,0,0.3949741934105716,0.953056552328265,True,True,0,1,1,CLUSTER2056,2,1.2201213498811418,0.9384871082332953,0.8747230570205143,,,,,0,,0.24199386792946434,1,ai_phishing+account_takeover,social_engineering+access,text_generation+credential_stuffing_automation,0.86,True,synthetic
TXN780471988816,U1326532,2026-07-07 04:57:29,139.06,USD,card_not_present_online,upi,MID754660,5964,Direct Marketing / Catalog,0.083,DEV41689341,windows_desktop,0.19468270241467395,RU,AU,True,4,False,259.1327807412365,5,1,5.79,423,api_partner_onboarding,video_verified,thin_file,24.01,202,2,0,0.2947272877476624,0.7588550616981838,True,False,0,1,1,CLUSTER5725,2,2.565134761820878,0.946004217624308,0.7681297699192297,,,,,0,,0.20484330586609362,1,ai_phishing+account_takeover,social_engineering+access,text_generation+credential_stuffing_automation,0.927,True,synthetic
TXN339720622474,U4085619,2026-06-28 22:50:09,606.13,USD,p2p_transfer,digital_wallet,MID913862,7011,Hotels / Lodging,0.162,DEV51318464,android_mobile,0.1887204528968653,ID,CA,True,22,False,581.1855096795672,5,3,16.63,311,api_partner_onboarding,in_branch_verified,super_prime,36.45,9,1,0,0.17142085881885993,0.7777717017076635,True,False,0,1,1,CLUSTER9575,2,2.875388577186067,0.7293688478306821,0.9793549269499928,,,,,0,,0.009450427309260833,1,ai_phishing+account_takeover,social_engineering+access,text_generation+credential_stuffing_automation,0.928,True,synthetic
TXN903987186900,U3916939,2026-07-03 02:04:51,261.81,USD,card_not_present_online,digital_wallet,MID763515,4722,Travel Agencies,0.03,DEV72799168,windows_desktop,0.08798065363580858,ID,JP,True,2,True,241.82697720732304,6,3,1.96,157,mobile_app_remote,basic_document,prime,133.42,43,2,1,0.18752471174874574,0.8514587392892363,False,False,0,1,1,CLUSTER2715,2,1.098245690979688,0.9605153921042268,0.865392861054471,,,,,0,,0.09006302909159206,1,ai_phishing+account_takeover,social_engineering+access,text_generation+credential_stuffing_automation,0.978,True,synthetic
TXN232796731192,U6245098,2026-06-26 06:16:46,372.96,USD,p2p_transfer,debit_card,MID539051,6012,Financial Institutions - Merchandise/Services,0.181,DEV25446651,linux_desktop,0.10933617642447799,PK,DE,True,6,False,434.15105965404626,6,1,4.73,307,web_remote,basic_document,subprime,78.8,291,1,0,0.38259594865004,0.8797680264959874,True,False,0,1,2,CLUSTER2513,3,1.0831658544760145,0.7895489448730386,0.7550614213351976,,,,,0,,0.23282954255258428,1,ai_phishing+account_takeover,social_engineering+access,text_generation+credential_stuffing_automation,0.964,True,synthetic
TXN202009245301,U7390146,2026-08-24 13:05:10,854.92,USD,p2p_transfer,debit_card,MID295089,5967,Direct Marketing / Adult,0.123,DEV38054308,linux_desktop,0.08821375200413563,ID,SG,True,13,False,437.7471692735534,4,0,20.71,661,in_branch,video_verified,prime,41.28,251,1,0,0.2985793886612288,0.7550595429287225,True,False,0,1,2,CLUSTER4381,2,1.981781627581492,0.9290788844021783,0.9436733670699934,,,,,0,,0.2515155837034579,1,ai_phishing+account_takeover,social_engineering+access,text_generation+credential_stuffing_automation,0.874,True,synthetic
TXN936061846766,U5779433,2026-06-13 23:55:52,48.99,USD,card_not_present_online,credit_card,MID468374,5541,Fuel / Gas Stations,0.225,DEV16902974,ios_mobile,0.15906295884551377,PK,GB,True,23,False,80.15521901175114,4,2,106.94,586,mobile_app_remote,in_branch_verified,thin_file,11.33,93,2,1,0.8212465909753208,0.8645620954266398,True,False,0,1,2,CLUSTER2455,1,1.8596357845357296,0.8641843252585109,0.832337791974531,,,,,0,,0.044644810387644125,1,ai_phishing+account_takeover,social_engineering+access,text_generation+credential_stuffing_automation,0.924,True,synthetic
TXN213764170974,U8131072,2026-07-10 03:50:09,468.52,USD,p2p_transfer,bank_transfer,MID326985,4111,Transit / Transportation,0.186,DEV37653615,ios_mobile,0.02342146439014207,EG,NL,True,3,True,580.3900302031088,4,0,7.73,87,in_branch,unverified,near_prime,60.63,123,2,0,0.20764120769924374,0.8331951856277515,True,False,1,1,1,CLUSTER7114,3,1.0397530995471098,0.7542220178829804,0.7911741384602465,,,,,0,,0.1379481223242936,1,ai_phishing+account_takeover,social_engineering+access,text_generation+credential_stuffing_automation,0.939,True,synthetic
TXN484412551331,U8468123,2026-08-28 23:12:11,763.78,USD,p2p_transfer,bank_transfer,MID319592,4111,Transit / Transportation,0.182,DEV67643872,windows_desktop,0.1181423514137727,PK,NL,True,23,True,102.78531328739743,2,0,21.33,445,api_partner_onboarding,basic_document,near_prime,33.27,21,1,0,0.7632495880160853,0.9504135589604386,False,True,0,1,2,CLUSTER6984,3,0.6974082490035171,0.9200076353014609,0.8321877617624823,,,,,0,,0.00518911574924098,1,ai_phishing+account_takeover,social_engineering+access,text_generation+credential_stuffing_automation,0.956,True,synthetic
TXN674741380308,U8871471,2026-06-27 23:38:29,305.32,USD,card_not_present_online,debit_card,MID324655,4829,Money Transfer,0.096,DEV21634962,android_mobile,0.11156772313184905,EG,SE,True,23,False,417.41798300097776,4,0,17.55,488,mobile_app_remote,in_branch_verified,near_prime,17.4,53,1,0,0.24364699762345146,0.7525714120013531,True,False,0,1,2,CLUSTER5299,1,2.138230458096732,0.9468779811078443,0.8488612816419416,,,,,0,,0.17978832852837992,1,ai_phishing+account_takeover,social_engineering+access,text_generation+credential_stuffing_automation,0.851,True,synthetic
TXN565261789840,U4622997,2026-07-11 22:30:14,464.43,USD,card_not_present_online,digital_wallet,MID585202,7995,Betting / Gambling,0.081,DEV96103493,mac_desktop,0.114341955880415,NG,US,True,22,False,383.58511453899973,2,1,16.34,85,web_remote,in_branch_verified,subprime,12.68,101,2,1,0.7124597936433485,0.9373430789299646,False,True,0,1,2,CLUSTER9777,2,0.5935275337916729,0.9519495908072372,0.8661308418053263,,,,,0,,0.20418356430656495,1,ai_phishing+account_takeover,social_engineering+access,text_generation+credential_stuffing_automation,0.936,True,synthetic
TXN461864471591,U5448411,2026-07-24 12:03:32,691.48,USD,card_not_present_online,prepaid_card,MID911864,5691,Apparel,0.099,DEV21495569,ios_mobile,0.1768916785025421,VN,AU,True,12,False,432.06580251191696,6,1,6.44,769,api_partner_onboarding,unverified,thin_file,78.71,116,2,0,0.5780134822434628,0.854897806908258,True,False,0,1,2,CLUSTER9524,1,0.2336335843831524,0.9681787052904298,0.8055932222684683,,,,,0,,0.29337125496966243,1,ai_phishing+account_takeover,social_engineering+access,text_generation+credential_stuffing_automation,0.934,True,synthetic
TXN793092585532,U0260185,2026-07-03 19:15:21,616.78,USD,p2p_transfer,digital_wallet,MID273840,5921,Liquor Stores,0.19,DEV62664346,mac_desktop,0.05489142353485285,PK,NL,True,19,False,192.34589557241713,3,3,5.52,740,in_branch,unverified,subprime,120.27,45,1,0,0.740190102659054,0.7606042608758887,True,False,0,1,2,CLUSTER3007,3,1.2014265474891959,0.9643700148899605,0.9670435080954313,,,,,0,,0.23186810534410976,1,ai_phishing+account_takeover,social_engineering+access,text_generation+credential_stuffing_automation,0.897,True,synthetic
TXN608643731850,U7123157,2026-07-09 23:05:37,449.21,USD,p2p_transfer,debit_card,MID211625,7011,Hotels / Lodging,0.237,DEV90204328,ios_mobile,0.1287088617933133,ID,GB,True,23,False,140.49938453748325,6,0,16.52,293,api_partner_onboarding,unverified,thin_file,27.2,229,1,0,0.17902480611648225,0.775595107514741,False,False,0,1,1,CLUSTER1094,3,0.30879247602184845,0.8170934351644343,0.896618440633067,,,,,0,,0.1431813482724651,1,ai_phishing+account_takeover,social_engineering+access,text_generation+credential_stuffing_automation,0.947,True,synthetic
TXN820680649030,U3752943,2026-06-26 23:28:23,204.86,USD,p2p_transfer,debit_card,MID661123,5941,Sporting Goods,0.138,DEV64919112,android_mobile,0.10880826157459818,EG,DE,True,23,True,335.228580718386,3,3,19.22,599,mobile_app_remote,in_branch_verified,super_prime,23.46,275,2,0,0.6662300708384178,0.861585449531895,True,False,0,1,1,CLUSTER6931,2,2.4984932900006194,0.8422492174903069,0.8857620187820665,,,,,0,,0.21414120401659162,1,ai_phishing+account_takeover,social_engineering+access,text_generation+credential_stuffing_automation,0.958,True,synthetic
TXN780877188095,U9589179,2026-07-05 02:46:15,169.26,USD,p2p_transfer,digital_wallet,MID308265,4899,Cable / Streaming Services,0.35,DEV19652300,windows_desktop,0.03550811779515583,ID,US,True,2,False,466.263854660315,3,1,16.8,496,api_partner_onboarding,in_branch_verified,subprime,15.16,163,2,0,0.7862756235276779,0.7930047174453959,True,False,0,1,1,CLUSTER7038,2,0.5274375557072599,0.9099367756704312,0.8653156645077655,,,,,0,,0.20104486590348591,1,ai_phishing+account_takeover,social_engineering+access,text_generation+credential_stuffing_automation,0.943,True,synthetic
TXN759068528766,U9691904,2026-06-13 10:37:28,769.57,USD,card_not_present_online,digital_wallet,MID457280,6012,Financial Institutions - Merchandise/Services,0.185,DEV99426717,linux_desktop,0.1850759991627801,PK,SE,True,10,False,460.9559373043442,4,0,10.76,295,api_partner_onboarding,in_branch_verified,near_prime,71.5,237,1,2,0.34212595614289765,0.9733507210577284,False,False,0,1,2,CLUSTER2009,3,2.3946709189464146,0.9321154239549404,0.882142475136766,,,,,0,,0.1413975046292201,1,ai_phishing+account_takeover,social_engineering+access,text_generation+credential_stuffing_automation,0.955,True,synthetic
TXN362023595532,U5585061,2026-06-25 12:09:45,152.53,USD,p2p_transfer,bank_transfer,MID951475,8299,Educational Services,0.204,DEV24540465,android_mobile,0.06643710779279735,PK,DE,True,12,False,432.645370363735,8,0,16.64,233,web_remote,in_branch_verified,near_prime,12.48,263,1,0,0.6981594115725265,0.7796509608623325,True,True,0,1,1,CLUSTER6304,3,1.0599203286055354,0.8475436180509425,0.9131938539490414,,,,,0,,0.15468063002709254,1,ai_phishing+account_takeover,social_engineering+access,text_generation+credential_stuffing_automation,0.941,True,synthetic
TXN185585805964,U4454249,2026-07-01 15:21:53,239.55,USD,p2p_transfer,digital_wallet,MID710201,4722,Travel Agencies,0.32,DEV51302287,mac_desktop,0.06401569267688749,VN,JP,True,15,True,123.02608591393054,4,0,9.04,674,mobile_app_remote,basic_document,prime,26.5,187,2,1,0.15063325411332562,0.8893359320672605,True,True,0,1,1,CLUSTER3157,3,2.0425261426600128,0.8530707077933753,0.9136675867788336,,,,,0,,0.018772727969889113,1,ai_phishing+account_takeover,social_engineering+access,text_generation+credential_stuffing_automation,0.931,True,synthetic
TXN663461010581,U9986210,2026-07-19 22:02:09,203.08,USD,card_not_present_online,prepaid_card,MID124471,5941,Sporting Goods,0.275,DEV87453832,android_mobile,0.09175083446701446,EG,JP,True,22,True,152.43155394724988,2,0,5.43,293,agent_assisted,in_branch_verified,near_prime,33.36,16,1,0,0.6912964200749265,0.9601509206393342,False,False,0,1,1,CLUSTER4988,2,2.0840597155438,0.7667384004249282,0.9893737404843435,,,,,0,,0.24200287319355618,1,ai_phishing+account_takeover,social_engineering+access,text_generation+credential_stuffing_automation,0.917,True,synthetic
TXN291767127524,U5882677,2026-07-02 15:08:43,264.66,USD,card_not_present_online,upi,MID216022,8011,Healthcare,0.497,DEV96983411,mac_desktop,0.07430507173425203,NG,AU,True,15,False,483.26630310447536,4,1,3.32,441,agent_assisted,unverified,near_prime,41.91,131,2,0,0.6941285163945342,0.7962202892775015,True,False,0,1,2,CLUSTER5884,2,2.1772176286265097,0.7148381976063289,0.916338616382024,,,,,0,,0.05581842085476397,1,ai_phishing+account_takeover,social_engineering+access,text_generation+credential_stuffing_automation,0.824,True,synthetic
TXN643976306222,U4160662,2026-08-21 15:19:30,286.14,USD,card_not_present_online,debit_card,MID290386,4829,Money Transfer,0.325,DEV29927324,windows_desktop,0.19089737460750425,NG,GB,True,15,False,231.78646402297412,6,0,20.24,388,agent_assisted,basic_document,thin_file,23.5,218,1,0,0.629483379487298,0.9308907308052745,False,False,0,1,1,CLUSTER1759,2,0.2658213141256731,0.8133780530535137,0.9815624312452004,,,,,0,,0.22856307690815736,1,ai_phishing+account_takeover,social_engineering+access,text_generation+credential_stuffing_automation,0.956,True,synthetic
TXN299976239222,U1566928,2026-08-18 01:15:26,168.18,USD,card_not_present_online,bank_transfer,MID741861,7995,Betting / Gambling,0.147,DEV10709864,windows_desktop,0.07030338763183294,VN,CA,True,1,True,200.91189495991003,3,2,4.14,251,web_remote,in_branch_verified,subprime,40.58,110,2,1,0.3734383403880831,0.8152098063646398,True,False,0,1,2,CLUSTER7021,3,0.10111007365925628,0.8417558297243093,0.8066759203105553,,,,,0,,0.2742865262702811,1,ai_phishing+account_takeover,social_engineering+access,text_generation+credential_stuffing_automation,0.917,True,synthetic
TXN736563623111,U8860009,2026-08-17 02:15:30,161.5,USD,card_not_present_online,digital_wallet,MID358189,5967,Direct Marketing / Adult,0.101,DEV38309297,ios_mobile,0.033079557685335506,ID,SE,True,2,True,377.60392103419156,8,1,2.02,314,api_partner_onboarding,in_branch_verified,thin_file,79.81,228,2,0,0.10016990875464665,0.7229373250790319,False,False,0,1,2,CLUSTER8495,3,1.386699395956391,0.734484541705701,0.8375057165279213,,,,,0,,0.2490535727989574,1,ai_phishing+account_takeover,social_engineering+access,text_generation+credential_stuffing_automation,0.965,True,synthetic
TXN800259115954,U6810487,2026-07-29 12:56:29,126.81,USD,p2p_transfer,upi,MID573501,4899,Cable / Streaming Services,0.378,DEV62425879,mac_desktop,0.12146169658354629,EG,JP,True,12,True,483.3079833312805,6,2,16.32,893,in_branch,basic_document,super_prime,19.44,79,2,0,0.5928565730636199,0.8945551404866162,True,False,0,1,1,CLUSTER6471,1,0.061320022389592554,0.9504999574128901,0.9040540367534575,,,,,0,,0.1435742883215347,1,ai_phishing+account_takeover,social_engineering+access,text_generation+credential_stuffing_automation,0.911,True,synthetic
TXN369669266272,U1416555,2026-08-18 21:09:06,627.99,USD,p2p_transfer,prepaid_card,MID955049,6011,ATM / Cash Disbursement,0.384,DEV24419950,mac_desktop,0.18074612041761362,RU,JP,True,21,False,106.96643218106996,6,3,13.69,842,in_branch,basic_document,near_prime,45.87,279,2,1,0.36675601005319747,0.7942199141297797,True,False,0,1,1,CLUSTER7010,2,0.336071953050586,0.7467361508945868,0.8298420314897285,,,,,0,,0.1530861441426605,1,ai_phishing+account_takeover,social_engineering+access,text_generation+credential_stuffing_automation,0.979,True,synthetic
TXN708161729898,U9125455,2026-08-26 13:09:46,609.02,USD,p2p_transfer,bank_transfer,MID762254,5311,Department Stores,0.351,DEV44855489,android_mobile,0.020545692775110314,BD,NL,True,13,False,111.27966651354859,8,2,10.66,249,mobile_app_remote,basic_document,near_prime,57.14,90,2,0,0.14770482179750896,0.8503614859690094,True,True,0,1,2,CLUSTER8002,3,0.9583892711137703,0.7431676725751142,0.8258895876462359,,,,,0,,0.05745983122098144,1,ai_phishing+account_takeover,social_engineering+access,text_generation+credential_stuffing_automation,0.932,True,synthetic
TXN791068614464,U2768878,2026-07-28 20:31:03,177.9,USD,card_not_present_online,digital_wallet,MID926973,4829,Money Transfer,0.059,DEV16891398,ios_mobile,0.07106328920910616,EG,DE,True,20,False,450.9115274526516,2,1,28.19,488,mobile_app_remote,video_verified,thin_file,20.56,44,2,0,0.6994482657634398,0.77780777130272,True,False,0,1,1,CLUSTER6415,3,0.2572501590121301,0.8364124011789935,0.8670380293797636,,,,,0,,0.1941908080466252,1,ai_phishing+account_takeover,social_engineering+access,text_generation+credential_stuffing_automation,0.948,True,synthetic
TXN593274817800,U7571184,2026-08-03 15:53:00,498.08,USD,card_not_present_online,credit_card,MID800407,8299,Educational Services,0.067,DEV66002026,mac_desktop,0.13125746869155094,NG,SE,True,15,False,261.5300269207379,4,1,11.84,595,in_branch,unverified,subprime,42.07,111,1,0,0.15174195990683642,0.9132885047234212,False,False,0,1,1,CLUSTER5902,3,1.3062492885653416,0.7045393828193794,0.7627523241081838,,,,,0,,0.23878777706017407,1,ai_phishing+account_takeover,social_engineering+access,text_generation+credential_stuffing_automation,0.9,True,synthetic
TXN225278541556,U7005274,2026-08-23 11:32:56,354.5,USD,p2p_transfer,prepaid_card,MID831407,4722,Travel Agencies,0.298,DEV93005010,mac_desktop,0.14396529466903057,NG,JP,True,11,False,272.27190356602125,3,2,5.98,311,web_remote,basic_document,thin_file,59.32,12,2,0,0.206622125833327,0.8244398350946959,False,False,0,1,2,CLUSTER4670,2,1.0189806728960171,0.8294320158753952,0.8777796672848042,,,,,0,,0.17274210266286272,1,ai_phishing+account_takeover,social_engineering+access,text_generation+credential_stuffing_automation,0.849,True,synthetic
TXN700805475968,U2259371,2026-06-19 03:54:29,256.09,USD,card_not_present_online,digital_wallet,MID704240,5999,Misc Retail,0.043,DEV89559984,ios_mobile,0.17032458365851819,EG,JP,True,3,False,556.136245000384,5,0,37.94,765,mobile_app_remote,unverified,subprime,16.3,261,1,1,0.728215551121757,0.9708209630124593,True,False,0,1,2,CLUSTER5866,3,0.8155765149773985,0.8993817438148406,0.8006293857883872,,,,,0,,0.11204677003677672,1,ai_phishing+account_takeover,social_engineering+access,text_generation+credential_stuffing_automation,0.949,True,synthetic
TXN280847669862,U7056831,2026-07-12 01:58:10,327.42,USD,card_not_present_online,upi,MID312587,5967,Direct Marketing / Adult,0.172,DEV89212765,linux_desktop,0.065384860696417,VN,SG,True,1,False,446.61284710558914,4,1,3.36,372,mobile_app_remote,video_verified,near_prime,97.36,215,1,0,0.11143451268664481,0.9332745885174293,True,False,0,1,1,CLUSTER1851,1,0.520254643584755,0.8510567830952128,0.8647544100293917,,,,,0,,0.06694493018736511,1,ai_phishing+account_takeover,social_engineering+access,text_generation+credential_stuffing_automation,0.859,True,synthetic
TXN557941638189,U9213396,2026-06-11 06:52:38,1126.44,USD,p2p_transfer,bank_transfer,MID239015,5921,Liquor Stores,0.038,DEV96221603,android_mobile,0.16290391034551768,NG,US,True,6,True,49.53078925466529,4,1,112.64,860,web_remote,unverified,near_prime,9.92,118,2,1,0.22032343594703802,0.7914390947223379,True,False,0,1,2,CLUSTER2713,2,1.4468437899346436,0.7613080833037446,0.7522440888791303,,,,,0,,0.19334573039865455,1,ai_phishing+account_takeover,social_engineering+access,text_generation+credential_stuffing_automation,0.917,True,synthetic
TXN808634668181,U4263103,2026-06-17 22:10:09,244.42,USD,card_not_present_online,credit_card,MID622732,4111,Transit / Transportation,0.279,DEV48024290,android_mobile,0.14419579362038726,RU,AU,True,22,False,459.3386878342246,8,2,18.63,740,agent_assisted,unverified,subprime,13.12,161,1,1,0.1889867193199736,0.8352585656768285,False,True,0,1,2,CLUSTER9303,3,0.12907535637410883,0.7200632306461839,0.9405620943437136,,,,,0,,0.07450602754678715,1,ai_phishing+account_takeover,social_engineering+access,text_generation+credential_stuffing_automation,0.936,True,synthetic
TXN717181413053,U4165850,2026-07-29 10:20:08,279.33,USD,p2p_transfer,credit_card,MID540329,5921,Liquor Stores,0.288,DEV86169847,android_mobile,0.19088717613877546,EG,SE,True,10,False,452.1473858421584,2,1,4.55,576,mobile_app_remote,in_branch_verified,thin_file,61.36,174,1,1,0.14151391143038267,0.7568330078285841,True,False,0,1,1,CLUSTER1013,1,2.775557061428106,0.7160781232110788,0.8026534213952746,,,,,0,,0.22717189579237487,1,ai_phishing+account_takeover,social_engineering+access,text_generation+credential_stuffing_automation,0.907,True,synthetic
TXN903407840268,U9547969,2026-08-22 20:28:00,102.91,USD,p2p_transfer,debit_card,MID179671,6011,ATM / Cash Disbursement,0.322,DEV94523566,linux_desktop,0.05972731810841346,RU,GB,True,20,False,481.77710368072906,3,3,7.53,801,mobile_app_remote,unverified,near_prime,47.52,109,2,0,0.6429374477915768,0.9710821997851802,False,False,0,1,1,CLUSTER3632,3,2.368962602331328,0.7856742427268346,0.7664234767818714,,,,,0,,0.28131775366881606,1,ai_phishing+account_takeover,social_engineering+access,text_generation+credential_stuffing_automation,0.895,True,synthetic
TXN390448630653,U5629649,2026-06-01 13:48:34,112.47,USD,p2p_transfer,prepaid_card,MID548281,4111,Transit / Transportation,0.322,DEV36335213,windows_desktop,0.15287119048413522,BD,NL,True,13,False,371.39209121215015,6,0,9.18,738,agent_assisted,in_branch_verified,near_prime,42.49,64,1,0,0.8003400188292098,0.7622895370666356,True,False,0,1,2,CLUSTER6873,1,2.136362267093433,0.8542201354289335,0.9163896649783252,,,,,0,,0.19248439961635802,1,ai_phishing+account_takeover,social_engineering+access,text_generation+credential_stuffing_automation,0.928,True,synthetic
TXN755852922499,U6628445,2026-08-24 12:59:35,190.2,USD,p2p_transfer,bank_transfer,MID934240,6011,ATM / Cash Disbursement,0.125,DEV20885465,ios_mobile,0.09902454600335836,VN,GB,True,12,False,457.46570525440944,4,1,2.51,542,web_remote,basic_document,subprime,27.68,275,2,1,0.7820944055947856,0.732510775412372,False,False,0,1,2,CLUSTER4758,2,1.5654628096318364,0.7105688731097707,0.9702249722163392,,,,,0,,0.07482877722467596,1,ai_phishing+account_takeover,social_engineering+access,text_generation+credential_stuffing_automation,0.874,True,synthetic
TXN180330636403,U1756061,2026-06-01 05:49:28,350.5,USD,card_not_present_online,credit_card,MID375061,5311,Department Stores,0.087,DEV22051850,ios_mobile,0.1453021745153095,VN,AU,True,5,False,309.6770936873248,8,0,3.22,424,mobile_app_remote,unverified,subprime,56.98,265,2,0,0.5551084444371216,0.7385100332427609,True,False,0,1,2,CLUSTER2275,3,1.8932563217818732,0.7950020847121387,0.971479758926614,,,,,0,,0.28195860087552865,1,ai_phishing+account_takeover,social_engineering+access,text_generation+credential_stuffing_automation,0.957,True,synthetic
TXN472198293373,U6328916,2026-06-14 07:48:33,309.66,USD,p2p_transfer,credit_card,MID928902,6300,Insurance,0.077,DEV11353397,ios_mobile,0.14595028392167236,ID,JP,True,7,False,457.72102461002515,6,2,16.46,106,in_branch,video_verified,super_prime,27.92,76,1,0,0.8421966357701325,0.8430946551060549,True,False,0,1,2,CLUSTER7609,2,2.6984195015303176,0.7455559537041789,0.7720014205655344,,,,,0,,0.14135533675596657,1,ai_phishing+account_takeover,social_engineering+access,text_generation+credential_stuffing_automation,0.855,True,synthetic
TXN648855592438,U0221604,2026-08-09 15:13:11,462.69,USD,card_not_present_online,bank_transfer,MID282873,5999,Misc Retail,0.09,DEV49345790,windows_desktop,0.02121370462615158,NG,NL,True,15,True,245.10121418942506,2,0,2.8,154,in_branch,unverified,near_prime,165.01,180,1,0,0.26679403353900166,0.7752098532151219,True,False,0,1,2,CLUSTER5036,3,0.6865898065919797,0.9692709363484651,0.8311628140109596,,,,,0,,0.022159912462262264,1,ai_phishing+account_takeover,social_engineering+access,text_generation+credential_stuffing_automation,0.945,True,synthetic
TXN335199981266,U2322658,2026-07-23 20:12:30,784.63,USD,card_not_present_online,prepaid_card,MID120135,6051,Crypto / Digital Currency,0.121,DEV18296584,ios_mobile,0.06308232714192148,PK,JP,True,20,True,374.7823267967507,7,1,28.17,95,web_remote,in_branch_verified,subprime,27.85,7,1,1,0.27377591196068335,0.9111556657946897,False,False,0,1,2,CLUSTER9214,1,2.185588580620977,0.9002456689673612,0.8651400041701507,,,,,0,,0.2139527266530182,1,ai_phishing+account_takeover,social_engineering+access,text_generation+credential_stuffing_automation,0.871,True,synthetic
TXN627683806354,U4878254,2026-08-16 14:10:37,174.08,USD,p2p_transfer,digital_wallet,MID512305,8299,Educational Services,0.314,DEV84255016,linux_desktop,0.11369827099448691,BD,NL,True,14,True,125.32792892079951,2,1,7.17,123,agent_assisted,unverified,subprime,24.28,221,1,0,0.12467224199390266,0.8245030796267644,True,False,0,1,1,CLUSTER3141,2,2.4032241438301125,0.9388021738395209,0.8094712411616549,,,,,0,,0.024319490071054283,1,ai_phishing+account_takeover,social_engineering+access,text_generation+credential_stuffing_automation,0.929,True,synthetic
TXN158033204813,U2459007,2026-07-21 07:04:37,78.02,USD,card_not_present_online,credit_card,MID159062,8011,Healthcare,0.205,DEV41134145,mac_desktop,0.16299314801704357,RU,NL,True,7,False,156.46660280345688,4,3,5.77,133,in_branch,unverified,near_prime,62.15,87,2,0,0.589468314652576,0.8817651748508409,True,False,0,1,1,CLUSTER9214,1,0.29188925667512844,0.9669924506154539,0.9487365651846169,,,,,0,,0.11904362738631946,1,ai_phishing+account_takeover,social_engineering+access,text_generation+credential_stuffing_automation,0.914,True,synthetic
TXN616242970186,U2995408,2026-06-29 01:01:10,775.77,USD,card_not_present_online,upi,MID419468,5691,Apparel,0.221,DEV67980495,mac_desktop,0.15349004011061693,BD,SG,True,1,False,511.65256029018167,8,2,1.76,257,web_remote,unverified,prime,42.21,200,2,1,0.7272779431531463,0.8343545798196443,True,False,0,1,1,CLUSTER2472,2,2.6636914705501455,0.8322256915267414,0.9501090450732267,,,,,0,,0.22107766350738228,1,ai_phishing+account_takeover,social_engineering+access,text_generation+credential_stuffing_automation,0.907,True,synthetic
TXN492727074988,U2248689,2026-06-03 17:31:52,711.64,USD,card_not_present_online,debit_card,MID994515,5661,Shoe Stores,0.148,DEV24456313,linux_desktop,0.18810577811262383,PK,SE,True,17,True,596.8095143869729,7,0,10.73,233,web_remote,video_verified,near_prime,66.3,222,2,0,0.3698644234039622,0.9229312490691063,True,False,0,1,2,CLUSTER5181,1,2.1724367282634893,0.7298847637698778,0.7548864346054084,,,,,0,,0.04476621570116157,1,ai_phishing+account_takeover,social_engineering+access,text_generation+credential_stuffing_automation,0.933,True,synthetic
TXN357730844261,U6828651,2026-08-26 15:55:35,180.77,USD,card_not_present_online,digital_wallet,MID849315,5541,Fuel / Gas Stations,0.151,DEV71416209,ios_mobile,0.16802989331747342,PK,JP,True,15,False,256.72691952539924,5,1,0.68,798,web_remote,unverified,thin_file,264.91,19,1,1,0.2319730114097136,0.8772069329971871,True,True,0,1,2,CLUSTER4465,2,1.8366688165290772,0.8934572184919867,0.9285808299846962,,,,,0,,0.2310840892062787,1,ai_phishing+account_takeover,social_engineering+access,text_generation+credential_stuffing_automation,0.859,True,synthetic
TXN165380675886,U2782666,2026-08-05 02:28:51,88.68,USD,p2p_transfer,bank_transfer,MID142993,8011,Healthcare,0.042,DEV30943122,windows_desktop,0.06034158901807592,VN,SG,True,2,True,289.6858816730204,4,1,9.47,759,api_partner_onboarding,unverified,super_prime,26.88,105,2,0,0.8178769384096582,0.7857505012959182,True,False,0,1,2,CLUSTER1109,2,1.9244725598862154,0.8493737979170499,0.9898321797222591,,,,,0,,0.0790598399089943,1,ai_phishing+account_takeover,social_engineering+access,text_generation+credential_stuffing_automation,0.889,True,synthetic
TXN146195066407,U2780424,2026-06-09 19:45:17,246.82,USD,card_not_present_online,digital_wallet,MID508879,6051,Crypto / Digital Currency,0.258,DEV81534449,linux_desktop,0.1820564017280428,BD,AU,True,19,False,350.6403253335448,4,1,6.7,321,mobile_app_remote,video_verified,near_prime,41.65,15,1,0,0.7312684989793449,0.9756818410788726,True,True,0,1,2,CLUSTER4671,2,2.5945689498061912,0.9058135979743642,0.8564849345128138,,,,,0,,0.12877207759575657,1,ai_phishing+account_takeover,social_engineering+access,text_generation+credential_stuffing_automation,0.943,True,synthetic
TXN153664982399,U9151276,2026-08-27 05:59:25,253.27,USD,p2p_transfer,debit_card,MID169242,4899,Cable / Streaming Services,0.248,DEV70338018,android_mobile,0.17551921732610642,RU,NL,True,5,False,586.5930369405936,7,2,9.01,847,in_branch,video_verified,thin_file,22.93,128,2,0,0.6478728796198912,0.7454474595040306,True,False,0,1,1,CLUSTER5273,1,1.3183332706422086,0.8915316673376754,0.9508166196342975,,,,,0,,0.2759841315257661,1,ai_phishing+account_takeover,social_engineering+access,text_generation+credential_stuffing_automation,0.879,True,synthetic
TXN886764977513,U7613741,2026-06-09 00:30:59,378.27,USD,p2p_transfer,prepaid_card,MID105302,6051,Crypto / Digital Currency,0.13,DEV33117489,windows_desktop,0.1992929435278752,BD,SG,True,0,False,302.0439979399959,5,0,12.06,87,agent_assisted,in_branch_verified,prime,27.45,273,2,1,0.6560297181091337,0.7142219045923468,True,False,0,1,2,CLUSTER5002,3,0.19960374661842684,0.8676808707786222,0.9619672540455928,,,,,0,,0.1271518313333773,1,ai_phishing+account_takeover,social_engineering+access,text_generation+credential_stuffing_automation,0.908,True,synthetic
TXN337342604875,U0238014,2026-08-07 09:59:51,184.29,USD,p2p_transfer,digital_wallet,MID148918,5941,Sporting Goods,0.19,DEV86767546,mac_desktop,0.13213378569220985,VN,CA,True,9,True,476.50199830776234,4,3,6.5,361,mobile_app_remote,in_branch_verified,near_prime,28.37,276,2,0,0.13664190562110062,0.7328536237860117,True,False,0,1,2,CLUSTER1352,3,2.7442814655860244,0.7358607667615741,0.8043641694896744,,,,,0,,0.15242191035426914,1,ai_phishing+account_takeover,social_engineering+access,text_generation+credential_stuffing_automation,0.954,True,synthetic
TXN831279890556,U9126480,2026-06-21 15:50:39,378.14,USD,p2p_transfer,bank_transfer,MID598809,6011,ATM / Cash Disbursement,0.099,DEV55130348,linux_desktop,0.15934380724067915,PK,SE,True,15,False,409.3945910673498,2,1,16.32,744,web_remote,in_branch_verified,thin_file,23.17,248,2,1,0.26881880031516814,0.8375377380558453,True,False,0,1,1,CLUSTER6512,3,0.30354931547032893,0.9206325400129445,0.8044667333233357,,,,,0,,0.2615314022269376,1,ai_phishing+account_takeover,social_engineering+access,text_generation+credential_stuffing_automation,0.971,True,synthetic
TXN471867935966,U9675215,2026-06-19 15:58:26,273.18,USD,p2p_transfer,digital_wallet,MID459319,5812,Restaurants,0.117,DEV43692002,android_mobile,0.09103413571912627,RU,SG,True,15,False,464.3983966618437,5,1,27.32,376,mobile_app_remote,unverified,prime,7.98,115,2,0,0.23913815886131834,0.7187205698493622,True,False,0,1,2,CLUSTER9495,1,0.2979195615630056,0.8652845253479367,0.7836251984468523,,,,,0,,0.24594933259432653,1,ai_phishing+account_takeover,social_engineering+access,text_generation+credential_stuffing_automation,0.922,True,synthetic
TXN744080263274,U7771521,2026-07-09 18:10:04,126.48,USD,card_not_present_online,credit_card,MID595631,8011,Healthcare,0.247,DEV36097988,ios_mobile,0.1641275915491828,ID,NL,True,18,False,185.87560705167866,7,3,55.95,482,agent_assisted,video_verified,prime,13.43,211,2,0,0.7842745847440393,0.8905306457111932,True,False,0,1,2,CLUSTER3083,2,1.4577288221111195,0.7943234003468902,0.7598586412041161,,,,,0,,0.2913158919009399,1,ai_phishing+account_takeover,social_engineering+access,text_generation+credential_stuffing_automation,0.867,True,synthetic
TXN906767431477,U2146886,2026-08-28 04:14:21,201.29,USD,p2p_transfer,upi,MID311003,6051,Crypto / Digital Currency,0.275,DEV72957258,ios_mobile,0.198500106606566,ID,SG,True,4,False,425.36412039272966,6,2,4.13,805,mobile_app_remote,video_verified,thin_file,48.73,240,1,1,0.31983776080149207,0.8051285456724953,True,False,0,1,2,CLUSTER1262,2,1.0829744775967738,0.8723273397303599,0.7780365820497259,,,,,0,,0.20194871577635337,1,ai_phishing+account_takeover,social_engineering+access,text_generation+credential_stuffing_automation,0.922,True,synthetic
TXN288336494094,U8739186,2026-06-28 15:08:11,137.91,USD,card_not_present_online,digital_wallet,MID274421,5921,Liquor Stores,0.312,DEV23760705,mac_desktop,0.06502387831806479,EG,SE,True,15,True,403.4527961294907,4,1,11.38,732,api_partner_onboarding,in_branch_verified,prime,33.65,60,1,0,0.6503284858308,0.9066047887513358,True,False,0,1,2,CLUSTER1630,1,1.0074802861843755,0.8682325014165888,0.8045083642771574,,,,,0,,0.15320133900392754,1,ai_phishing+account_takeover,social_engineering+access,text_generation+credential_stuffing_automation,0.94,True,synthetic
TXN544254786006,U5858054,2026-07-13 10:36:27,343.53,USD,card_not_present_online,debit_card,MID640201,4722,Travel Agencies,0.169,DEV17478932,mac_desktop,0.13462550929340808,VN,AU,True,10,False,199.26570772988293,5,0,11.11,265,agent_assisted,video_verified,near_prime,30.92,26,1,0,0.2321605924421433,0.9366156383056661,True,False,0,1,1,CLUSTER4152,3,1.1165386167410725,0.8278044851840447,0.9092825442113841,,,,,0,,0.18417043611595457,1,ai_phishing+account_takeover,social_engineering+access,text_generation+credential_stuffing_automation,0.954,True,synthetic
TXN783527179974,U1458803,2026-08-19 11:52:57,371.89,USD,card_not_present_online,digital_wallet,MID159313,5941,Sporting Goods,0.131,DEV33431719,windows_desktop,0.08073217960362161,VN,SG,True,11,False,216.47094681080227,8,0,4.6,356,in_branch,in_branch_verified,subprime,80.82,78,1,2,0.12769490842715003,0.9031602133883054,True,False,0,1,1,CLUSTER5549,3,0.9887038569578315,0.7143355733447263,0.9763124154238775,,,,,0,,0.0553739174580683,1,ai_phishing+account_takeover,social_engineering+access,text_generation+credential_stuffing_automation,0.889,True,synthetic
TXN915675966136,U8947055,2026-07-14 14:20:20,285.21,USD,card_not_present_online,credit_card,MID994784,5812,Restaurants,0.23,DEV85702798,android_mobile,0.03949878050332345,RU,DE,True,14,True,184.99678411816814,5,1,24.9,82,api_partner_onboarding,unverified,near_prime,29.37,42,1,0,0.6889314181816631,0.7660073585552776,True,False,0,1,2,CLUSTER2137,3,0.715472258886604,0.9311129181624987,0.861332457469245,,,,,0,,0.07660821230862642,1,ai_phishing+account_takeover,social_engineering+access,text_generation+credential_stuffing_automation,0.979,True,synthetic
TXN764571066694,U3174378,2026-06-27 07:42:07,106.53,USD,p2p_transfer,bank_transfer,MID854040,5941,Sporting Goods,0.367,DEV17719716,ios_mobile,0.08736036374092668,BD,US,True,7,False,354.61047994419954,6,1,38.33,456,api_partner_onboarding,video_verified,prime,13.88,87,1,0,0.5554899921611289,0.850165426629833,True,True,0,1,1,CLUSTER4524,1,2.9690838434663163,0.8118988750128484,0.9305856015940003,,,,,0,,0.05109175867018355,1,ai_phishing+account_takeover,social_engineering+access,text_generation+credential_stuffing_automation,0.962,True,synthetic
TXN600113362826,U1510902,2026-08-09 03:49:51,161.62,USD,card_not_present_online,credit_card,MID729856,8299,Educational Services,0.217,DEV84144988,ios_mobile,0.12009214702925401,RU,SE,True,3,False,507.4354467417772,6,0,4.39,401,in_branch,unverified,near_prime,36.82,15,1,1,0.1573823996529159,0.8922816935434806,False,False,0,1,1,CLUSTER4148,1,1.4866270479314907,0.7198945339638225,0.7560394151609726,,,,,0,,0.2667364574006173,1,ai_phishing+account_takeover,social_engineering+access,text_generation+credential_stuffing_automation,0.967,True,synthetic
TXN652382277602,U6054871,2026-06-06 02:23:39,168.93,USD,card_not_present_online,upi,MID881162,4722,Travel Agencies,0.159,DEV84223949,windows_desktop,0.14564497443620222,BD,GB,True,2,False,71.94391561257626,4,1,7.91,802,agent_assisted,unverified,subprime,21.37,24,2,1,0.19633129757606338,0.8908458536210604,True,False,0,1,1,CLUSTER6665,3,2.1242059432940374,0.7970212883366043,0.8267534765644933,,,,,0,,0.09178180956209404,1,ai_phishing+account_takeover,social_engineering+access,text_generation+credential_stuffing_automation,0.941,True,synthetic
TXN478457621066,U0458952,2026-08-19 06:45:33,248.49,USD,p2p_transfer,prepaid_card,MID520045,4111,Transit / Transportation,0.047,DEV45582338,linux_desktop,0.1064461776835547,EG,GB,True,6,False,105.87735919589632,7,1,18.75,510,web_remote,video_verified,thin_file,13.25,22,1,0,0.298396232533384,0.8141453997569921,False,False,0,1,1,CLUSTER1216,2,0.5706458534199271,0.7733565684466164,0.7549874281901424,,,,,0,,0.06782965426512592,1,ai_phishing+account_takeover,social_engineering+access,text_generation+credential_stuffing_automation,0.913,True,synthetic
TXN125971976510,U9282692,2026-06-24 05:19:41,292.99,USD,card_not_present_online,debit_card,MID587629,7011,Hotels / Lodging,0.272,DEV73705160,windows_desktop,0.09503457346058256,PK,GB,True,5,False,346.3943482634131,6,2,6.98,115,api_partner_onboarding,unverified,super_prime,42.0,271,1,0,0.11748194439018583,0.9386619071945331,False,False,0,1,2,CLUSTER7948,3,2.3909672894688523,0.794248893877966,0.788678713710397,,,,,0,,0.22452342256650484,1,ai_phishing+account_takeover,social_engineering+access,text_generation+credential_stuffing_automation,0.902,True,synthetic
TXN897934615469,U7555737,2026-06-25 20:43:41,157.74,USD,p2p_transfer,digital_wallet,MID994610,8011,Healthcare,0.115,DEV80383136,mac_desktop,0.18938918257725856,RU,SE,True,20,False,574.1113661374932,6,2,8.06,675,api_partner_onboarding,video_verified,near_prime,63.44,137,1,0,0.7532973230264894,0.7823523036735238,True,False,0,1,2,CLUSTER4950,2,1.8518849255472978,0.8282655842685209,0.7998361817315921,,,,,0,,0.28379322033343646,1,ai_phishing+account_takeover,social_engineering+access,text_generation+credential_stuffing_automation,0.916,True,synthetic
TXN237834606070,U4078027,2026-07-15 00:57:44,136.8,USD,p2p_transfer,bank_transfer,MID772344,6012,Financial Institutions - Merchandise/Services,0.08,DEV33228732,mac_desktop,0.13396038542700758,BD,GB,True,0,False,547.0631444334234,3,0,5.64,679,mobile_app_remote,basic_document,near_prime,95.8,295,2,0,0.5727513088009337,0.8441263494979709,True,False,0,1,2,CLUSTER6474,3,0.8662086274665247,0.9479645009498039,0.8614473511471793,,,,,0,,0.11202653708732274,1,ai_phishing+account_takeover,social_engineering+access,text_generation+credential_stuffing_automation,0.945,True,synthetic
TXN244194429557,U9240519,2026-06-07 13:12:40,412.02,USD,p2p_transfer,prepaid_card,MID795026,4899,Cable / Streaming Services,0.145,DEV54942571,android_mobile,0.044264013137390305,EG,CA,True,13,False,472.4245511195882,8,1,38.58,526,mobile_app_remote,basic_document,subprime,12.84,246,1,1,0.687952995370613,0.7533937322231697,True,False,0,1,1,CLUSTER9612,1,2.217530998387906,0.9620915838560711,0.7772051969263306,,,,,0,,0.14669518637860218,1,ai_phishing+account_takeover,social_engineering+access,text_generation+credential_stuffing_automation,0.945,True,synthetic
TXN872465167109,U4271923,2026-08-11 06:32:23,381.98,USD,card_not_present_online,credit_card,MID922870,5732,Electronics Stores,0.106,DEV36769377,mac_desktop,0.04079170592119481,EG,JP,True,6,True,534.5541128566911,3,1,23.71,852,in_branch,unverified,near_prime,16.11,146,2,0,0.10366510796873868,0.7129980479936193,False,False,0,1,1,CLUSTER7142,3,0.3130046702700179,0.7040746112040662,0.9723989985746136,,,,,0,,0.15028612922533421,1,ai_phishing+account_takeover,social_engineering+access,text_generation+credential_stuffing_automation,0.969,True,synthetic
TXN630961986046,U9736217,2026-06-30 21:58:25,155.57,USD,card_not_present_online,bank_transfer,MID523186,7011,Hotels / Lodging,0.224,DEV23041180,android_mobile,0.04234087862078084,ID,AU,True,21,True,162.1969536333972,6,1,21.25,316,web_remote,basic_document,thin_file,26.84,162,1,2,0.5727827326237808,0.8026147567203211,True,True,0,1,2,CLUSTER4511,3,1.1990209636237963,0.8358222882113888,0.7911782825891723,,,,,0,,0.16144680591203442,1,ai_phishing+account_takeover,social_engineering+access,text_generation+credential_stuffing_automation,0.945,True,synthetic
TXN245545232176,U1771543,2026-06-26 05:27:36,507.38,USD,card_not_present_online,upi,MID840969,5999,Misc Retail,0.19,DEV74480823,windows_desktop,0.11797191597356348,VN,GB,True,5,False,66.64129513156021,2,1,2.64,321,web_remote,basic_document,prime,94.32,19,1,1,0.6563001300181069,0.8172207580666786,True,True,0,1,1,CLUSTER2657,1,2.849424977391987,0.8512112624560312,0.8792869803104725,,,,,0,,0.06842251520884192,1,ai_phishing+account_takeover,social_engineering+access,text_generation+credential_stuffing_automation,0.858,True,synthetic
TXN896889576817,U7864552,2026-08-04 22:57:46,294.52,USD,card_not_present_online,credit_card,MID481578,4829,Money Transfer,0.199,DEV69192347,android_mobile,0.08476937655338242,BD,DE,True,22,False,128.60220031992472,5,0,2.52,65,api_partner_onboarding,video_verified,near_prime,116.92,121,2,0,0.19909668344259873,0.7133816377564525,True,True,0,1,2,CLUSTER6665,3,2.621936978808818,0.7699611809211713,0.9110555690602812,,,,,0,,0.05252958028388025,1,ai_phishing+account_takeover,social_engineering+access,text_generation+credential_stuffing_automation,0.825,True,synthetic
TXN170960837486,U3767322,2026-06-30 01:22:35,152.85,USD,card_not_present_online,prepaid_card,MID961750,5967,Direct Marketing / Adult,0.177,DEV18694423,android_mobile,0.055509059064184865,BD,AU,True,1,True,372.22194042256814,3,1,20.93,241,api_partner_onboarding,in_branch_verified,near_prime,26.74,135,2,0,0.7291206292544157,0.9368742178350011,False,False,0,1,2,CLUSTER9569,3,2.591376373675965,0.7310165244826489,0.7808175000677271,,,,,0,,0.11851530939024799,1,ai_phishing+account_takeover,social_engineering+access,text_generation+credential_stuffing_automation,0.979,True,synthetic
TXN263305703594,U1403725,2026-06-08 04:51:44,295.82,USD,p2p_transfer,debit_card,MID355061,4111,Transit / Transportation,0.108,DEV46494036,ios_mobile,0.1377590470580995,VN,GB,True,4,True,409.2874272245446,3,0,16.05,614,agent_assisted,in_branch_verified,near_prime,27.26,124,2,1,0.7295300424983365,0.7131510387371378,True,True,0,1,1,CLUSTER7307,1,1.0021046968861715,0.7668233544630735,0.9114452910233083,,,,,0,,0.1971050988256497,1,ai_phishing+account_takeover,social_engineering+access,text_generation+credential_stuffing_automation,0.933,True,synthetic
TXN659451434821,U8605410,2026-06-07 12:59:54,429.1,USD,card_not_present_online,prepaid_card,MID459761,5732,Electronics Stores,0.186,DEV27543782,windows_desktop,0.16295221249158803,EG,SG,True,12,False,322.28398074503747,7,1,18.32,84,agent_assisted,basic_document,subprime,23.42,202,1,0,0.17025681833824247,0.7530989006391794,True,False,0,1,1,CLUSTER6187,3,2.392576049896646,0.7659723595475965,0.9698529505464613,,,,,0,,0.23866118797719357,1,ai_phishing+account_takeover,social_engineering+access,text_generation+credential_stuffing_automation,0.945,True,synthetic
TXN762304106698,U2839658,2026-08-18 04:21:43,111.25,USD,p2p_transfer,bank_transfer,MID904736,5999,Misc Retail,0.064,DEV24420494,mac_desktop,0.06170786812856682,PK,GB,True,4,False,555.567199688308,5,0,1.4,410,agent_assisted,unverified,prime,79.3,36,1,1,0.16017178393466125,0.7158434713343246,True,False,0,1,1,CLUSTER8220,2,1.0808072965585431,0.8277205819253111,0.9009252227057682,,,,,0,,0.18807581613530497,1,ai_phishing+account_takeover,social_engineering+access,text_generation+credential_stuffing_automation,0.981,True,synthetic
TXN769544481015,U4018869,2026-06-07 03:47:30,158.28,USD,card_not_present_online,bank_transfer,MID259479,7995,Betting / Gambling,0.257,DEV98910975,mac_desktop,0.04583070987400188,ID,CA,True,3,True,134.71003156804957,2,0,12.34,559,api_partner_onboarding,in_branch_verified,super_prime,44.02,85,2,0,0.5949917791715158,0.9762614215023984,True,False,0,1,2,CLUSTER7173,1,2.1095959901975223,0.7162370104039854,0.8495862696212115,,,,,0,,0.18442135813201535,1,ai_phishing+account_takeover,social_engineering+access,text_generation+credential_stuffing_automation,0.91,True,synthetic
TXN930575551861,U7763121,2026-07-30 19:37:22,157.45,USD,card_not_present_online,bank_transfer,MID580554,7995,Betting / Gambling,0.034,DEV18376635,mac_desktop,0.1284325349138582,ID,US,True,19,True,188.43635442153666,8,2,8.05,161,web_remote,in_branch_verified,subprime,19.57,19,2,1,0.29928007568061704,0.8008280509393513,True,False,0,1,1,CLUSTER6595,3,2.642318795580036,0.8724834416512457,0.8541800307736682,,,,,0,,0.2422106048634093,1,ai_phishing+account_takeover,social_engineering+access,text_generation+credential_stuffing_automation,0.886,True,synthetic
TXN977753363656,U5715196,2026-08-17 05:20:58,267.07,USD,p2p_transfer,prepaid_card,MID393450,4722,Travel Agencies,0.364,DEV60470543,windows_desktop,0.04099954659352606,PK,DE,True,5,True,547.0489702858433,8,1,11.53,398,web_remote,basic_document,near_prime,23.17,139,1,0,0.3516673827159852,0.7305639849370492,True,False,0,1,1,CLUSTER1487,3,0.017723809116634626,0.9337070419480142,0.8367372629332425,,,,,0,,0.2571917792322236,1,ai_phishing+account_takeover,social_engineering+access,text_generation+credential_stuffing_automation,0.978,True,synthetic
TXN938064547967,U3807206,2026-06-06 07:23:05,568.58,USD,card_not_present_online,digital_wallet,MID914630,5541,Fuel / Gas Stations,0.214,DEV52617680,mac_desktop,0.12801325965814703,RU,NL,True,7,False,409.7183086930098,6,3,16.77,566,api_partner_onboarding,in_branch_verified,subprime,33.91,114,2,0,0.334791664618975,0.9206315430558952,True,False,0,1,2,CLUSTER3628,1,0.46060237061701126,0.7763861538069616,0.7532954373286769,,,,,0,,0.2400088945673216,1,ai_phishing+account_takeover,social_engineering+access,text_generation+credential_stuffing_automation,0.902,True,synthetic
TXN782712079212,U7331099,2026-08-17 04:49:03,410.6,USD,card_not_present_online,prepaid_card,MID374316,5311,Department Stores,0.052,DEV39770967,windows_desktop,0.11189993081185326,PK,SG,True,4,False,340.21547013570637,5,3,27.45,613,api_partner_onboarding,video_verified,prime,6.3,262,1,0,0.7865944798021838,0.9785868153506405,True,True,0,1,1,CLUSTER3912,3,1.702925857932666,0.8624894746634983,0.7752237395881845,,,,,0,,0.29895125926028276,1,ai_phishing+account_takeover,social_engineering+access,text_generation+credential_stuffing_automation,0.888,True,synthetic
TXN504700323389,U5213421,2026-07-06 07:15:23,187.49,USD,p2p_transfer,debit_card,MID883863,6012,Financial Institutions - Merchandise/Services,0.154,DEV90979248,windows_desktop,0.09626470420985164,EG,US,True,7,False,375.4645492140628,6,0,5.24,377,in_branch,in_branch_verified,near_prime,35.8,289,2,0,0.23389257749449685,0.8072436008018042,False,False,0,1,1,CLUSTER5947,3,0.6216349759834233,0.7660841729269958,0.8882172621467735,,,,,0,,0.14600374831458848,1,ai_phishing+account_takeover,social_engineering+access,text_generation+credential_stuffing_automation,0.905,True,synthetic
TXN385294020974,U9182479,2026-06-12 23:34:27,167.28,USD,card_not_present_online,upi,MID937688,5999,Misc Retail,0.375,DEV44879767,ios_mobile,0.09206057742575632,VN,US,True,23,False,207.88245634262202,3,2,5.35,107,web_remote,video_verified,subprime,31.28,53,2,0,0.10773454087437037,0.9593704227502822,True,True,0,1,2,CLUSTER4404,2,1.710082144589348,0.960963957419745,0.9299761832035346,,,,,0,,0.03688355719687003,1,ai_phishing+account_takeover,social_engineering+access,text_generation+credential_stuffing_automation,0.858,True,synthetic
TXN210124882989,U1194946,2026-07-26 04:08:28,716.51,USD,card_not_present_online,bank_transfer,MID201343,5311,Department Stores,0.13,DEV86581960,mac_desktop,0.18630056742767448,RU,JP,True,4,False,464.6910371636051,2,0,22.89,702,agent_assisted,video_verified,thin_file,31.3,154,2,0,0.33329655821604587,0.7956603001567272,False,False,1,1,1,CLUSTER1005,2,2.962387905071509,0.7677695766176243,0.7721909357062694,,,,,0,,0.27178000563349863,1,ai_phishing+account_takeover,social_engineering+access,text_generation+credential_stuffing_automation,0.972,True,synthetic
TXN246242935249,U1964615,2026-07-18 01:20:02,882.31,USD,p2p_transfer,prepaid_card,MID473131,5941,Sporting Goods,0.41,DEV62357988,linux_desktop,0.17715095370081532,VN,SE,True,1,True,531.5238531368744,2,1,9.33,159,agent_assisted,video_verified,super_prime,94.53,200,2,0,0.32713023071917713,0.7222583505279568,True,False,0,1,2,CLUSTER2064,2,0.05049363268623186,0.735903773855596,0.7906052291828098,,,,,0,,0.05007335444599805,1,ai_phishing+account_takeover,social_engineering+access,text_generation+credential_stuffing_automation,0.948,True,synthetic
TXN273086050369,U3053330,2026-07-22 13:32:26,284.99,USD,card_not_present_online,bank_transfer,MID980851,5921,Liquor Stores,0.133,DEV74173046,ios_mobile,0.024874920474968944,ID,CA,True,13,False,107.00198146295871,3,2,17.35,704,mobile_app_remote,in_branch_verified,super_prime,16.43,265,2,0,0.15809746374583983,0.7272494167339445,True,True,0,1,2,CLUSTER7255,3,2.2711872931652572,0.9379477611470057,0.877065929525531,,,,,0,,0.060959037180349104,1,ai_phishing+account_takeover,social_engineering+access,text_generation+credential_stuffing_automation,0.978,True,synthetic
TXN841929928528,U0975302,2026-07-31 10:10:29,97.38,USD,card_not_present_online,digital_wallet,MID998915,8011,Healthcare,0.094,DEV78243015,android_mobile,0.06924036405453378,EG,NL,True,10,False,368.9355611088982,4,0,13.16,78,in_branch,unverified,super_prime,26.12,177,2,0,0.8073962585192385,0.8962802776326773,True,False,0,1,2,CLUSTER7737,1,0.34083303747012006,0.958700079314813,0.7556298058615762,,,,,0,,0.046759430179154834,1,ai_phishing+account_takeover,social_engineering+access,text_generation+credential_stuffing_automation,0.953,True,synthetic
TXN899191656943,U2776597,2026-08-12 02:21:14,254.59,USD,card_not_present_online,debit_card,MID426752,5812,Restaurants,0.467,DEV75750396,linux_desktop,0.051862856171519645,PK,NL,True,2,True,155.84258067779234,2,0,5.17,115,web_remote,video_verified,subprime,49.23,42,2,0,0.2232262800217843,0.8637532777738276,True,True,0,1,1,CLUSTER2185,2,1.3018181310635955,0.8432129944724128,0.9189522404934918,,,,,0,,0.12146689823331784,1,ai_phishing+account_takeover,social_engineering+access,text_generation+credential_stuffing_automation,0.955,True,synthetic
TXN146497436847,U1049466,2026-06-06 09:55:24,597.17,USD,p2p_transfer,digital_wallet,MID973531,5732,Electronics Stores,0.35,DEV67404925,android_mobile,0.10230552734351356,VN,SE,True,9,True,307.7310923778326,2,1,15.21,623,web_remote,unverified,near_prime,30.32,168,1,1,0.5662089576168454,0.7237056725799339,True,False,0,1,1,CLUSTER1897,2,0.4716197297626833,0.7439189557947445,0.7726768444716866,,,,,0,,0.19526976550717004,1,ai_phishing+account_takeover,social_engineering+access,text_generation+credential_stuffing_automation,0.936,True,synthetic
TXN790608006892,U6770793,2026-08-06 09:28:16,450.9,USD,p2p_transfer,upi,MID905054,5541,Fuel / Gas Stations,0.326,DEV57569678,android_mobile,0.19224113654054026,VN,CA,True,9,False,323.1754144339878,3,1,8.72,90,in_branch,in_branch_verified,subprime,36.3,107,1,0,0.6271418761721175,0.9033708947886613,True,False,0,1,1,CLUSTER3905,1,0.9144760717072267,0.7015223246793475,0.8863820284787407,,,,,0,,0.14732042684076396,1,ai_phishing+account_takeover,social_engineering+access,text_generation+credential_stuffing_automation,0.898,True,synthetic
TXN470667751442,U6820777,2026-08-02 21:08:30,863.06,USD,card_not_present_online,bank_transfer,MID497444,8011,Healthcare,0.229,DEV40366096,ios_mobile,0.025769002333220842,ID,US,True,21,False,160.8738371264713,4,0,13.03,747,in_branch,basic_document,near_prime,66.26,148,2,2,0.3081200516988787,0.8624144887118099,True,False,0,1,2,CLUSTER2145,1,0.042192080873326265,0.7335739295871366,0.802881504387272,,,,,0,,0.13232860090722262,1,ai_phishing+account_takeover,social_engineering+access,text_generation+credential_stuffing_automation,0.904,True,synthetic
TXN526219638737,U8048452,2026-07-18 02:42:32,298.67,USD,card_not_present_online,debit_card,MID775663,6012,Financial Institutions - Merchandise/Services,0.302,DEV59288407,ios_mobile,0.1311959265579481,BD,CA,True,2,True,323.61213984725424,2,1,3.17,318,api_partner_onboarding,basic_document,prime,94.13,9,2,0,0.3635545581710531,0.935572752459214,True,False,0,1,1,CLUSTER9085,2,2.720703881406401,0.7300924300160445,0.8500445468478939,,,,,0,,0.08947377354794692,1,ai_phishing+account_takeover,social_engineering+access,text_generation+credential_stuffing_automation,0.953,True,synthetic
TXN786900208978,U6400649,2026-06-06 14:22:30,427.66,USD,p2p_transfer,prepaid_card,MID344312,6012,Financial Institutions - Merchandise/Services,0.172,DEV48115786,ios_mobile,0.18738287848949448,ID,DE,True,14,False,515.0373748587704,4,1,8.43,824,web_remote,basic_document,near_prime,50.75,115,2,1,0.1809261752565049,0.8132405386378859,False,False,0,1,2,CLUSTER8011,3,2.7716266709959236,0.8350875872049863,0.8398759904187149,,,,,0,,0.02026079864549274,1,ai_phishing+account_takeover,social_engineering+access,text_generation+credential_stuffing_automation,0.89,True,synthetic
TXN623388224925,U0008811,2026-07-22 20:40:46,423.84,USD,card_not_present_online,upi,MID676137,4829,Money Transfer,0.307,DEV18415222,ios_mobile,0.10776521739700907,ID,SE,True,20,True,554.2729584536904,8,0,5.65,604,web_remote,video_verified,near_prime,59.39,257,1,0,0.729590082246617,0.8582351258534351,True,False,0,1,2,CLUSTER9567,3,2.668359508619485,0.7494493349836432,0.9858280118274517,,,,,0,,0.15406617172792061,1,ai_phishing+account_takeover,social_engineering+access,text_generation+credential_stuffing_automation,0.944,True,synthetic
TXN650760677562,U6267522,2026-06-18 17:06:29,319.96,USD,card_not_present_online,bank_transfer,MID889471,5967,Direct Marketing / Adult,0.194,DEV38969648,windows_desktop,0.10215878054539783,RU,SG,True,17,False,214.51182753994715,5,2,19.44,186,web_remote,basic_document,near_prime,16.46,115,2,0,0.11507886030454047,0.8750432968762094,True,True,0,1,2,CLUSTER9522,3,1.3521852622761696,0.8691558412692162,0.8700280720080944,,,,,0,,0.04180218847232202,1,ai_phishing+account_takeover,social_engineering+access,text_generation+credential_stuffing_automation,0.973,True,synthetic
TXN980944217705,U0536470,2026-08-26 18:22:52,211.66,USD,p2p_transfer,upi,MID895829,5311,Department Stores,0.164,DEV78358103,android_mobile,0.10697293669302876,EG,JP,True,18,False,212.02715952665622,6,0,1.37,62,in_branch,in_branch_verified,prime,154.32,69,1,0,0.28054836980156583,0.7382378638489002,True,False,0,1,1,CLUSTER7525,1,0.34433659653558835,0.9287119441587349,0.8519758850362762,,,,,0,,0.20745429475644261,1,ai_phishing+account_takeover,social_engineering+access,text_generation+credential_stuffing_automation,0.962,True,synthetic
TXN608370481550,U2117748,2026-06-01 23:53:57,651.05,USD,card_not_present_online,upi,MID743094,5541,Fuel / Gas Stations,0.097,DEV71404777,windows_desktop,0.18688170112231214,ID,NL,True,23,False,553.3588363156667,8,1,35.36,201,agent_assisted,in_branch_verified,thin_file,18.41,99,1,1,0.18153041016840693,0.8284885464994941,True,False,0,1,2,CLUSTER3842,2,2.31268445212944,0.7511664583661214,0.8875812947454396,,,,,0,,0.1128298412831349,1,ai_phishing+account_takeover,social_engineering+access,text_generation+credential_stuffing_automation,0.868,True,synthetic
TXN229933145454,U4229535,2026-06-27 17:22:22,608.01,USD,card_not_present_online,debit_card,MID795287,6011,ATM / Cash Disbursement,0.189,DEV30919618,windows_desktop,0.1824239598671683,EG,CA,True,17,True,77.89657760972212,3,1,8.67,483,mobile_app_remote,unverified,prime,70.1,183,2,0,0.17359789225739455,0.8283149804528983,True,True,0,1,2,CLUSTER4722,1,1.3259699583766889,0.8259773545889236,0.9369146437622872,,,,,0,,0.22083648091182395,1,ai_phishing+account_takeover,social_engineering+access,text_generation+credential_stuffing_automation,0.972,True,synthetic
TXN917992736071,U4364563,2026-07-25 23:48:48,116.13,USD,card_not_present_online,prepaid_card,MID286553,5999,Misc Retail,0.195,DEV43911097,ios_mobile,0.11606486387216827,BD,AU,True,23,False,115.90308308779878,7,1,24.56,250,agent_assisted,in_branch_verified,super_prime,19.62,156,2,0,0.833337508785898,0.7926197440459536,True,False,0,1,1,CLUSTER1695,1,1.623915001208629,0.7002533479168754,0.7997091705021889,,,,,0,,0.13912273399637895,1,ai_phishing+account_takeover,social_engineering+access,text_generation+credential_stuffing_automation,0.878,True,synthetic
TXN212988419955,U0416227,2026-06-27 01:03:16,420.75,USD,card_not_present_online,upi,MID952434,5311,Department Stores,0.391,DEV93517775,ios_mobile,0.18916578820674113,PK,US,True,1,False,233.3330283804713,3,1,11.14,537,api_partner_onboarding,video_verified,subprime,34.59,247,2,1,0.69053048043586,0.8297844619587353,False,False,0,1,2,CLUSTER8075,3,1.1237970368537145,0.8196743703314561,0.8000656658200064,,,,,0,,0.18795183779435215,1,ai_phishing+account_takeover,social_engineering+access,text_generation+credential_stuffing_automation,0.874,True,synthetic
TXN579306908346,U4482699,2026-08-13 17:11:12,295.47,USD,p2p_transfer,prepaid_card,MID105631,6011,ATM / Cash Disbursement,0.384,DEV16124225,linux_desktop,0.18483811980772608,BD,JP,True,17,False,282.0526062948202,4,2,11.96,469,agent_assisted,in_branch_verified,thin_file,24.71,101,2,0,0.10526262507535934,0.7138443793297977,True,False,1,1,2,CLUSTER6217,1,2.0379353936858418,0.866734947785017,0.8152434846748314,,,,,0,,0.2247175864792458,1,ai_phishing+account_takeover,social_engineering+access,text_generation+credential_stuffing_automation,0.974,True,synthetic
TXN536120580844,U2622297,2026-08-02 22:24:11,109.23,USD,card_not_present_online,upi,MID979896,5691,Apparel,0.109,DEV86360203,mac_desktop,0.057217685498165874,BD,SG,True,22,False,96.97563015360475,6,2,10.86,639,web_remote,video_verified,near_prime,24.53,291,2,0,0.5798937192148346,0.9584118933673437,True,False,0,1,1,CLUSTER6381,1,0.5544153983351728,0.9244238281044719,0.9367318825968824,,,,,0,,0.02061740816764519,1,ai_phishing+account_takeover,social_engineering+access,text_generation+credential_stuffing_automation,0.933,True,synthetic
TXN392216911929,U7269827,2026-06-18 05:05:56,1115.48,USD,p2p_transfer,digital_wallet,MID439588,4899,Cable / Streaming Services,0.125,DEV98650543,linux_desktop,0.04582329868723995,PK,CA,True,5,False,454.9560479121247,2,1,20.77,301,api_partner_onboarding,basic_document,super_prime,53.7,149,2,0,0.26361979029747096,0.8838752273783343,False,False,0,1,1,CLUSTER9112,3,2.8583901573961272,0.7158396390485433,0.9534801112635726,,,,,0,,0.20723810655274025,1,ai_phishing+account_takeover,social_engineering+access,text_generation+credential_stuffing_automation,0.966,True,synthetic
TXN452415543016,U7072450,2026-07-18 13:20:13,300.6,USD,p2p_transfer,debit_card,MID413703,5541,Fuel / Gas Stations,0.326,DEV10002706,android_mobile,0.048266025379645354,BD,SG,True,13,True,574.2285923727552,3,1,10.4,264,in_branch,basic_document,near_prime,28.89,104,1,0,0.18549360242138352,0.8536729810515122,True,True,0,1,1,CLUSTER3459,3,0.7036501163927459,0.9645953662334543,0.8304414960781574,,,,,0,,0.13525982324855484,1,ai_phishing+account_takeover,social_engineering+access,text_generation+credential_stuffing_automation,0.94,True,synthetic
TXN466117603958,U5563044,2026-08-10 04:06:38,143.03,USD,card_not_present_online,debit_card,MID597784,6300,Insurance,0.142,DEV85967641,ios_mobile,0.15226369780810417,RU,JP,True,4,False,586.1125201789433,5,1,14.95,881,in_branch,in_branch_verified,thin_file,22.38,162,1,0,0.6878374146739914,0.8320338749135324,False,False,0,1,1,CLUSTER3269,3,0.6392555636658189,0.8225000646772682,0.9037381102202654,,,,,0,,0.24583144856965503,1,ai_phishing+account_takeover,social_engineering+access,text_generation+credential_stuffing_automation,0.867,True,synthetic
TXN483410216597,U9520781,2026-06-26 20:43:27,105.09,USD,p2p_transfer,upi,MID805274,8299,Educational Services,0.156,DEV85083086,android_mobile,0.1426889427696391,RU,DE,True,20,False,504.60461052423534,6,0,5.68,439,mobile_app_remote,video_verified,subprime,70.24,142,1,0,0.5671807990297892,0.7236766829378246,True,False,0,1,2,CLUSTER8407,2,0.9080905034780921,0.8512803571442484,0.860044932705526,,,,,0,,0.2249808378972403,1,ai_phishing+account_takeover,social_engineering+access,text_generation+credential_stuffing_automation,0.931,True,synthetic
TXN831419869365,U0226130,2026-06-01 00:00:16,220.86,USD,card_not_present_online,digital_wallet,MID273780,5812,Restaurants,0.146,DEV33769184,ios_mobile,0.08827937951615795,PK,NL,True,0,True,302.81099563986936,8,0,8.9,689,api_partner_onboarding,in_branch_verified,super_prime,42.2,148,1,0,0.6690987632234754,0.8814378359772863,True,False,0,1,2,CLUSTER4688,2,2.607049436646722,0.8688286952318178,0.7799280076163031,,,,,0,,0.02015190595063889,1,ai_phishing+account_takeover,social_engineering+access,text_generation+credential_stuffing_automation,0.914,True,synthetic
TXN279108286945,U9977337,2026-07-23 19:15:01,138.96,USD,card_not_present_online,credit_card,MID255206,5964,Direct Marketing / Catalog,0.433,DEV15816815,windows_desktop,0.16275067489842496,ID,DE,True,19,False,112.83726389937097,7,1,5.77,384,agent_assisted,basic_document,prime,24.09,241,2,0,0.3086056046301798,0.9789245531898462,True,True,0,1,1,CLUSTER1311,2,1.0187968701510197,0.9302517210385854,0.9222898541675135,,,,,0,,0.2527097838435489,1,ai_phishing+account_takeover,social_engineering+access,text_generation+credential_stuffing_automation,0.973,True,synthetic
TXN628745261944,U5028555,2026-07-17 00:01:18,336.16,USD,p2p_transfer,credit_card,MID603328,5967,Direct Marketing / Adult,0.364,DEV89080056,android_mobile,0.08413026181606686,BD,AU,True,0,False,378.17614501290313,2,1,9.19,506,agent_assisted,unverified,thin_file,32.97,5,1,0,0.8115963792630865,0.9793577645417455,True,False,0,1,1,CLUSTER4664,2,1.9260384862702948,0.9318612957243589,0.8864216060139665,,,,,0,,0.05671058721027705,1,ai_phishing+account_takeover,social_engineering+access,text_generation+credential_stuffing_automation,0.936,True,synthetic
TXN411334343648,U2606360,2026-07-20 02:56:19,183.03,USD,card_not_present_online,prepaid_card,MID739099,5732,Electronics Stores,0.113,DEV40998977,windows_desktop,0.08085310731659598,ID,SE,True,2,False,323.7242708256135,7,1,21.33,625,mobile_app_remote,unverified,near_prime,13.07,34,2,1,0.8466942535923656,0.7918286275265605,False,False,0,1,1,CLUSTER6516,1,0.5329812884445232,0.866811605185407,0.9838958444842401,,,,,0,,0.1727616035009835,1,ai_phishing+account_takeover,social_engineering+access,text_generation+credential_stuffing_automation,0.935,True,synthetic
TXN149186640044,U8731439,2026-08-01 04:49:50,123.39,USD,card_not_present_online,bank_transfer,MID973158,7995,Betting / Gambling,0.321,DEV23041059,mac_desktop,0.19153877481511236,EG,AU,True,4,False,487.11799656023214,6,0,6.14,735,api_partner_onboarding,unverified,thin_file,23.31,108,2,1,0.5615280464434428,0.7838010637580856,True,False,0,1,1,CLUSTER4786,3,0.8503081819070841,0.753596098753008,0.7654227041645538,,,,,0,,0.2864188320190612,1,ai_phishing+account_takeover,social_engineering+access,text_generation+credential_stuffing_automation,0.97,True,synthetic
TXN425047266125,U4093503,2026-08-23 07:49:12,682.37,USD,p2p_transfer,bank_transfer,MID543970,5964,Direct Marketing / Catalog,0.398,DEV90099376,windows_desktop,0.023072674010615003,BD,CA,True,7,False,460.71173576505004,5,2,6.96,577,in_branch,in_branch_verified,near_prime,98.09,58,1,1,0.27773842596496867,0.7597068905017292,False,False,0,1,2,CLUSTER1542,2,2.082408712595641,0.7152709682018821,0.8947158871254275,,,,,0,,0.11591579009084137,1,ai_phishing+account_takeover,social_engineering+access,text_generation+credential_stuffing_automation,0.886,True,synthetic
TXN706781330455,U9748181,2026-07-31 01:49:57,680.99,USD,p2p_transfer,upi,MID986160,5999,Misc Retail,0.134,DEV20574090,android_mobile,0.053066256947100474,VN,SE,True,1,True,230.34674509001962,5,2,2.65,161,agent_assisted,unverified,prime,41.64,280,1,0,0.6185268187704268,0.7150718135511106,False,False,0,1,1,CLUSTER2325,1,1.9046208131242262,0.8457264022512463,0.8176743417645178,,,,,0,,0.12200617331112285,1,ai_phishing+account_takeover,social_engineering+access,text_generation+credential_stuffing_automation,0.904,True,synthetic
TXN921095543923,U5616091,2026-08-18 14:57:01,657.05,USD,p2p_transfer,digital_wallet,MID458409,4829,Money Transfer,0.187,DEV91871387,linux_desktop,0.15214746151340097,PK,NL,True,14,True,460.15261134139826,2,0,3.76,111,mobile_app_remote,unverified,prime,174.56,179,2,0,0.2396641796328142,0.8096378756564586,False,True,0,1,2,CLUSTER8212,2,0.36615217234424247,0.7127515269269298,0.8725588824532305,,,,,0,,0.09738627630119825,1,ai_phishing+account_takeover,social_engineering+access,text_generation+credential_stuffing_automation,0.937,True,synthetic
TXN281642722571,U4402631,2026-06-13 19:12:42,531.53,USD,p2p_transfer,digital_wallet,MID259282,5732,Electronics Stores,0.175,DEV92311689,ios_mobile,0.03671255751763315,ID,AU,True,19,False,320.69481686297155,6,2,10.72,723,agent_assisted,in_branch_verified,near_prime,49.59,182,1,0,0.13686978577777947,0.9070267985599392,False,False,0,1,2,CLUSTER9440,2,2.633996801912407,0.7303098609960026,0.8612614308192654,,,,,0,,0.16492696384354993,1,ai_phishing+account_takeover,social_engineering+access,text_generation+credential_stuffing_automation,0.859,True,synthetic
TXN742877382510,U7136251,2026-07-22 18:23:26,347.94,USD,p2p_transfer,digital_wallet,MID174294,4829,Money Transfer,0.127,DEV59783453,windows_desktop,0.13808288642622596,NG,SE,True,18,True,333.16610981975384,3,1,17.11,639,web_remote,video_verified,subprime,20.34,110,1,0,0.2526127210571353,0.7358160540714659,True,True,0,1,2,CLUSTER2879,1,1.6162414628696338,0.907378755402324,0.9295569012301843,,,,,0,,0.2737041729998595,1,ai_phishing+account_takeover,social_engineering+access,text_generation+credential_stuffing_automation,0.926,True,synthetic
TXN616300046159,U2297323,2026-08-08 18:11:17,243.23,USD,p2p_transfer,bank_transfer,MID824731,5967,Direct Marketing / Adult,0.258,DEV48602054,windows_desktop,0.09660286383222111,RU,SE,True,18,False,450.443677844475,6,1,6.02,270,mobile_app_remote,unverified,prime,62.21,54,1,0,0.7747330805776418,0.8836128013187823,False,False,1,1,2,CLUSTER4808,1,1.330004375812292,0.9247996393544857,0.9588121586507738,,,,,0,,0.04530689460991226,1,ai_phishing+account_takeover,social_engineering+access,text_generation+credential_stuffing_automation,0.972,True,synthetic
TXN596039071824,U0854749,2026-07-26 22:28:27,263.88,USD,p2p_transfer,bank_transfer,MID596172,6300,Insurance,0.077,DEV42367084,ios_mobile,0.03752336318256713,NG,GB,True,22,True,566.4881705370886,7,2,4.15,353,agent_assisted,video_verified,prime,63.54,274,1,0,0.1695777019331983,0.9425676386854456,False,False,0,1,1,CLUSTER6427,1,1.1974353825973156,0.902619133749796,0.9814589695107144,,,,,0,,0.12617523583340212,1,ai_phishing+account_takeover,social_engineering+access,text_generation+credential_stuffing_automation,0.928,True,synthetic
TXN606513769435,U0021185,2026-08-11 18:34:58,267.19,USD,p2p_transfer,upi,MID986731,5691,Apparel,0.177,DEV96495012,ios_mobile,0.18654682019073923,PK,JP,True,18,False,455.7242245805368,3,0,13.02,129,web_remote,unverified,subprime,20.47,134,2,0,0.6548851267556812,0.9653208006246938,True,True,0,1,2,CLUSTER3043,3,2.9120530263560362,0.735945271035813,0.7737975528120498,,,,,0,,0.1408073160941106,1,ai_phishing+account_takeover,social_engineering+access,text_generation+credential_stuffing_automation,0.943,True,synthetic
TXN816888854737,U6659349,2026-07-05 14:46:38,471.18,USD,card_not_present_online,prepaid_card,MID482659,8299,Educational Services,0.335,DEV40201957,ios_mobile,0.11395513450165852,RU,NL,True,14,False,81.0488692988056,6,0,25.56,753,api_partner_onboarding,unverified,subprime,27.92,177,1,0,0.8439644871207785,0.8098793893187304,True,False,0,1,1,CLUSTER9313,2,1.9416234918740778,0.8235286440586396,0.7748108889919059,,,,,0,,0.15876408071885745,1,ai_phishing+account_takeover,social_engineering+access,text_generation+credential_stuffing_automation,0.938,True,synthetic
TXN688929575549,U8884587,2026-08-24 19:00:09,103.34,USD,p2p_transfer,digital_wallet,MID930043,6011,ATM / Cash Disbursement,0.089,DEV82855258,mac_desktop,0.021805686371081327,ID,US,True,19,False,449.9441415225076,5,0,10.18,854,api_partner_onboarding,in_branch_verified,super_prime,10.15,5,2,1,0.13536747483768835,0.8642848748276751,False,False,0,1,2,CLUSTER8419,2,0.9440311521067751,0.864168502432044,0.8961480511048114,,,,,0,,0.22823417867007323,1,ai_phishing+account_takeover,social_engineering+access,text_generation+credential_stuffing_automation,0.978,True,synthetic
TXN151282106781,U7950717,2026-07-28 01:52:17,591.1,USD,p2p_transfer,debit_card,MID381020,5967,Direct Marketing / Adult,0.163,DEV46838645,mac_desktop,0.16681133615603969,BD,AU,True,1,False,541.31777632026,8,4,17.49,73,api_partner_onboarding,video_verified,thin_file,33.8,73,2,0,0.1835260697420058,0.8442746116267786,True,False,0,1,2,CLUSTER8995,3,2.663677818598343,0.7873397468274803,0.8465258261902777,,,,,0,,0.11912509986065245,1,ai_phishing+account_takeover,social_engineering+access,text_generation+credential_stuffing_automation,0.953,True,synthetic
TXN286816806024,U3900062,2026-06-17 17:06:04,369.06,USD,p2p_transfer,debit_card,MID323822,5941,Sporting Goods,0.25,DEV77583138,android_mobile,0.1481013073499258,EG,JP,True,17,True,233.24456625072025,4,0,5.71,600,agent_assisted,in_branch_verified,thin_file,64.68,145,2,0,0.3018429261255281,0.8024391274272761,True,True,0,1,1,CLUSTER6396,3,0.45821387599777663,0.9355590154641411,0.9651165807436803,,,,,0,,0.05945459098019092,1,ai_phishing+account_takeover,social_engineering+access,text_generation+credential_stuffing_automation,0.938,True,synthetic
TXN902154733105,U3572246,2026-06-28 21:55:39,565.01,USD,p2p_transfer,digital_wallet,MID503332,5999,Misc Retail,0.263,DEV69578797,windows_desktop,0.09542406425747364,EG,NL,True,21,False,374.8565310806104,4,2,8.14,639,in_branch,unverified,subprime,36.14,295,2,1,0.7655236013648505,0.8327955534144175,True,False,0,1,2,CLUSTER9427,3,0.8832995959241555,0.705542953793141,0.9054480417072573,,,,,0,,0.22752708603688376,1,ai_phishing+account_takeover,social_engineering+access,text_generation+credential_stuffing_automation,0.96,True,synthetic
TXN869854040659,U9971477,2026-08-06 08:34:17,195.0,USD,p2p_transfer,upi,MID668116,8011,Healthcare,0.059,DEV78695703,mac_desktop,0.11425111657836542,ID,CA,True,8,True,563.4722544973044,8,0,10.35,424,agent_assisted,basic_document,thin_file,19.49,120,2,0,0.7206616258701304,0.8726707282480716,True,True,0,1,2,CLUSTER6706,3,0.8406228026839834,0.930521776649678,0.9805626379869818,,,,,0,,0.2593106962989748,1,ai_phishing+account_takeover,social_engineering+access,text_generation+credential_stuffing_automation,0.887,True,synthetic
TXN721111931971,U3610361,2026-06-03 08:25:47,243.4,USD,p2p_transfer,credit_card,MID203429,6011,ATM / Cash Disbursement,0.143,DEV13922319,windows_desktop,0.1511559693465548,NG,NL,True,8,False,257.46411419553806,5,1,19.14,287,api_partner_onboarding,unverified,near_prime,12.72,279,2,0,0.2525416911513929,0.9080553483018028,True,False,0,1,2,CLUSTER6268,2,0.33820070044684025,0.7419508692348195,0.7677441478802182,,,,,0,,0.1321876734360002,1,ai_phishing+account_takeover,social_engineering+access,text_generation+credential_stuffing_automation,0.846,True,synthetic
TXN259298617960,U5413960,2026-06-08 07:19:42,856.31,USD,card_not_present_online,credit_card,MID413565,6300,Insurance,0.205,DEV89174200,linux_desktop,0.16745720188315183,BD,DE,True,7,False,396.2628593007872,6,0,85.63,423,api_partner_onboarding,in_branch_verified,prime,7.53,163,2,1,0.16420796970847995,0.8878331354786921,False,False,0,1,2,CLUSTER2956,2,0.7790404605422854,0.8854753033262044,0.8153004714855508,,,,,0,,0.2680762832103806,1,ai_phishing+account_takeover,social_engineering+access,text_generation+credential_stuffing_automation,0.944,True,synthetic
TXN169781604047,U4821162,2026-06-02 16:01:48,132.38,USD,card_not_present_online,prepaid_card,MID185770,4829,Money Transfer,0.349,DEV57713122,android_mobile,0.192615268516071,NG,GB,True,16,True,237.9959273060205,2,1,4.25,419,api_partner_onboarding,video_verified,thin_file,31.12,163,2,1,0.36441493728403485,0.8276005601422666,False,False,0,1,1,CLUSTER5268,1,1.0100226022642829,0.7161238888670326,0.9227735769193436,,,,,0,,0.2976999905381795,1,ai_phishing+account_takeover,social_engineering+access,text_generation+credential_stuffing_automation,0.905,True,synthetic
TXN479760000231,U0676745,2026-06-05 01:06:37,667.11,USD,card_not_present_online,upi,MID436783,5964,Direct Marketing / Catalog,0.119,DEV75036535,linux_desktop,0.14157910828670253,NG,NL,True,1,False,494.08717667718594,3,1,8.86,530,agent_assisted,basic_document,super_prime,24.56,45,2,0,0.5992519195106993,0.8775006494277635,True,False,0,1,1,CLUSTER1172,3,1.2461392821816046,0.9167737849017124,0.8152752321755167,,,,,0,,0.28002962251842883,1,ai_phishing+account_takeover,social_engineering+access,text_generation+credential_stuffing_automation,0.893,True,synthetic
TXN407205033810,U1287300,2026-07-28 06:30:09,295.33,USD,p2p_transfer,upi,MID211176,5661,Shoe Stores,0.723,DEV37401482,android_mobile,0.040916684457134464,RU,NL,True,6,False,417.0281830317943,5,1,5.84,598,agent_assisted,basic_document,prime,50.6,6,1,1,0.22070351982700565,0.8104055365102889,True,False,0,1,2,CLUSTER2929,2,0.5131579382880443,0.7136802965373952,0.8711501746947221,,,,,0,,0.022499071814151273,1,ai_phishing+account_takeover,social_engineering+access,text_generation+credential_stuffing_automation,0.958,True,synthetic
TXN554222389581,U1139820,2026-08-06 09:30:46,380.29,USD,card_not_present_online,upi,MID694809,5541,Fuel / Gas Stations,0.207,DEV63814448,ios_mobile,0.06450641062678339,RU,CA,True,9,True,441.76222342196985,6,0,7.4,203,api_partner_onboarding,video_verified,near_prime,51.38,270,2,0,0.22414169024108588,0.9670000379061447,True,True,0,1,1,CLUSTER4911,3,0.6330552521341571,0.9655004570591154,0.966518788454667,,,,,0,,0.1819353487858799,1,ai_phishing+account_takeover,social_engineering+access,text_generation+credential_stuffing_automation,0.885,True,synthetic
TXN852642470455,U3737251,2026-07-31 19:34:36,647.1,USD,p2p_transfer,credit_card,MID994502,5999,Misc Retail,0.313,DEV15585135,android_mobile,0.1530547378336977,ID,SE,True,19,True,320.5199121972271,8,0,3.82,669,mobile_app_remote,basic_document,near_prime,56.59,127,1,0,0.7148233210963522,0.801263648428785,True,True,0,1,2,CLUSTER9476,3,2.4329842157319317,0.8267685602820206,0.8961233878499125,,,,,0,,0.29185078222369853,1,ai_phishing+account_takeover,social_engineering+access,text_generation+credential_stuffing_automation,0.929,True,synthetic
TXN365471888535,U6473917,2026-07-19 17:54:29,164.66,USD,card_not_present_online,digital_wallet,MID587446,5964,Direct Marketing / Catalog,0.28,DEV29173207,windows_desktop,0.19649706515191526,NG,JP,True,17,False,62.53077790088621,7,1,17.2,826,api_partner_onboarding,basic_document,near_prime,30.79,100,1,1,0.817715980118012,0.8791371766912639,True,False,0,1,2,CLUSTER4959,1,0.9601666039876317,0.93816435253366,0.8395852339588878,,,,,0,,0.20822023085513292,1,ai_phishing+account_takeover,social_engineering+access,text_generation+credential_stuffing_automation,0.85,True,synthetic
TXN431376278812,U2223294,2026-07-25 22:03:01,270.97,USD,card_not_present_online,upi,MID358337,7995,Betting / Gambling,0.211,DEV95935285,ios_mobile,0.1506195443802437,ID,AU,True,22,False,512.0442695457127,2,1,3.52,527,in_branch,video_verified,prime,77.08,100,1,0,0.10794241739398705,0.8493189290801764,True,False,0,1,2,CLUSTER2713,1,0.34435397190796957,0.9189641262017711,0.8190631070000728,,,,,0,,0.11408603898276803,1,ai_phishing+account_takeover,social_engineering+access,text_generation+credential_stuffing_automation,0.919,True,synthetic
TXN668197943452,U4132366,2026-06-18 23:25:51,188.24,USD,p2p_transfer,debit_card,MID226038,6012,Financial Institutions - Merchandise/Services,0.069,DEV76901605,ios_mobile,0.16040844955370204,EG,GB,True,23,False,72.97350018842737,6,3,28.19,179,mobile_app_remote,basic_document,near_prime,37.21,169,2,0,0.6811082790737629,0.9017630572529239,True,False,0,1,1,CLUSTER5686,2,0.8971985064681186,0.7758535637306181,0.9190002005230168,,,,,0,,0.08335904558686671,1,ai_phishing+account_takeover,social_engineering+access,text_generation+credential_stuffing_automation,0.894,True,synthetic
TXN858721976067,U8467561,2026-06-19 20:32:59,149.93,USD,card_not_present_online,digital_wallet,MID332419,5661,Shoe Stores,0.343,DEV53457856,windows_desktop,0.021937018416036538,BD,JP,True,20,False,284.8539805950037,7,2,6.77,736,web_remote,basic_document,prime,22.16,277,2,1,0.2305514984087959,0.921229108486609,True,False,0,1,2,CLUSTER8305,1,2.8706114330966335,0.7288446615641364,0.8320245133513048,,,,,0,,0.025883012161923003,1,ai_phishing+account_takeover,social_engineering+access,text_generation+credential_stuffing_automation,0.948,True,synthetic
TXN801068525439,U0485554,2026-07-07 02:19:13,547.5,USD,p2p_transfer,bank_transfer,MID507436,5732,Electronics Stores,0.24,DEV39433665,mac_desktop,0.16736400060458137,PK,NL,True,2,False,98.38448591399711,7,1,13.82,825,agent_assisted,unverified,thin_file,39.62,122,1,0,0.3591689392406787,0.8460510089206498,True,False,0,1,2,CLUSTER2996,1,0.5968043255751433,0.9510681654033528,0.9828054399561009,,,,,0,,0.08590941266327318,1,ai_phishing+account_takeover,social_engineering+access,text_generation+credential_stuffing_automation,0.92,True,synthetic
TXN995751847555,U9728686,2026-06-17 04:30:59,255.44,USD,p2p_transfer,debit_card,MID177445,4111,Transit / Transportation,0.36,DEV85339495,linux_desktop,0.06888244119242463,RU,US,True,4,True,258.8710490881297,4,2,2.64,729,in_branch,in_branch_verified,prime,65.96,140,1,0,0.8016336976188319,0.9729771210240862,True,False,1,1,1,CLUSTER1436,2,2.0969455948431994,0.8667482135558776,0.9788830557439538,,,,,0,,0.24553038746246103,1,ai_phishing+account_takeover,social_engineering+access,text_generation+credential_stuffing_automation,0.977,True,synthetic
TXN871511551427,U4283762,2026-06-16 08:21:32,165.25,USD,card_not_present_online,bank_transfer,MID810734,4722,Travel Agencies,0.178,DEV35554839,linux_desktop,0.1671564415605387,RU,SE,True,8,False,484.5566634962709,6,1,2.15,837,mobile_app_remote,in_branch_verified,subprime,76.86,44,1,0,0.22516319696296894,0.958931915212277,True,False,0,1,2,CLUSTER1708,2,1.4436948587283525,0.8069413966061871,0.9518246142986317,,,,,0,,0.2020262209500515,1,ai_phishing+account_takeover,social_engineering+access,text_generation+credential_stuffing_automation,0.905,True,synthetic
TXN106897672770,U9200991,2026-08-23 17:12:14,913.32,USD,card_not_present_online,upi,MID903071,6051,Crypto / Digital Currency,0.134,DEV26054796,mac_desktop,0.07925556079007977,PK,NL,True,17,True,225.41627942084293,6,1,27.62,400,api_partner_onboarding,in_branch_verified,near_prime,33.07,266,2,1,0.25416255980678953,0.840614209103259,True,False,0,1,2,CLUSTER6117,3,1.1455243803658801,0.7854277997843502,0.981365210925558,,,,,0,,0.25311718431269364,1,ai_phishing+account_takeover,social_engineering+access,text_generation+credential_stuffing_automation,0.969,True,synthetic
TXN984414221222,U2414181,2026-07-19 02:17:27,650.93,USD,p2p_transfer,bank_transfer,MID848652,4111,Transit / Transportation,0.096,DEV94879515,mac_desktop,0.14588511537636112,PK,DE,True,2,False,36.374199810222905,5,0,25.03,403,web_remote,basic_document,super_prime,14.15,147,1,1,0.6635335624104586,0.9256657333583804,False,False,0,1,1,CLUSTER2897,1,2.9951545938972712,0.7116343078010052,0.9131862309936997,,,,,0,,0.23366648528082237,1,ai_phishing+account_takeover,social_engineering+access,text_generation+credential_stuffing_automation,0.969,True,synthetic
TXN844050158265,U0774921,2026-07-20 11:01:31,220.31,USD,card_not_present_online,upi,MID533845,5812,Restaurants,0.094,DEV65127388,linux_desktop,0.09458687804661073,BD,NL,True,11,True,444.2024110217669,3,2,11.86,423,agent_assisted,basic_document,near_prime,18.58,62,2,0,0.1167809854584963,0.8127177023416791,True,False,0,1,1,CLUSTER4141,1,2.0785905418191604,0.881396432237191,0.8330932638297648,,,,,0,,0.11669899693817913,1,ai_phishing+account_takeover,social_engineering+access,text_generation+credential_stuffing_automation,0.932,True,synthetic
TXN787126108531,U2971172,2026-07-18 02:01:15,151.16,USD,card_not_present_online,debit_card,MID738255,6051,Crypto / Digital Currency,0.131,DEV62698549,android_mobile,0.15489014867064022,PK,DE,True,2,False,384.54490893833827,7,2,7.55,178,in_branch,in_branch_verified,subprime,20.01,18,2,0,0.1924268407886381,0.7417007729082247,True,False,0,1,1,CLUSTER1748,1,1.5385003193997333,0.7376769188091427,0.7561491617269779,,,,,0,,0.17978603379857525,1,ai_phishing+account_takeover,social_engineering+access,text_generation+credential_stuffing_automation,0.932,True,synthetic
TXN814057819182,U7461077,2026-07-15 19:24:38,303.57,USD,card_not_present_online,digital_wallet,MID456807,5541,Fuel / Gas Stations,0.096,DEV73894163,windows_desktop,0.10511015066822936,EG,SE,True,19,False,467.984575474433,4,1,10.71,611,agent_assisted,in_branch_verified,near_prime,28.35,157,2,1,0.16959467192942987,0.7058817869434112,True,False,0,1,2,CLUSTER8172,2,0.11846869705646335,0.9069033784960695,0.8168454990403191,,,,,0,,0.24639823907707306,1,ai_phishing+account_takeover,social_engineering+access,text_generation+credential_stuffing_automation,0.909,True,synthetic
TXN126895396519,U2476091,2026-07-01 20:02:47,390.87,USD,card_not_present_online,digital_wallet,MID937269,4829,Money Transfer,0.174,DEV75158530,mac_desktop,0.19684708592251624,EG,NL,True,20,False,596.8722848847991,7,0,3.78,379,api_partner_onboarding,unverified,subprime,103.31,42,1,0,0.10935533369767497,0.9725138674519918,True,False,0,1,2,CLUSTER7506,3,2.2714244662499254,0.9131442538504876,0.7508302980514481,,,,,0,,0.22553814411801335,1,ai_phishing+account_takeover,social_engineering+access,text_generation+credential_stuffing_automation,0.951,True,synthetic
TXN779176814798,U7654131,2026-07-10 04:15:51,202.51,USD,p2p_transfer,digital_wallet,MID983468,5411,Grocery Stores,0.106,DEV54037369,ios_mobile,0.05264882537406068,PK,US,True,4,False,384.91804205656047,7,2,3.8,754,api_partner_onboarding,video_verified,subprime,53.32,51,2,0,0.37441263086303345,0.763453528435497,True,True,0,1,2,CLUSTER4426,3,0.9381291477684758,0.8672427756570976,0.8177342548880963,,,,,0,,0.09559966775889969,1,ai_phishing+account_takeover,social_engineering+access,text_generation+credential_stuffing_automation,0.908,True,synthetic
TXN931504498389,U4576410,2026-06-14 06:32:36,183.27,USD,p2p_transfer,upi,MID256563,6051,Crypto / Digital Currency,0.376,DEV74418224,mac_desktop,0.040015135792458564,ID,SE,True,6,True,500.44907348430354,3,2,6.3,769,api_partner_onboarding,basic_document,prime,29.09,224,2,0,0.356100239664606,0.9207718645072291,False,False,0,1,1,CLUSTER7656,1,2.025740095064448,0.7808719974004805,0.81988647708364,,,,,0,,0.08509642231585518,1,ai_phishing+account_takeover,social_engineering+access,text_generation+credential_stuffing_automation,0.931,True,synthetic
TXN526214223726,U5627640,2026-06-20 19:04:55,67.04,USD,p2p_transfer,credit_card,MID474933,7995,Betting / Gambling,0.094,DEV11503212,windows_desktop,0.05179013817725263,VN,DE,True,19,False,553.7260854906087,5,1,5.44,373,in_branch,unverified,thin_file,14.36,165,2,0,0.6872148256700693,0.7744527241207267,True,False,0,1,1,CLUSTER6905,1,1.4788291815793613,0.8456171088684346,0.9080864194666555,,,,,0,,0.009536065046434094,1,ai_phishing+account_takeover,social_engineering+access,text_generation+credential_stuffing_automation,0.911,True,synthetic
TXN623263866844,U1381962,2026-06-02 22:28:44,362.64,USD,p2p_transfer,debit_card,MID148641,5967,Direct Marketing / Adult,0.077,DEV89137825,android_mobile,0.05061436175938869,ID,JP,True,22,False,343.0607226714949,3,1,8.12,456,api_partner_onboarding,video_verified,subprime,44.68,282,1,0,0.10562394509069667,0.7644328463339916,True,False,0,1,1,CLUSTER1640,1,1.926339441870868,0.7866118826314048,0.8077705880253462,,,,,0,,0.023880437644412743,1,ai_phishing+account_takeover,social_engineering+access,text_generation+credential_stuffing_automation,0.938,True,synthetic
TXN975006846283,U8781384,2026-06-09 06:55:22,479.52,USD,p2p_transfer,credit_card,MID603681,8011,Healthcare,0.223,DEV27074003,windows_desktop,0.1222373732752941,PK,SG,True,6,False,255.2599581713876,3,0,29.6,638,agent_assisted,basic_document,subprime,16.2,182,1,0,0.18028043190681853,0.8282147906425621,True,False,0,1,2,CLUSTER6640,3,0.20392851690173153,0.7159924409033886,0.7651886979570119,,,,,0,,0.1160436555012031,1,ai_phishing+account_takeover,social_engineering+access,text_generation+credential_stuffing_automation,0.926,True,synthetic
TXN431897402782,U8428435,2026-08-23 16:04:38,317.63,USD,p2p_transfer,prepaid_card,MID608469,6012,Financial Institutions - Merchandise/Services,0.102,DEV17465423,mac_desktop,0.03849173033890601,ID,US,True,16,True,359.2482805701371,6,3,3.71,669,agent_assisted,unverified,subprime,134.21,263,1,0,0.6241542851636908,0.767917906649148,False,False,0,1,2,CLUSTER9065,1,1.685396324902848,0.9344977314312765,0.8644384116220358,,,,,0,,0.20277478671258942,1,ai_phishing+account_takeover,social_engineering+access,text_generation+credential_stuffing_automation,0.929,True,synthetic
TXN215584829300,U4122928,2026-07-17 14:29:43,1097.21,USD,card_not_present_online,credit_card,MID438094,5812,Restaurants,0.138,DEV24084590,linux_desktop,0.05112051625700406,ID,CA,True,14,True,198.42569869721586,3,1,31.38,436,api_partner_onboarding,in_branch_verified,super_prime,34.97,38,2,1,0.11086347042151164,0.7208124620429228,True,False,0,1,2,CLUSTER1905,3,1.9517285105882485,0.9389089260559058,0.7836229624966483,,,,,0,,0.010575939771362031,1,ai_phishing+account_takeover,social_engineering+access,text_generation+credential_stuffing_automation,0.962,True,synthetic
TXN565043230454,U2558832,2026-07-27 05:46:55,446.85,USD,p2p_transfer,debit_card,MID807681,8299,Educational Services,0.183,DEV89561190,windows_desktop,0.1485452776481953,EG,SE,True,5,False,92.18660980858198,5,1,8.28,775,in_branch,video_verified,near_prime,47.68,77,1,0,0.8342756299204392,0.8180576787755626,True,False,0,1,2,CLUSTER6249,2,2.1082901526444564,0.9114052514708705,0.8935392322632423,,,,,0,,0.1519326671723235,1,ai_phishing+account_takeover,social_engineering+access,text_generation+credential_stuffing_automation,0.942,True,synthetic
TXN967801306446,U0509370,2026-07-01 20:45:29,289.44,USD,p2p_transfer,upi,MID582392,5691,Apparel,0.036,DEV14347187,windows_desktop,0.15175551258544223,NG,DE,True,20,False,435.6373435599274,6,2,25.48,495,agent_assisted,basic_document,subprime,18.55,102,2,1,0.7603955418954816,0.7691632883557221,True,False,0,1,2,CLUSTER9470,2,0.6304046161482968,0.8591556087626606,0.915595084076309,,,,,0,,0.06474308000222596,1,ai_phishing+account_takeover,social_engineering+access,text_generation+credential_stuffing_automation,0.915,True,synthetic
TXN199204573732,U3594886,2026-08-23 22:26:36,274.98,USD,card_not_present_online,credit_card,MID750308,5411,Grocery Stores,0.198,DEV43487143,linux_desktop,0.17366180915115284,BD,GB,True,22,False,158.44006807686486,5,1,4.96,175,agent_assisted,unverified,prime,55.39,280,2,0,0.14113666200873948,0.8680253483290993,False,False,0,1,1,CLUSTER5036,3,2.949961639492916,0.7033336514641249,0.7832036137837557,,,,,0,,0.07718287315747989,1,ai_phishing+account_takeover,social_engineering+access,text_generation+credential_stuffing_automation,0.877,True,synthetic
TXN865114584350,U6173624,2026-06-02 04:38:45,296.52,USD,card_not_present_online,upi,MID449193,5661,Shoe Stores,0.054,DEV18514561,ios_mobile,0.044320229747477,PK,SE,True,4,False,555.787929366438,3,4,16.82,586,api_partner_onboarding,in_branch_verified,near_prime,50.49,228,1,1,0.8272712190709504,0.9179069136512785,True,False,0,1,2,CLUSTER1805,1,1.7441373590567761,0.8891854201283659,0.9628443216280171,,,,,0,,0.2175597106419346,1,ai_phishing+account_takeover,social_engineering+access,text_generation+credential_stuffing_automation,0.958,True,synthetic
TXN689482502971,U5780890,2026-06-28 03:00:26,319.6,USD,p2p_transfer,prepaid_card,MID447096,6051,Crypto / Digital Currency,0.049,DEV18618359,android_mobile,0.0681823659792125,VN,CA,True,3,False,247.91804650358344,2,1,12.01,687,api_partner_onboarding,in_branch_verified,prime,26.62,115,2,0,0.14968523012555437,0.8421940730710165,False,False,0,1,1,CLUSTER7448,2,1.9365174457689798,0.8896597711880587,0.9317093575633675,,,,,0,,0.06321697131594314,1,ai_phishing+account_takeover,social_engineering+access,text_generation+credential_stuffing_automation,0.947,True,synthetic
TXN626484403528,U6144420,2026-07-30 01:00:57,221.45,USD,card_not_present_online,upi,MID207020,5812,Restaurants,0.045,DEV57273652,ios_mobile,0.19003286433683272,NG,DE,True,1,True,47.402449582148876,3,1,3.85,108,mobile_app_remote,basic_document,subprime,57.48,6,2,1,0.13031884205775018,0.871627836694571,True,False,0,1,1,CLUSTER8409,1,2.047401556537488,0.8527842231584736,0.8811125165393977,,,,,0,,0.15304202759033866,1,ai_phishing+account_takeover,social_engineering+access,text_generation+credential_stuffing_automation,0.879,True,synthetic
TXN284976657233,U0288295,2026-08-22 01:36:04,159.53,USD,card_not_present_online,bank_transfer,MID273460,5999,Misc Retail,0.153,DEV67734922,linux_desktop,0.07251893684215616,NG,JP,True,1,False,291.5541718189735,2,0,27.67,190,in_branch,video_verified,near_prime,39.02,115,2,1,0.6417156217736759,0.9128014428293085,True,False,0,1,1,CLUSTER1767,3,0.7453589705021023,0.8653751441987856,0.8994301295411341,,,,,0,,0.1531833373322496,1,ai_phishing+account_takeover,social_engineering+access,text_generation+credential_stuffing_automation,0.877,True,synthetic
TXN490328663673,U9488406,2026-08-09 04:08:48,347.57,USD,p2p_transfer,debit_card,MID676366,4899,Cable / Streaming Services,0.177,DEV16274871,mac_desktop,0.08560224304084674,PK,SG,True,4,True,523.3324563216393,3,1,3.44,862,agent_assisted,video_verified,prime,101.04,193,1,0,0.21889948185382002,0.8190156830891431,True,True,0,1,1,CLUSTER9924,1,1.1091437162329454,0.887401474836608,0.9641559074138452,,,,,0,,0.02951580522521172,1,ai_phishing+account_takeover,social_engineering+access,text_generation+credential_stuffing_automation,0.961,True,synthetic
TXN838129439255,U5890663,2026-07-19 13:20:13,214.25,USD,p2p_transfer,bank_transfer,MID777247,5967,Direct Marketing / Adult,0.314,DEV26646433,linux_desktop,0.12950527683923474,BD,AU,True,13,False,487.4497640343469,7,0,1.0,326,agent_assisted,in_branch_verified,near_prime,112.53,11,1,0,0.5985122615806138,0.7324302959944438,True,False,0,1,1,CLUSTER4833,1,2.606408979378797,0.828807008619149,0.7595827930176354,,,,,0,,0.2976938471886778,1,ai_phishing+account_takeover,social_engineering+access,text_generation+credential_stuffing_automation,0.925,True,synthetic
TXN650475231646,U3514138,2026-07-13 00:43:27,368.2,USD,p2p_transfer,debit_card,MID884273,4111,Transit / Transportation,0.068,DEV78508799,mac_desktop,0.07713452841778291,EG,SE,True,0,True,53.779996579026054,3,2,5.26,415,api_partner_onboarding,unverified,thin_file,69.97,89,2,1,0.2699300850933366,0.8064927993647532,True,False,0,1,1,CLUSTER8105,1,1.8973299232051413,0.8709184653450375,0.8895180097320498,,,,,0,,0.25675785452713706,1,ai_phishing+account_takeover,social_engineering+access,text_generation+credential_stuffing_automation,0.94,True,synthetic
TXN192910711476,U3544968,2026-07-06 02:19:44,403.74,USD,card_not_present_online,upi,MID587899,7995,Betting / Gambling,0.191,DEV43267473,ios_mobile,0.05766682935436168,RU,JP,True,2,False,300.98432207324066,6,0,3.09,171,api_partner_onboarding,video_verified,thin_file,130.49,217,1,1,0.21962443471636478,0.9258909670025235,True,True,0,1,1,CLUSTER6202,1,0.7808333103809255,0.7811580565486538,0.8830307447603598,,,,,0,,0.2238018513367882,1,ai_phishing+account_takeover,social_engineering+access,text_generation+credential_stuffing_automation,0.916,True,synthetic
TXN761422434911,U7551150,2026-08-02 20:43:37,608.65,USD,p2p_transfer,digital_wallet,MID319681,6011,ATM / Cash Disbursement,0.098,DEV81521132,linux_desktop,0.12749248466284346,RU,AU,True,20,False,456.77339799366655,4,3,19.98,840,web_remote,unverified,subprime,28.2,292,2,0,0.7560947575993135,0.7845848791424372,False,False,0,1,1,CLUSTER3545,3,2.2396137309127155,0.7911163345833478,0.9690826994193391,,,,,0,,0.07549535660629071,1,ai_phishing+account_takeover,social_engineering+access,text_generation+credential_stuffing_automation,0.982,True,synthetic
TXN863407295968,U1234225,2026-08-02 09:30:29,299.7,USD,p2p_transfer,digital_wallet,MID604567,5311,Department Stores,0.121,DEV33829127,mac_desktop,0.14598161012663274,BD,US,True,9,False,109.30379498212797,6,2,10.72,311,mobile_app_remote,unverified,prime,27.96,223,1,0,0.19071780192601773,0.8570894976360997,False,True,0,1,2,CLUSTER9301,3,0.5580325893968733,0.8375663731478618,0.7953641798025716,,,,,0,,0.28473857101879774,1,ai_phishing+account_takeover,social_engineering+access,text_generation+credential_stuffing_automation,0.868,True,synthetic
TXN800601345720,U6276907,2026-08-28 16:40:59,169.46,USD,p2p_transfer,credit_card,MID736448,5967,Direct Marketing / Adult,0.166,DEV10377451,ios_mobile,0.14082766114914816,ID,JP,True,16,False,151.825067489429,3,2,14.44,443,web_remote,in_branch_verified,subprime,26.43,114,1,1,0.6833924555206201,0.8909193303878351,True,False,0,1,2,CLUSTER8093,3,1.8626786521339582,0.7092268790824833,0.8097782301572705,,,,,0,,0.10986454309854851,1,ai_phishing+account_takeover,social_engineering+access,text_generation+credential_stuffing_automation,0.981,True,synthetic
TXN644316892550,U9301094,2026-06-08 05:00:51,206.29,USD,card_not_present_online,debit_card,MID426925,4722,Travel Agencies,0.358,DEV93626365,android_mobile,0.05805017946316189,ID,CA,True,5,True,217.18540605886884,7,1,3.06,246,api_partner_onboarding,unverified,near_prime,59.68,241,1,1,0.69406714988743,0.9034980464598573,True,False,0,1,1,CLUSTER5841,1,2.655912865323971,0.8921869123815205,0.7799742673272473,,,,,0,,0.2929383657547763,1,ai_phishing+account_takeover,social_engineering+access,text_generation+credential_stuffing_automation,0.974,True,synthetic
TXN968630881528,U9477781,2026-08-21 07:50:42,144.42,USD,p2p_transfer,prepaid_card,MID824982,5732,Electronics Stores,0.151,DEV58321533,windows_desktop,0.08006233450958718,VN,SG,True,7,False,557.007440183811,6,1,2.96,419,mobile_app_remote,video_verified,prime,51.8,88,2,1,0.5933916365671696,0.905089751395453,True,False,0,1,2,CLUSTER3647,2,2.6356387502204948,0.8503537138626662,0.8403517666873893,,,,,0,,0.00024950458650317974,1,ai_phishing+account_takeover,social_engineering+access,text_generation+credential_stuffing_automation,0.856,True,synthetic
TXN525439927750,U8891424,2026-06-04 03:25:59,197.68,USD,card_not_present_online,upi,MID707190,4722,Travel Agencies,0.153,DEV14088111,linux_desktop,0.17601299373053528,EG,US,True,3,False,311.5716833153775,5,2,14.7,689,agent_assisted,in_branch_verified,near_prime,21.55,204,2,0,0.7919078141609976,0.9602698483939207,True,False,0,1,1,CLUSTER2173,1,0.009846729745932037,0.7247736586622855,0.7566869175335774,,,,,0,,0.16395135667214353,1,ai_phishing+account_takeover,social_engineering+access,text_generation+credential_stuffing_automation,0.967,True,synthetic
TXN852833411025,U6618063,2026-07-13 18:06:22,288.91,USD,p2p_transfer,credit_card,MID478909,5812,Restaurants,0.508,DEV47140776,linux_desktop,0.1672817363641569,BD,NL,True,18,False,39.36974887057499,5,3,10.38,809,api_partner_onboarding,unverified,subprime,27.82,164,2,0,0.22041414989177888,0.7134754244314597,True,False,0,1,2,CLUSTER7245,1,2.1297711626867333,0.7726224820816427,0.7531015875426001,,,,,0,,0.16844780316881536,1,ai_phishing+account_takeover,social_engineering+access,text_generation+credential_stuffing_automation,0.961,True,synthetic
TXN560381218525,U0080703,2026-07-31 09:15:49,987.67,USD,p2p_transfer,prepaid_card,MID522905,5941,Sporting Goods,0.364,DEV32730145,linux_desktop,0.12714009781636793,PK,NL,True,9,True,545.8512547023388,4,2,26.53,807,agent_assisted,unverified,near_prime,4.0,234,2,0,0.5604427420140518,0.9633560571372927,True,False,0,1,2,CLUSTER1967,2,1.8579241697696074,0.7949243546434775,0.8601505085838352,,,,,0,,0.07596045957043619,1,ai_phishing+account_takeover,social_engineering+access,text_generation+credential_stuffing_automation,0.933,True,synthetic
TXN905268690180,U0032276,2026-07-11 17:46:08,198.49,USD,card_not_present_online,bank_transfer,MID951510,8299,Educational Services,0.027,DEV70047159,mac_desktop,0.1859937108910624,ID,GB,True,17,True,270.8345126642031,8,2,15.7,325,api_partner_onboarding,unverified,subprime,12.64,136,2,0,0.24489913338031902,0.8856767026553707,True,False,1,1,1,CLUSTER8532,3,2.20961246530817,0.7784677939832025,0.9471909073352478,,,,,0,,0.2093360281949384,1,ai_phishing+account_takeover,social_engineering+access,text_generation+credential_stuffing_automation,0.852,True,synthetic
TXN788389118488,U7395294,2026-06-25 16:34:17,179.4,USD,p2p_transfer,debit_card,MID708635,5691,Apparel,0.311,DEV47961346,mac_desktop,0.13081292628003488,BD,CA,True,16,True,408.42064128454444,7,1,2.05,665,api_partner_onboarding,basic_document,subprime,68.34,269,1,2,0.579050841970919,0.9753685513828729,True,False,0,1,2,CLUSTER1829,1,1.886864633905872,0.7078835474140015,0.8748372770381547,,,,,0,,0.011166962422001436,1,ai_phishing+account_takeover,social_engineering+access,text_generation+credential_stuffing_automation,0.932,True,synthetic
TXN122884129249,U3944053,2026-07-02 02:30:26,356.69,USD,p2p_transfer,prepaid_card,MID586564,5967,Direct Marketing / Adult,0.032,DEV26702553,windows_desktop,0.06399217224196055,RU,DE,True,2,False,524.7131613824563,5,1,2.8,234,mobile_app_remote,video_verified,super_prime,35.14,97,1,0,0.7211630525013066,0.9697800492347117,True,False,0,1,1,CLUSTER5832,2,1.376179893936175,0.8315723627242857,0.93048957658099,,,,,0,,0.018174790558850806,1,ai_phishing+account_takeover,social_engineering+access,text_generation+credential_stuffing_automation,0.871,True,synthetic
TXN126674050457,U5289907,2026-06-28 13:51:10,123.07,USD,card_not_present_online,debit_card,MID153359,4111,Transit / Transportation,0.053,DEV41726339,linux_desktop,0.18670070674892775,RU,NL,True,13,False,350.34546962086733,8,0,14.6,485,agent_assisted,video_verified,subprime,32.72,29,2,0,0.6030128643159733,0.8623731101811029,False,False,0,1,1,CLUSTER7668,2,0.9199953607062471,0.9302080544293628,0.9781565418549065,,,,,0,,0.1692139744375951,1,ai_phishing+account_takeover,social_engineering+access,text_generation+credential_stuffing_automation,0.898,True,synthetic
TXN369432885127,U1857103,2026-06-21 22:06:18,178.0,USD,card_not_present_online,debit_card,MID855388,5964,Direct Marketing / Catalog,0.136,DEV23016490,windows_desktop,0.16273309256032356,PK,DE,True,22,False,273.6165177902152,2,1,7.3,661,mobile_app_remote,basic_document,near_prime,24.39,171,1,0,0.17808063472308638,0.7948040591049874,False,False,0,1,1,CLUSTER3254,3,2.2123293806802655,0.8214875120868403,0.78864325078606,,,,,0,,0.1004478858660361,1,ai_phishing+account_takeover,social_engineering+access,text_generation+credential_stuffing_automation,0.961,True,synthetic
TXN805904646650,U5762246,2026-06-24 03:23:54,245.04,USD,card_not_present_online,bank_transfer,MID341383,5691,Apparel,0.258,DEV66484869,windows_desktop,0.03991216898311489,NG,GB,True,3,True,114.48385590390461,2,0,8.61,794,web_remote,basic_document,subprime,23.83,38,2,0,0.721374196146203,0.7170129611446182,True,False,0,1,1,CLUSTER4654,1,2.9430878076288858,0.7689115123975981,0.751008030946084,,,,,0,,0.19437658908486974,1,ai_phishing+account_takeover,social_engineering+access,text_generation+credential_stuffing_automation,0.886,True,synthetic
TXN949674173498,U1295496,2026-07-31 08:38:07,862.3,USD,card_not_present_online,upi,MID589203,6011,ATM / Cash Disbursement,0.457,DEV70781415,mac_desktop,0.05564739708196412,EG,JP,True,8,False,140.87497840017375,7,0,9.79,667,in_branch,video_verified,prime,39.37,78,1,0,0.8183424805052208,0.7090204978166582,False,False,0,1,1,CLUSTER4503,2,0.6576171429579397,0.9260104716434729,0.7675022125884478,,,,,0,,0.19777701727872027,1,ai_phishing+account_takeover,social_engineering+access,text_generation+credential_stuffing_automation,0.972,True,synthetic
TXN884976192858,U5919493,2026-06-07 15:21:08,284.24,USD,p2p_transfer,bank_transfer,MID582731,5812,Restaurants,0.283,DEV34378473,mac_desktop,0.17716380128765213,RU,GB,True,15,False,590.9764137877719,6,1,3.25,715,agent_assisted,in_branch_verified,super_prime,84.18,25,1,0,0.5800178840771439,0.8370515010194532,True,True,0,1,1,CLUSTER2259,1,1.4698048398802672,0.780973792143027,0.8258300277023056,,,,,0,,0.1735624161410054,1,ai_phishing+account_takeover,social_engineering+access,text_generation+credential_stuffing_automation,0.937,True,synthetic
TXN239145917831,U5989105,2026-06-02 07:52:17,355.11,USD,p2p_transfer,prepaid_card,MID488917,8011,Healthcare,0.337,DEV34831361,mac_desktop,0.02477632278399155,VN,DE,True,7,False,224.79874356001272,8,0,0.56,464,mobile_app_remote,in_branch_verified,near_prime,170.6,86,1,0,0.5897214424860159,0.8429543929969054,True,False,0,1,2,CLUSTER8238,1,2.5231278198357123,0.7597307891737747,0.976817656869132,,,,,0,,0.28867087888400755,1,ai_phishing+account_takeover,social_engineering+access,text_generation+credential_stuffing_automation,0.931,True,synthetic
TXN325202305370,U5751131,2026-07-17 08:05:46,314.57,USD,p2p_transfer,debit_card,MID713330,4829,Money Transfer,0.195,DEV86956874,linux_desktop,0.07331089348886824,RU,DE,True,8,False,214.01943474371737,4,4,13.85,193,in_branch,in_branch_verified,near_prime,13.32,271,1,1,0.7876748829784034,0.8324986451702252,True,False,0,1,2,CLUSTER4618,3,0.0930592778165178,0.9331301172834492,0.8460791553033035,,,,,0,,0.2687589031458179,1,ai_phishing+account_takeover,social_engineering+access,text_generation+credential_stuffing_automation,0.818,True,synthetic
TXN362111687648,U0739810,2026-07-03 13:56:30,450.1,USD,p2p_transfer,prepaid_card,MID743980,5921,Liquor Stores,0.162,DEV36265486,android_mobile,0.04585570336942878,BD,CA,True,13,True,379.9545318304469,4,0,41.48,353,api_partner_onboarding,in_branch_verified,subprime,10.85,180,2,0,0.3131651149924283,0.8313258615910282,True,False,0,1,1,CLUSTER4426,3,0.7314771286346484,0.8422600239405336,0.8222280392530731,,,,,0,,0.061543215007153915,1,ai_phishing+account_takeover,social_engineering+access,text_generation+credential_stuffing_automation,0.871,True,synthetic
TXN185780052619,U6043138,2026-06-13 12:46:08,386.38,USD,p2p_transfer,prepaid_card,MID757454,5921,Liquor Stores,0.272,DEV98004229,ios_mobile,0.1646733095009013,NG,GB,True,12,False,483.5222403235154,3,2,7.45,516,mobile_app_remote,basic_document,subprime,51.85,150,1,0,0.18883606360948335,0.735470173319863,True,False,0,1,1,CLUSTER6718,1,1.9878021131713655,0.8530547474048911,0.9147371701085412,,,,,0,,0.07925478795300453,1,ai_phishing+account_takeover,social_engineering+access,text_generation+credential_stuffing_automation,0.961,True,synthetic
TXN206681047760,U1916448,2026-06-21 17:49:55,825.76,USD,p2p_transfer,upi,MID328166,5964,Direct Marketing / Catalog,0.207,DEV53772737,linux_desktop,0.13426331644436076,NG,GB,True,17,False,580.4830138110655,8,2,12.71,499,mobile_app_remote,in_branch_verified,thin_file,30.81,220,1,0,0.7776430199165099,0.9233027019934359,True,False,0,1,2,CLUSTER4729,1,2.1025054904976868,0.8848186219860227,0.9122765576171263,,,,,0,,0.170159793626828,1,ai_phishing+account_takeover,social_engineering+access,text_generation+credential_stuffing_automation,0.942,True,synthetic
TXN729997898142,U2348197,2026-07-10 05:24:08,656.16,USD,card_not_present_online,digital_wallet,MID725375,5541,Fuel / Gas Stations,0.347,DEV16521434,windows_desktop,0.11321995212709697,EG,DE,True,5,False,550.0429113881853,8,3,9.15,151,mobile_app_remote,in_branch_verified,super_prime,27.84,39,2,2,0.6377496679093639,0.8787065485112173,True,False,0,1,1,CLUSTER5438,1,2.5554764043316647,0.8548884381363211,0.9653724692868356,,,,,0,,0.18712770391608777,1,ai_phishing+account_takeover,social_engineering+access,text_generation+credential_stuffing_automation,0.975,True,synthetic
TXN597533982027,U4034909,2026-08-07 05:52:07,316.03,USD,p2p_transfer,digital_wallet,MID144177,5311,Department Stores,0.386,DEV29711935,windows_desktop,0.11147222178609716,RU,SG,True,5,True,245.54025117363682,2,0,7.44,654,in_branch,in_branch_verified,near_prime,59.7,219,1,0,0.6862812001254474,0.8082714725848791,True,False,0,1,1,CLUSTER8541,3,2.149280500456446,0.7254382850373384,0.9864834268824082,,,,,0,,0.07465848009658917,1,ai_phishing+account_takeover,social_engineering+access,text_generation+credential_stuffing_automation,0.943,True,synthetic
TXN630276877207,U3671514,2026-08-12 16:40:44,169.29,USD,card_not_present_online,debit_card,MID121967,8299,Educational Services,0.107,DEV75894481,mac_desktop,0.12457572667522285,VN,JP,True,16,False,246.1784804459127,8,1,7.22,388,api_partner_onboarding,unverified,thin_file,23.46,183,1,0,0.25673665743604124,0.7858138431889565,True,False,0,1,2,CLUSTER9167,1,2.5511133406946014,0.8590525702204183,0.8604137741722097,,,,,0,,0.13174020392299823,1,ai_phishing+account_takeover,social_engineering+access,text_generation+credential_stuffing_automation,0.924,True,synthetic
TXN491647175827,U0509059,2026-07-13 08:47:08,247.9,USD,p2p_transfer,bank_transfer,MID511783,5732,Electronics Stores,0.468,DEV66304412,android_mobile,0.06340778351758575,BD,US,True,8,False,496.5122022541127,7,2,5.23,726,api_partner_onboarding,unverified,near_prime,47.42,296,2,0,0.3587429446137693,0.8598700471485083,True,True,0,1,1,CLUSTER3664,3,0.2152156361706815,0.791582277096798,0.8241942914520906,,,,,0,,0.12250874577359572,1,ai_phishing+account_takeover,social_engineering+access,text_generation+credential_stuffing_automation,0.891,True,synthetic
TXN820486574642,U9629094,2026-08-26 19:05:53,172.44,USD,card_not_present_online,debit_card,MID532641,5967,Direct Marketing / Adult,0.345,DEV26371397,mac_desktop,0.18736542598863815,ID,AU,True,19,False,517.9324102716218,5,2,4.14,740,mobile_app_remote,basic_document,prime,41.67,67,2,0,0.16043358453896064,0.8928975269825877,True,False,1,1,1,CLUSTER4868,1,1.1325391248975623,0.8641255367402318,0.8476879940553108,,,,,0,,0.21527297311260749,1,ai_phishing+account_takeover,social_engineering+access,text_generation+credential_stuffing_automation,0.935,True,synthetic
TXN152042917629,U7393723,2026-08-28 04:44:59,243.29,USD,card_not_present_online,debit_card,MID365790,6011,ATM / Cash Disbursement,0.191,DEV47637018,linux_desktop,0.1862429679645139,ID,AU,True,4,False,371.2444962261319,7,0,17.43,853,agent_assisted,unverified,subprime,13.96,71,2,0,0.125966195065626,0.7977744906164163,True,False,0,1,2,CLUSTER9820,1,1.2021133606857186,0.7100070720923213,0.9381200650454896,,,,,0,,0.004428132485334702,1,ai_phishing+account_takeover,social_engineering+access,text_generation+credential_stuffing_automation,0.928,True,synthetic
TXN113312038244,U7905266,2026-06-12 02:12:22,1470.74,USD,card_not_present_online,bank_transfer,MID730797,5541,Fuel / Gas Stations,0.084,DEV36278357,windows_desktop,0.048060691579779546,EG,JP,True,2,False,392.63268564276063,5,2,55.6,825,mobile_app_remote,basic_document,near_prime,26.45,141,2,0,0.36523463517864996,0.7943261348514347,False,False,0,1,1,CLUSTER4404,1,2.2173999416491834,0.7794509484958274,0.9754330995689091,,,,,0,,0.1943872918281355,1,ai_phishing+account_takeover,social_engineering+access,text_generation+credential_stuffing_automation,0.942,True,synthetic
TXN514132525314,U1228140,2026-06-04 02:45:05,349.87,USD,p2p_transfer,credit_card,MID357995,4829,Money Transfer,0.489,DEV75575924,ios_mobile,0.18842506247123028,EG,JP,True,2,True,32.88403971468847,2,0,6.9,352,mobile_app_remote,video_verified,near_prime,50.67,260,1,0,0.2204292058456994,0.7558882186309892,True,True,0,1,1,CLUSTER6066,2,1.4247464086765782,0.8459159207096878,0.8979344091862275,,,,,0,,0.057850428939217935,1,ai_phishing+account_takeover,social_engineering+access,text_generation+credential_stuffing_automation,0.861,True,synthetic
TXN247349166055,U5282472,2026-07-04 09:26:36,81.9,USD,p2p_transfer,debit_card,MID121118,4829,Money Transfer,0.169,DEV50984199,ios_mobile,0.0949136071974178,VN,JP,True,9,False,506.33194337125275,3,0,1.91,570,mobile_app_remote,in_branch_verified,prime,42.92,184,2,1,0.17581247806639,0.7593390613199924,False,False,0,1,2,CLUSTER4864,3,0.5525955700977607,0.7071323050122952,0.8585174995392683,,,,,0,,0.07437092881204657,1,ai_phishing+account_takeover,social_engineering+access,text_generation+credential_stuffing_automation,0.925,True,synthetic
TXN306898541554,U8362500,2026-08-02 05:20:33,197.02,USD,p2p_transfer,credit_card,MID438393,5732,Electronics Stores,0.054,DEV72888174,linux_desktop,0.038622219839054596,PK,CA,True,5,True,400.29147337220934,8,0,6.63,865,web_remote,video_verified,super_prime,29.7,120,1,0,0.22831038137415088,0.931443353630406,True,False,0,1,1,CLUSTER4151,2,2.5148103893166454,0.7211712690589326,0.7959923403403525,,,,,0,,0.01205329886046177,1,ai_phishing+account_takeover,social_engineering+access,text_generation+credential_stuffing_automation,0.911,True,synthetic
TXN823787487387,U6144532,2026-06-28 18:45:24,450.57,USD,p2p_transfer,prepaid_card,MID622599,6011,ATM / Cash Disbursement,0.209,DEV93217223,ios_mobile,0.176008715890384,PK,GB,True,18,False,371.8025709908219,2,2,14.31,597,api_partner_onboarding,in_branch_verified,near_prime,31.49,12,1,1,0.1298470717970761,0.889125078502086,True,False,0,1,2,CLUSTER2535,2,1.3891308534329019,0.9595863719118327,0.9478820527531592,,,,,0,,0.19994107530736535,1,ai_phishing+account_takeover,social_engineering+access,text_generation+credential_stuffing_automation,0.968,True,synthetic
TXN924978598395,U9458568,2026-06-07 16:44:45,254.42,USD,p2p_transfer,prepaid_card,MID932303,4111,Transit / Transportation,0.3,DEV12336505,android_mobile,0.035329900155174204,RU,AU,True,16,True,316.75971999885206,8,0,28.33,266,web_remote,unverified,near_prime,25.21,214,1,0,0.5968980880884515,0.8641431286744505,True,False,0,1,1,CLUSTER8907,3,1.4703007564564194,0.7514804874774025,0.83235798940791,,,,,0,,0.29986700149571505,1,ai_phishing+account_takeover,social_engineering+access,text_generation+credential_stuffing_automation,0.868,True,synthetic
TXN922329576252,U4523255,2026-06-23 00:30:09,382.32,USD,p2p_transfer,digital_wallet,MID504583,6300,Insurance,0.211,DEV13789955,android_mobile,0.04109123034409934,NG,SE,True,0,False,248.66243386149856,7,2,8.54,208,in_branch,unverified,subprime,34.94,213,2,0,0.7335306553593361,0.9170267100727986,False,False,0,1,2,CLUSTER7017,3,1.4730140727713121,0.7882405732074917,0.8423673461770453,,,,,0,,0.28596594678728954,1,ai_phishing+account_takeover,social_engineering+access,text_generation+credential_stuffing_automation,0.934,True,synthetic
TXN357381624632,U4045590,2026-08-07 22:31:22,273.73,USD,card_not_present_online,credit_card,MID927638,5999,Misc Retail,0.206,DEV98305293,android_mobile,0.05285643324038221,RU,JP,True,22,True,464.82218310083056,2,3,18.36,238,api_partner_onboarding,basic_document,prime,14.91,199,1,0,0.2626360050209936,0.9033151422362855,True,False,0,1,1,CLUSTER2210,2,0.6368264482953856,0.7152287989425402,0.9566244435277806,,,,,0,,0.29784829428842646,1,ai_phishing+account_takeover,social_engineering+access,text_generation+credential_stuffing_automation,0.962,True,synthetic
TXN979781024316,U2317070,2026-07-17 05:43:47,226.94,USD,card_not_present_online,debit_card,MID510514,8011,Healthcare,0.275,DEV80149712,android_mobile,0.02182797738543033,EG,SG,True,5,False,343.4231514246929,8,0,31.17,231,in_branch,in_branch_verified,prime,22.88,230,1,0,0.6456566674960126,0.7973845878752532,True,False,0,1,2,CLUSTER6415,2,0.43435970725335427,0.7552514217884225,0.7565117148529529,,,,,0,,0.1503984029609224,1,ai_phishing+account_takeover,social_engineering+access,text_generation+credential_stuffing_automation,0.96,True,synthetic
TXN317495086444,U6214834,2026-07-02 00:35:52,235.04,USD,card_not_present_online,credit_card,MID574351,8299,Educational Services,0.31,DEV45328078,android_mobile,0.0201061745205103,EG,CA,True,0,False,45.009628604807084,4,3,15.67,332,agent_assisted,video_verified,subprime,22.24,92,2,0,0.8036939939378324,0.9085421196214789,True,False,0,1,1,CLUSTER8000,1,2.255143745712709,0.8545793409762217,0.8424689263335448,,,,,0,,0.2982723967732025,1,ai_phishing+account_takeover,social_engineering+access,text_generation+credential_stuffing_automation,0.981,True,synthetic
TXN373059369331,U6446884,2026-07-06 21:05:43,574.61,USD,p2p_transfer,credit_card,MID899672,4829,Money Transfer,0.199,DEV80196722,android_mobile,0.17359237825183335,BD,CA,True,21,True,91.84643313371194,3,5,9.45,352,agent_assisted,video_verified,near_prime,60.78,37,2,0,0.325160061770678,0.9607725584528468,True,False,0,1,2,CLUSTER8693,1,1.8246069018739877,0.8037886374994094,0.9696055751031094,,,,,0,,0.22562718316217759,1,ai_phishing+account_takeover,social_engineering+access,text_generation+credential_stuffing_automation,0.979,True,synthetic
TXN737605986377,U3514098,2026-08-25 13:30:47,594.7,USD,p2p_transfer,digital_wallet,MID198307,5941,Sporting Goods,0.122,DEV63302665,android_mobile,0.08136874251832203,VN,DE,True,13,True,277.9066119830602,6,0,33.91,354,agent_assisted,unverified,super_prime,17.54,51,1,0,0.1261949518959128,0.8632287862074123,True,False,0,1,2,CLUSTER5752,1,2.93016511294402,0.7230262683633341,0.9177381288735307,,,,,0,,0.2738945502560678,1,ai_phishing+account_takeover,social_engineering+access,text_generation+credential_stuffing_automation,0.938,True,synthetic
TXN214868946736,U5249773,2026-07-05 04:29:26,246.15,USD,p2p_transfer,credit_card,MID614625,5812,Restaurants,0.351,DEV93501890,mac_desktop,0.08714307171448951,PK,DE,True,4,True,175.05201048784548,3,2,4.39,420,agent_assisted,in_branch_verified,thin_file,56.02,105,1,0,0.38881462038807446,0.7608364516111791,True,False,1,1,2,CLUSTER8959,1,0.8824875901979744,0.7193288997523726,0.88593300267536,,,,,0,,0.2585113992145524,1,ai_phishing+account_takeover,social_engineering+access,text_generation+credential_stuffing_automation,0.943,True,synthetic
TXN156075734736,U4155324,2026-07-11 19:43:01,136.6,USD,card_not_present_online,debit_card,MID487325,7011,Hotels / Lodging,0.131,DEV67544141,linux_desktop,0.15374717665767706,NG,NL,True,19,False,558.9717760812348,8,1,5.16,697,web_remote,video_verified,subprime,26.47,109,1,0,0.21339713006738792,0.8628115254056479,True,False,0,1,1,CLUSTER4110,2,1.4473743283573084,0.8487024356941512,0.9242020000948535,,,,,0,,0.0445763881093285,1,ai_phishing+account_takeover,social_engineering+access,text_generation+credential_stuffing_automation,0.951,True,synthetic
TXN990880769831,U5374315,2026-08-20 18:21:46,189.83,USD,p2p_transfer,upi,MID152648,6012,Financial Institutions - Merchandise/Services,0.184,DEV58220335,ios_mobile,0.03630793677357421,PK,SE,True,18,False,359.168429196333,8,0,24.46,840,mobile_app_remote,unverified,near_prime,14.85,19,2,1,0.7845268188414953,0.9528563914595163,True,False,0,1,1,CLUSTER5626,3,2.9732443789314544,0.8030533882766029,0.9584905363115732,,,,,0,,0.2911541073466426,1,ai_phishing+account_takeover,social_engineering+access,text_generation+credential_stuffing_automation,0.894,True,synthetic
TXN475650626148,U7279648,2026-06-04 08:00:04,281.5,USD,p2p_transfer,upi,MID310098,5541,Fuel / Gas Stations,0.527,DEV11478874,ios_mobile,0.15476339212063436,PK,SG,True,8,False,421.2644383903639,6,0,3.62,68,api_partner_onboarding,in_branch_verified,prime,77.79,50,1,1,0.28657163517047224,0.8325534985797045,False,False,0,1,1,CLUSTER9900,1,1.321658838284032,0.8738428713832251,0.9605329528776798,,,,,0,,0.23316946049958062,1,ai_phishing+account_takeover,social_engineering+access,text_generation+credential_stuffing_automation,0.928,True,synthetic
TXN387629746947,U6210904,2026-06-01 14:38:32,426.01,USD,p2p_transfer,credit_card,MID191695,5411,Grocery Stores,0.122,DEV32154472,android_mobile,0.030787282751284832,EG,DE,True,14,True,81.61904111326774,4,0,5.74,395,in_branch,video_verified,prime,74.26,147,1,0,0.3953401837631172,0.788575725177754,True,True,0,1,1,CLUSTER5370,2,0.2806267899884167,0.920168909746699,0.8972319351297839,,,,,0,,0.19578909839345285,1,ai_phishing+account_takeover,social_engineering+access,text_generation+credential_stuffing_automation,0.96,True,synthetic
TXN316167619613,U6857499,2026-08-27 18:22:27,180.96,USD,p2p_transfer,digital_wallet,MID773813,5732,Electronics Stores,0.297,DEV28731137,linux_desktop,0.03670163743311214,ID,SG,True,18,True,336.714701154225,5,2,28.42,877,mobile_app_remote,in_branch_verified,thin_file,24.72,47,2,0,0.6898058750822533,0.9773467295220344,True,False,0,1,1,CLUSTER6813,2,0.5015726805244386,0.8646755073645201,0.8366134892396775,,,,,0,,0.035253583287334835,1,ai_phishing+account_takeover,social_engineering+access,text_generation+credential_stuffing_automation,0.89,True,synthetic
TXN853081092109,U6602815,2026-08-05 02:11:39,826.21,USD,p2p_transfer,bank_transfer,MID512925,4829,Money Transfer,0.271,DEV17660251,windows_desktop,0.16972837715144246,BD,SG,True,2,False,121.56239891806601,3,0,1.59,724,agent_assisted,unverified,near_prime,133.45,62,2,1,0.7106479675172008,0.8023316478415442,True,False,0,1,1,CLUSTER8659,2,0.022171986250196007,0.7502329224792094,0.8511735202228486,,,,,0,,0.16349812475744194,1,ai_phishing+account_takeover,social_engineering+access,text_generation+credential_stuffing_automation,0.899,True,synthetic
TXN123460907206,U0311238,2026-06-15 10:34:19,273.81,USD,card_not_present_online,bank_transfer,MID112360,6300,Insurance,0.141,DEV81279946,android_mobile,0.020468727368896784,PK,CA,True,10,False,429.2722746580379,4,1,2.23,392,mobile_app_remote,basic_document,thin_file,65.4,224,2,0,0.8168537341626343,0.930220651154848,True,False,0,1,1,CLUSTER6671,1,2.7468025470227824,0.7245040622369066,0.8303291649655633,,,,,0,,0.14242464221675116,1,ai_phishing+account_takeover,social_engineering+access,text_generation+credential_stuffing_automation,0.906,True,synthetic
TXN713293176421,U1023934,2026-07-18 02:52:05,556.52,USD,card_not_present_online,bank_transfer,MID650811,5411,Grocery Stores,0.272,DEV26486948,ios_mobile,0.03769516190897303,EG,GB,True,2,True,329.00133925302544,5,0,1.81,217,agent_assisted,video_verified,prime,57.52,5,1,1,0.7147023348755406,0.7493705791715768,False,True,0,1,2,CLUSTER9305,3,2.3728304178234456,0.7777905649678764,0.8511958245703628,,,,,0,,0.2042405901478859,1,ai_phishing+account_takeover,social_engineering+access,text_generation+credential_stuffing_automation,0.866,True,synthetic
TXN806474026028,U6158440,2026-08-20 20:02:51,160.69,USD,card_not_present_online,bank_transfer,MID900858,6011,ATM / Cash Disbursement,0.205,DEV65205194,ios_mobile,0.09567575838220663,BD,US,True,20,False,37.364292016407916,3,1,9.5,409,api_partner_onboarding,unverified,prime,46.35,114,2,1,0.6891403270588794,0.7078602125642313,False,False,0,1,1,CLUSTER1016,3,2.544980710967042,0.7508959735027283,0.894018554462748,,,,,0,,0.19393844871298407,1,ai_phishing+account_takeover,social_engineering+access,text_generation+credential_stuffing_automation,0.922,True,synthetic
TXN417531247079,U1500101,2026-06-24 20:43:48,469.27,USD,card_not_present_online,debit_card,MID223171,4829,Money Transfer,0.042,DEV11909364,android_mobile,0.19965250671158719,PK,AU,True,20,False,548.6635907529839,6,1,15.06,705,web_remote,in_branch_verified,prime,31.15,38,2,0,0.20899622488437303,0.8444955221042632,False,False,0,1,1,CLUSTER5906,1,2.1292753984964747,0.7383599362492911,0.9301972864849286,,,,,0,,0.04461813005236601,1,ai_phishing+account_takeover,social_engineering+access,text_generation+credential_stuffing_automation,0.954,True,synthetic
TXN965404344343,U1817715,2026-08-24 16:15:36,344.26,USD,card_not_present_online,digital_wallet,MID795560,8299,Educational Services,0.198,DEV99529134,linux_desktop,0.14245034697270628,RU,DE,True,16,False,499.67965039153864,7,3,3.29,109,in_branch,video_verified,subprime,112.93,183,1,0,0.7791459404235299,0.8888058691312619,True,True,0,1,1,CLUSTER4049,1,1.8259575946594833,0.9420589538607295,0.9282420974818744,,,,,0,,0.10689726559816672,1,ai_phishing+account_takeover,social_engineering+access,text_generation+credential_stuffing_automation,0.948,True,synthetic
TXN405300983214,U6264460,2026-08-17 19:12:09,275.84,USD,p2p_transfer,debit_card,MID669156,6011,ATM / Cash Disbursement,0.134,DEV42820841,mac_desktop,0.1818038784034184,BD,SG,True,19,True,252.30839685219146,8,2,4.54,254,mobile_app_remote,unverified,near_prime,101.78,128,2,1,0.8005605756569162,0.868569245533535,False,False,0,1,2,CLUSTER9256,3,1.1753114366954787,0.9218371774218656,0.9207109928515318,,,,,0,,0.090349145006135,1,ai_phishing+account_takeover,social_engineering+access,text_generation+credential_stuffing_automation,0.894,True,synthetic
TXN664459102737,U4273526,2026-08-22 00:41:19,154.99,USD,card_not_present_online,debit_card,MID662416,5812,Restaurants,0.287,DEV52463233,linux_desktop,0.05820969591337706,NG,DE,True,0,False,570.0376619330161,3,1,1.55,693,in_branch,basic_document,thin_file,211.77,189,2,0,0.563788286591315,0.892387258104022,True,False,0,1,1,CLUSTER1137,1,1.6988687716130824,0.8465561882831674,0.9836017633036992,,,,,0,,0.10771373090040408,1,ai_phishing+account_takeover,social_engineering+access,text_generation+credential_stuffing_automation,0.941,True,synthetic
TXN395323224188,U8049290,2026-07-31 18:36:04,365.16,USD,p2p_transfer,bank_transfer,MID891071,5967,Direct Marketing / Adult,0.263,DEV62678705,ios_mobile,0.19730721567710738,ID,DE,True,18,False,158.257167558315,6,0,1.01,505,agent_assisted,in_branch_verified,thin_file,78.64,270,1,1,0.6296570638212454,0.9330996336269936,True,False,0,1,2,CLUSTER1481,1,2.0476176342752406,0.9115842455815203,0.8830606394607919,,,,,0,,0.020479793778102485,1,ai_phishing+account_takeover,social_engineering+access,text_generation+credential_stuffing_automation,0.959,True,synthetic
TXN314890321436,U5776734,2026-06-11 15:33:13,256.72,USD,card_not_present_online,bank_transfer,MID533375,6051,Crypto / Digital Currency,0.133,DEV84566554,mac_desktop,0.15269718099731733,ID,GB,True,15,False,325.87958436654856,5,1,22.12,621,mobile_app_remote,in_branch_verified,prime,14.96,101,1,0,0.7277587246649863,0.900758187670506,True,False,0,1,1,CLUSTER3601,2,1.7028469307872038,0.9557921141080787,0.9513619635111956,,,,,0,,0.06643525043706026,1,ai_phishing+account_takeover,social_engineering+access,text_generation+credential_stuffing_automation,0.976,True,synthetic
TXN440887278191,U1881707,2026-08-12 00:54:55,125.72,USD,p2p_transfer,digital_wallet,MID489329,5999,Misc Retail,0.266,DEV34093767,mac_desktop,0.05877581406593052,PK,DE,True,0,False,308.9983625394853,8,2,2.65,648,web_remote,unverified,near_prime,47.45,220,1,1,0.38477565773770095,0.8472520687107179,False,False,0,1,2,CLUSTER1596,2,1.903100011791731,0.8449255895715078,0.7766281665089682,,,,,0,,0.16837611378412753,1,ai_phishing+account_takeover,social_engineering+access,text_generation+credential_stuffing_automation,0.964,True,synthetic
TXN770171409195,U9555288,2026-06-16 10:05:11,489.46,USD,p2p_transfer,upi,MID339594,5411,Grocery Stores,0.52,DEV28449997,ios_mobile,0.13206140141116335,VN,GB,True,10,True,117.11010333674454,2,0,1.9,667,agent_assisted,basic_document,super_prime,163.36,99,2,0,0.5921010685542875,0.8609190325966629,True,False,0,1,2,CLUSTER5402,2,2.0477893438016634,0.9221662242002746,0.8108531288061699,,,,,0,,0.1425088168475566,1,ai_phishing+account_takeover,social_engineering+access,text_generation+credential_stuffing_automation,0.961,True,synthetic
TXN689884152869,U2301434,2026-07-04 09:02:43,289.51,USD,card_not_present_online,bank_transfer,MID131661,5732,Electronics Stores,0.131,DEV67793411,linux_desktop,0.03642780891154921,BD,NL,True,9,True,418.1792278656502,6,0,1.78,636,mobile_app_remote,unverified,prime,65.74,184,2,1,0.5996349715804054,0.7814382138974353,False,False,0,1,1,CLUSTER6349,3,2.5790707160057154,0.9160084791156691,0.8093438168087825,,,,,0,,0.2544026664596492,1,ai_phishing+account_takeover,social_engineering+access,text_generation+credential_stuffing_automation,0.87,True,synthetic
TXN452578563191,U7868662,2026-07-23 00:50:36,197.54,USD,p2p_transfer,prepaid_card,MID951684,5311,Department Stores,0.126,DEV33627927,mac_desktop,0.15565288158533938,EG,DE,True,0,True,423.79161864418654,2,1,7.01,346,mobile_app_remote,unverified,thin_file,44.44,160,1,0,0.5963847662851217,0.7558317662131582,True,False,0,1,2,CLUSTER2587,1,0.5340655531537051,0.7055903711841077,0.9443120253602046,,,,,0,,0.2219084857328323,1,ai_phishing+account_takeover,social_engineering+access,text_generation+credential_stuffing_automation,0.88,True,synthetic
TXN527537525651,U0880323,2026-06-02 02:22:05,311.08,USD,card_not_present_online,prepaid_card,MID985174,7995,Betting / Gambling,0.065,DEV70026727,windows_desktop,0.162605405014316,ID,DE,True,2,False,563.6365446437384,5,0,40.33,805,in_branch,in_branch_verified,prime,9.73,42,1,0,0.5936424377007717,0.8248347362005614,True,True,0,1,1,CLUSTER5412,3,1.3965708715952765,0.8804920544426608,0.752232319729627,,,,,0,,0.004743882034878633,1,ai_phishing+account_takeover,social_engineering+access,text_generation+credential_stuffing_automation,0.98,True,synthetic
TXN624399268522,U7399648,2026-06-07 20:16:39,219.6,USD,card_not_present_online,digital_wallet,MID140042,4899,Cable / Streaming Services,0.241,DEV21312090,windows_desktop,0.18613150535290907,PK,CA,True,20,False,340.0750439492288,7,1,2.44,135,api_partner_onboarding,unverified,near_prime,90.16,204,2,1,0.13949441865368853,0.8513600926586455,True,False,0,1,1,CLUSTER5367,2,0.1338934713602451,0.961147294854964,0.7664785963768284,,,,,0,,0.09517289273114186,1,ai_phishing+account_takeover,social_engineering+access,text_generation+credential_stuffing_automation,0.946,True,synthetic
TXN655276179108,U1630649,2026-06-08 03:53:08,718.88,USD,card_not_present_online,credit_card,MID852444,4829,Money Transfer,0.092,DEV87033282,mac_desktop,0.08189185321619256,BD,AU,True,3,False,315.8854420818799,7,0,60.87,149,agent_assisted,unverified,near_prime,6.98,96,2,0,0.6784446344233184,0.9634234287372065,False,False,0,1,2,CLUSTER2097,2,1.0778676222471197,0.8151229440330654,0.804660841301669,,,,,0,,0.2518793029323125,1,ai_phishing+account_takeover,social_engineering+access,text_generation+credential_stuffing_automation,0.921,True,synthetic
TXN503255421378,U5816865,2026-06-11 13:50:52,267.22,USD,p2p_transfer,digital_wallet,MID455705,4722,Travel Agencies,0.474,DEV40621930,linux_desktop,0.1061208053744085,EG,CA,True,13,False,100.14179473089077,4,2,4.24,761,agent_assisted,basic_document,near_prime,19.76,284,1,0,0.639299768677794,0.9230555303577954,True,False,0,1,2,CLUSTER8245,1,2.6066322180310233,0.9445932913822489,0.934881463670881,,,,,0,,0.0501552325401945,1,ai_phishing+account_takeover,social_engineering+access,text_generation+credential_stuffing_automation,0.943,True,synthetic
TXN635274562219,U0485702,2026-06-26 00:27:54,162.62,USD,p2p_transfer,debit_card,MID579645,4722,Travel Agencies,0.112,DEV31465602,linux_desktop,0.119705004407752,NG,GB,True,0,True,563.1422130856645,3,0,9.65,370,web_remote,basic_document,thin_file,16.86,133,2,0,0.2688139405131531,0.9239435437131895,True,False,0,1,1,CLUSTER7152,3,0.7330849366253899,0.9035027560416405,0.7918869815429628,,,,,0,,0.22810388595485712,1,ai_phishing+account_takeover,social_engineering+access,text_generation+credential_stuffing_automation,0.88,True,synthetic
TXN111223120044,U3298609,2026-06-20 12:08:43,81.69,USD,card_not_present_online,bank_transfer,MID405058,4829,Money Transfer,0.292,DEV28058290,windows_desktop,0.0839594149739655,BD,US,True,12,False,30.712809577516417,4,0,8.98,423,api_partner_onboarding,in_branch_verified,prime,58.48,175,1,0,0.7218674600106864,0.8354457265215907,True,False,0,1,1,CLUSTER6199,1,1.6678795149863817,0.8374557468220494,0.9119837977582549,,,,,0,,0.0534446768509431,1,ai_phishing+account_takeover,social_engineering+access,text_generation+credential_stuffing_automation,0.861,True,synthetic
TXN516543816999,U5933266,2026-06-21 01:28:38,271.12,USD,p2p_transfer,digital_wallet,MID617699,6051,Crypto / Digital Currency,0.357,DEV78951940,mac_desktop,0.020366893951724765,PK,SE,True,1,False,190.87265595355774,6,1,11.61,428,web_remote,unverified,near_prime,42.07,259,1,0,0.5546624462396015,0.9747942836865154,True,False,0,1,1,CLUSTER6645,3,2.588515928932907,0.8961408166405241,0.8441553594786637,,,,,0,,0.2977983156874734,1,ai_phishing+account_takeover,social_engineering+access,text_generation+credential_stuffing_automation,0.934,True,synthetic
TXN831407643908,U1842213,2026-07-11 09:07:37,449.34,USD,card_not_present_online,debit_card,MID255933,5941,Sporting Goods,0.291,DEV87760188,ios_mobile,0.19730751622997283,RU,DE,True,9,True,229.57783176846633,3,1,6.63,641,api_partner_onboarding,video_verified,thin_file,67.8,275,1,0,0.1942438876795804,0.7343453277463481,False,False,0,1,2,CLUSTER3100,2,1.7421707448827586,0.8147313704036704,0.7743267110957933,,,,,0,,0.17116491508070827,1,ai_phishing+account_takeover,social_engineering+access,text_generation+credential_stuffing_automation,0.98,True,synthetic
TXN803368855351,U1662414,2026-06-22 20:54:59,1850.76,USD,card_not_present_online,debit_card,MID136407,6012,Financial Institutions - Merchandise/Services,0.178,DEV37007863,linux_desktop,0.1541965018885333,VN,JP,True,20,True,323.5301096056475,8,3,52.61,561,api_partner_onboarding,basic_document,subprime,35.18,172,1,0,0.19073978433240601,0.8100221583400233,True,True,0,1,1,CLUSTER4143,3,2.5027223266095486,0.94778324024109,0.8564705203241044,,,,,0,,0.21307671436846742,1,ai_phishing+account_takeover,social_engineering+access,text_generation+credential_stuffing_automation,0.913,True,synthetic
TXN175946839639,U6942285,2026-07-24 01:15:12,398.52,USD,card_not_present_online,prepaid_card,MID719383,5921,Liquor Stores,0.146,DEV55840192,ios_mobile,0.13182445028369252,NG,NL,True,1,True,174.25808517787294,5,1,3.72,125,mobile_app_remote,basic_document,thin_file,65.6,127,1,0,0.6695667254559667,0.7141881880895948,True,False,1,1,1,CLUSTER3269,3,2.103360337980061,0.8510715349117975,0.9630011721473158,,,,,0,,0.16299447770385853,1,ai_phishing+account_takeover,social_engineering+access,text_generation+credential_stuffing_automation,0.831,True,synthetic
TXN295717909494,U3637269,2026-06-03 15:39:09,222.41,USD,p2p_transfer,debit_card,MID421351,5967,Direct Marketing / Adult,0.05,DEV20828447,linux_desktop,0.16133291366055094,RU,SE,True,15,False,296.993361319916,4,2,5.34,618,in_branch,in_branch_verified,thin_file,41.68,99,1,0,0.22275859826469677,0.9546750348982771,True,True,0,1,1,CLUSTER6211,2,0.5309750939426653,0.9612880725245728,0.9343447920020296,,,,,0,,0.09657174999020127,1,ai_phishing+account_takeover,social_engineering+access,text_generation+credential_stuffing_automation,0.924,True,synthetic
TXN171966532108,U9199962,2026-07-28 03:29:02,295.24,USD,p2p_transfer,debit_card,MID630062,6011,ATM / Cash Disbursement,0.121,DEV68758266,mac_desktop,0.04279614472181116,EG,DE,True,3,False,104.67314750284054,2,1,3.32,459,agent_assisted,unverified,prime,88.84,47,2,0,0.3619569076711123,0.8554506922908882,True,False,0,1,1,CLUSTER8971,3,0.48743948725203146,0.7654646344910838,0.9368998189143292,,,,,0,,0.017516998214749002,1,ai_phishing+account_takeover,social_engineering+access,text_generation+credential_stuffing_automation,0.871,True,synthetic
TXN209770232538,U9017127,2026-06-18 00:15:50,282.43,USD,card_not_present_online,upi,MID116655,8299,Educational Services,0.252,DEV19339388,mac_desktop,0.059944262061519704,RU,NL,True,0,True,54.18121170954143,8,3,13.99,407,web_remote,video_verified,prime,52.68,209,2,0,0.6088599119588365,0.8642356533112692,True,False,0,1,2,CLUSTER4006,2,2.559216211591075,0.7541900139352455,0.9853050984280955,,,,,0,,0.19854929226042475,1,ai_phishing+account_takeover,social_engineering+access,text_generation+credential_stuffing_automation,0.97,True,synthetic
TXN452255341607,U0972903,2026-07-14 07:14:37,233.55,USD,p2p_transfer,debit_card,MID386729,6051,Crypto / Digital Currency,0.244,DEV29475201,android_mobile,0.10799186060660218,NG,GB,True,7,True,307.8585612298377,4,0,1.8,159,in_branch,video_verified,prime,129.72,226,1,0,0.2034144987372815,0.7827984123342082,True,False,0,1,1,CLUSTER2405,1,0.7452123525706689,0.7455708564897807,0.791473472633077,,,,,0,,0.06396441821577219,1,ai_phishing+account_takeover,social_engineering+access,text_generation+credential_stuffing_automation,0.848,True,synthetic
TXN336014943453,U0118113,2026-06-19 04:16:52,543.1,USD,card_not_present_online,debit_card,MID746967,4111,Transit / Transportation,0.129,DEV73438850,ios_mobile,0.12428208926101136,RU,SG,True,4,False,393.1650476093659,7,0,5.77,530,in_branch,video_verified,near_prime,47.94,58,1,0,0.57567786442922,0.9566372700620607,True,False,0,1,2,CLUSTER5147,3,2.4921981806445013,0.7068138639452519,0.9778092032697101,,,,,0,,0.016877728540651525,1,ai_phishing+account_takeover,social_engineering+access,text_generation+credential_stuffing_automation,0.819,True,synthetic
TXN968545112303,U3649553,2026-06-04 15:38:57,133.59,USD,p2p_transfer,upi,MID375028,5541,Fuel / Gas Stations,0.502,DEV12790124,android_mobile,0.026796056061071164,PK,NL,True,15,False,75.1878816193257,4,1,1.02,218,agent_assisted,unverified,subprime,131.23,192,1,0,0.39713566963528746,0.8771646701814242,True,False,1,1,1,CLUSTER1011,1,0.714811722325221,0.8980238428428292,0.8450222976806709,,,,,0,,0.22749018219115905,1,ai_phishing+account_takeover,social_engineering+access,text_generation+credential_stuffing_automation,0.853,True,synthetic
TXN567368346208,U0865826,2026-06-26 11:50:02,490.67,USD,card_not_present_online,debit_card,MID670954,5812,Restaurants,0.15,DEV99722097,android_mobile,0.19010683935017433,NG,CA,True,11,False,583.3015492182669,5,3,8.4,637,agent_assisted,in_branch_verified,near_prime,33.72,33,1,1,0.7164639645328207,0.8429145055228037,True,False,0,1,2,CLUSTER8643,1,1.5468393738173267,0.867462275061343,0.884298363061753,,,,,0,,0.00763802176119096,1,ai_phishing+account_takeover,social_engineering+access,text_generation+credential_stuffing_automation,0.944,True,synthetic
TXN922630597783,U5212702,2026-07-14 19:34:57,104.05,USD,card_not_present_online,debit_card,MID331319,5691,Apparel,0.287,DEV46099251,windows_desktop,0.06720533263362097,EG,JP,True,19,False,382.1180504310515,3,1,11.82,771,mobile_app_remote,unverified,prime,68.72,98,1,1,0.7036722792887096,0.7419738709264391,False,False,0,1,1,CLUSTER2055,2,1.548076217890417,0.7756542844065435,0.8661039064499019,,,,,0,,0.05735690741132919,1,ai_phishing+account_takeover,social_engineering+access,text_generation+credential_stuffing_automation,0.88,True,synthetic
TXN792165259474,U9803259,2026-07-24 20:42:09,144.86,USD,p2p_transfer,prepaid_card,MID720137,5732,Electronics Stores,0.37,DEV35943562,linux_desktop,0.12701364071056673,PK,AU,True,20,True,247.83732127786658,5,0,1.65,871,web_remote,unverified,subprime,88.03,106,1,0,0.11753169182026982,0.9220963169154768,True,True,0,1,1,CLUSTER5062,1,2.6967712284454484,0.7527393833737077,0.904945501896548,,,,,0,,0.0802740063377059,1,ai_phishing+account_takeover,social_engineering+access,text_generation+credential_stuffing_automation,0.962,True,synthetic
TXN902910963030,U3486523,2026-08-24 10:34:47,185.9,USD,p2p_transfer,debit_card,MID297184,6300,Insurance,0.114,DEV12021610,android_mobile,0.03285060303354205,EG,DE,True,10,True,456.9476434310212,5,2,7.49,759,api_partner_onboarding,video_verified,prime,24.81,19,1,0,0.3886880181293281,0.9151821428851455,True,True,0,1,1,CLUSTER6058,3,2.0500979073338708,0.7906369220218576,0.9103086738693873,,,,,0,,0.0244752881561227,1,ai_phishing+account_takeover,social_engineering+access,text_generation+credential_stuffing_automation,0.839,True,synthetic
TXN898195259276,U1568475,2026-08-19 23:21:29,217.93,USD,p2p_transfer,prepaid_card,MID962579,5691,Apparel,0.093,DEV45923004,mac_desktop,0.028307818064990754,EG,SG,True,23,False,64.87025408449078,4,1,6.27,76,mobile_app_remote,in_branch_verified,prime,53.92,102,1,0,0.8489279462901491,0.9392357579278876,True,False,0,1,1,CLUSTER3376,1,1.533006161959002,0.8897861018487733,0.8012907025018378,,,,,0,,0.054891823766414105,1,ai_phishing+account_takeover,social_engineering+access,text_generation+credential_stuffing_automation,0.876,True,synthetic
TXN406073335684,U0560043,2026-08-06 22:52:12,540.22,USD,card_not_present_online,bank_transfer,MID600147,5732,Electronics Stores,0.131,DEV27606371,android_mobile,0.1660951129375663,RU,SE,True,22,False,349.95958105300093,7,2,3.45,878,in_branch,video_verified,near_prime,156.39,115,2,0,0.10884766551470776,0.8250283267680286,True,False,0,1,2,CLUSTER5918,1,2.1465743554523855,0.7473168575119086,0.8476852064552782,,,,,0,,0.1330324845436009,1,ai_phishing+account_takeover,social_engineering+access,text_generation+credential_stuffing_automation,0.963,True,synthetic
TXN846889001234,U4526486,2026-06-01 09:26:53,122.61,USD,card_not_present_online,credit_card,MID135928,5691,Apparel,0.404,DEV32719833,windows_desktop,0.18828535234756225,VN,SE,True,9,False,245.85324969020817,4,0,18.88,792,mobile_app_remote,unverified,super_prime,37.08,245,2,0,0.5547642060534893,0.8811152488976236,False,False,0,1,2,CLUSTER3169,2,2.232992274567701,0.8553838302587065,0.9658333183875282,,,,,0,,0.011113571861442795,1,ai_phishing+account_takeover,social_engineering+access,text_generation+credential_stuffing_automation,0.9,True,synthetic
TXN581083619914,U0372413,2026-08-05 20:08:26,256.53,USD,p2p_transfer,bank_transfer,MID951888,7995,Betting / Gambling,0.306,DEV24787101,windows_desktop,0.07681690402452358,ID,AU,True,20,False,417.5812938541658,3,1,5.44,630,web_remote,basic_document,near_prime,65.91,51,1,0,0.6824897914983847,0.7872344935895716,True,False,0,1,2,CLUSTER6676,1,2.6740525226837772,0.7779270295149416,0.7640287621142506,,,,,0,,0.19677800923447517,1,ai_phishing+account_takeover,social_engineering+access,text_generation+credential_stuffing_automation,0.974,True,synthetic
TXN392742867941,U8163794,2026-08-08 18:20:54,905.87,USD,p2p_transfer,debit_card,MID922128,5941,Sporting Goods,0.579,DEV46432803,windows_desktop,0.07516819268299588,NG,SG,True,18,True,397.68130895711835,6,1,27.08,118,web_remote,basic_document,near_prime,33.45,37,1,0,0.26653527550669487,0.8954778390671967,True,False,0,1,1,CLUSTER1954,2,2.365008232191449,0.7551080840889726,0.9546572299850471,,,,,0,,0.1679805043260846,1,ai_phishing+account_takeover,social_engineering+access,text_generation+credential_stuffing_automation,0.951,True,synthetic
TXN990783053938,U9416720,2026-07-21 02:57:27,539.22,USD,p2p_transfer,debit_card,MID437975,4111,Transit / Transportation,0.139,DEV39259687,linux_desktop,0.1921433335362632,ID,SE,True,2,False,197.86510241956125,2,1,22.37,861,mobile_app_remote,in_branch_verified,prime,35.84,75,2,0,0.8064201041601468,0.9758067568816521,True,False,0,1,1,CLUSTER1805,1,0.4995727937117027,0.8289835630258192,0.7944898798052509,,,,,0,,0.22467763506872565,1,ai_phishing+account_takeover,social_engineering+access,text_generation+credential_stuffing_automation,0.976,True,synthetic
TXN377170192927,U9863034,2026-06-18 04:49:55,249.81,USD,p2p_transfer,digital_wallet,MID451124,6011,ATM / Cash Disbursement,0.346,DEV90356476,mac_desktop,0.14264292388880953,NG,NL,True,4,False,367.53263701949896,8,1,5.56,203,api_partner_onboarding,basic_document,subprime,62.07,171,1,0,0.7690048130496514,0.8001077739725609,True,False,0,1,1,CLUSTER4525,3,1.310952137847822,0.8589267506043532,0.9818461757846406,,,,,0,,0.2869305048647997,1,ai_phishing+account_takeover,social_engineering+access,text_generation+credential_stuffing_automation,0.925,True,synthetic
TXN674666789759,U3659128,2026-08-13 13:45:51,108.21,USD,p2p_transfer,debit_card,MID165677,4899,Cable / Streaming Services,0.152,DEV73178578,windows_desktop,0.07179554205358521,PK,US,True,13,True,516.3346997136891,3,1,6.76,656,agent_assisted,unverified,prime,52.8,210,2,0,0.58598823811833,0.8037867240169141,False,True,0,1,1,CLUSTER3023,1,0.9945597518027314,0.9009138023940364,0.8584239321198348,,,,,0,,0.05968664245252783,1,ai_phishing+account_takeover,social_engineering+access,text_generation+credential_stuffing_automation,0.955,True,synthetic
TXN620973889596,U4312060,2026-06-13 01:01:27,460.06,USD,card_not_present_online,upi,MID988807,6300,Insurance,0.354,DEV19333130,ios_mobile,0.1615905312286821,RU,NL,True,1,True,279.5146485319839,7,1,5.0,370,web_remote,basic_document,super_prime,49.59,246,2,0,0.7966562277008171,0.7764257560380604,True,False,0,1,2,CLUSTER1928,2,1.118748254795678,0.7154513742216265,0.9747601634530451,,,,,0,,0.1575094584853346,1,ai_phishing+account_takeover,social_engineering+access,text_generation+credential_stuffing_automation,0.969,True,synthetic
TXN203449902595,U2987407,2026-08-26 00:59:06,430.34,USD,p2p_transfer,prepaid_card,MID854268,5311,Department Stores,0.14,DEV61298024,ios_mobile,0.1956231529488328,PK,NL,True,0,True,476.4923091796197,8,1,4.96,553,in_branch,video_verified,prime,86.71,104,2,0,0.12000209369492867,0.7396552977393267,False,False,0,1,1,CLUSTER2940,1,0.6827476287555423,0.7943249756342448,0.9035678899902754,,,,,0,,0.17321176943373337,1,ai_phishing+account_takeover,social_engineering+access,text_generation+credential_stuffing_automation,0.902,True,synthetic
TXN924978396574,U5118733,2026-07-31 01:40:55,287.01,USD,p2p_transfer,credit_card,MID910252,5732,Electronics Stores,0.248,DEV59377865,mac_desktop,0.10811873190666434,ID,AU,True,1,False,235.45895422226693,2,2,4.19,208,agent_assisted,basic_document,super_prime,68.53,220,1,0,0.10030329084959473,0.7825100245580324,True,True,0,1,2,CLUSTER3800,1,1.1757804126298037,0.8015171629125292,0.7882511127976801,,,,,0,,0.07489936188000706,1,ai_phishing+account_takeover,social_engineering+access,text_generation+credential_stuffing_automation,0.885,True,synthetic
TXN787543380816,U9990373,2026-06-05 16:52:21,326.44,USD,p2p_transfer,digital_wallet,MID673413,4899,Cable / Streaming Services,0.126,DEV21089930,mac_desktop,0.05891206965508215,VN,NL,True,16,True,100.1959914815073,8,0,3.79,401,web_remote,basic_document,subprime,86.17,255,2,0,0.20921065117992457,0.7556114900161481,False,False,0,1,1,CLUSTER6262,2,2.8201597833642915,0.79376388915087,0.8478709291936523,,,,,0,,0.28586875000257445,1,ai_phishing+account_takeover,social_engineering+access,text_generation+credential_stuffing_automation,0.971,True,synthetic
TXN412235898596,U3998403,2026-08-29 09:09:08,662.34,USD,p2p_transfer,credit_card,MID733781,5691,Apparel,0.033,DEV25477951,linux_desktop,0.18549612197032625,NG,NL,True,9,True,46.77097490673937,3,0,10.9,874,web_remote,video_verified,near_prime,30.61,242,2,0,0.6808026797830085,0.8889213434890757,True,False,0,1,1,CLUSTER5495,2,2.753058634536859,0.8784366373131115,0.9339467295300254,,,,,0,,0.24610675666374876,1,ai_phishing+account_takeover,social_engineering+access,text_generation+credential_stuffing_automation,0.942,True,synthetic
TXN789117897071,U2716462,2026-08-09 16:05:33,130.76,USD,card_not_present_online,debit_card,MID526836,5999,Misc Retail,0.11,DEV82920054,mac_desktop,0.058714850585623785,NG,US,True,16,False,228.0364671813697,8,1,3.95,619,web_remote,video_verified,subprime,65.32,90,1,0,0.7386791015170266,0.7656272418958546,True,False,0,1,1,CLUSTER7434,2,2.9660733321616726,0.9590284976667047,0.9715093582429439,,,,,0,,0.14592917033180694,1,ai_phishing+account_takeover,social_engineering+access,text_generation+credential_stuffing_automation,0.871,True,synthetic
TXN100123684709,U0215536,2026-07-14 03:52:07,343.4,USD,card_not_present_online,prepaid_card,MID699348,5999,Misc Retail,0.094,DEV15643556,linux_desktop,0.19803190727593017,ID,CA,True,3,False,567.4572006828517,6,1,10.23,560,agent_assisted,basic_document,near_prime,33.56,220,1,0,0.14175933679940148,0.8747004218403405,True,True,0,1,2,CLUSTER4672,1,0.629967094715938,0.8200840080765789,0.9829449987169689,,,,,0,,0.07562750538656911,1,ai_phishing+account_takeover,social_engineering+access,text_generation+credential_stuffing_automation,0.917,True,synthetic
TXN913624017454,U5420008,2026-07-19 07:43:35,184.24,USD,p2p_transfer,credit_card,MID176973,4722,Travel Agencies,0.401,DEV12745265,linux_desktop,0.11490419360908953,BD,US,True,7,False,331.59212049324947,4,0,1.36,66,web_remote,basic_document,super_prime,325.81,46,1,0,0.8175591892331207,0.8215117847481314,False,False,0,1,1,CLUSTER6495,1,0.8657642245314386,0.8865200402322242,0.786828011950979,,,,,0,,0.017508316445955928,1,ai_phishing+account_takeover,social_engineering+access,text_generation+credential_stuffing_automation,0.978,True,synthetic
TXN892150745509,U9063630,2026-06-02 20:00:31,90.45,USD,card_not_present_online,bank_transfer,MID929574,5964,Direct Marketing / Catalog,0.059,DEV30331151,mac_desktop,0.150269932893467,NG,NL,True,20,False,83.39684797969534,8,1,17.21,76,api_partner_onboarding,unverified,subprime,20.16,25,2,1,0.6751957834578013,0.9158947653356828,False,False,0,1,2,CLUSTER6987,3,1.2770990888299263,0.8113610124850368,0.8659890293542039,,,,,0,,0.1090527984536668,1,ai_phishing+account_takeover,social_engineering+access,text_generation+credential_stuffing_automation,0.906,True,synthetic
TXN920068789265,U8670866,2026-08-29 20:33:07,240.2,USD,card_not_present_online,bank_transfer,MID428134,5661,Shoe Stores,0.047,DEV22735435,windows_desktop,0.08085222507926383,ID,DE,True,20,False,564.1344046737029,4,2,10.31,204,mobile_app_remote,in_branch_verified,near_prime,29.92,174,1,0,0.6940767069724356,0.7590133357671386,False,False,0,1,2,CLUSTER8212,2,2.731437840244716,0.7936380872155616,0.884380905853398,,,,,0,,0.25836198644631,1,ai_phishing+account_takeover,social_engineering+access,text_generation+credential_stuffing_automation,0.92,True,synthetic
TXN998869988548,U3382041,2026-06-01 03:27:52,54.15,USD,card_not_present_online,prepaid_card,MID853244,5999,Misc Retail,0.457,DEV88300909,linux_desktop,0.03443662007390807,RU,AU,True,3,True,86.1803426929601,5,1,6.49,373,agent_assisted,unverified,near_prime,69.89,28,1,1,0.7342653617471179,0.838392179124499,True,False,0,1,2,CLUSTER4316,3,2.4772073308469693,0.7055289448391217,0.8296968746156729,,,,,0,,0.0022028469612465074,1,ai_phishing+account_takeover,social_engineering+access,text_generation+credential_stuffing_automation,0.94,True,synthetic
TXN687009185535,U6677736,2026-07-27 12:16:56,877.83,USD,card_not_present_online,credit_card,MID175905,7011,Hotels / Lodging,0.02,DEV42882885,mac_desktop,0.15672302435823426,EG,JP,True,12,True,461.29096482547527,5,1,30.82,846,web_remote,video_verified,subprime,28.48,202,2,0,0.31810117161661533,0.7886722600724949,True,False,0,1,1,CLUSTER7588,2,1.8376847172996222,0.9416083054274289,0.7851704306886296,,,,,0,,0.20769478450121026,1,ai_phishing+account_takeover,social_engineering+access,text_generation+credential_stuffing_automation,0.919,True,synthetic
TXN967405090267,U8330944,2026-08-14 13:03:10,447.34,USD,p2p_transfer,upi,MID843361,5691,Apparel,0.227,DEV27670449,linux_desktop,0.16194364939430303,RU,DE,True,13,False,321.610032960102,7,3,23.59,793,mobile_app_remote,in_branch_verified,subprime,18.96,66,2,0,0.3286677928438696,0.8549296130325957,True,True,0,1,2,CLUSTER9647,1,0.5489947823431742,0.7767252796612583,0.987479421218877,,,,,0,,0.29897798978069945,1,ai_phishing+account_takeover,social_engineering+access,text_generation+credential_stuffing_automation,0.964,True,synthetic
TXN747262277516,U4872584,2026-06-02 22:58:29,175.77,USD,p2p_transfer,bank_transfer,MID883426,7011,Hotels / Lodging,0.111,DEV22510970,windows_desktop,0.04599449843068586,PK,GB,True,22,True,168.30479127985174,4,4,7.22,233,api_partner_onboarding,in_branch_verified,prime,24.35,157,2,1,0.13228396107142792,0.9612992240132735,True,False,0,1,2,CLUSTER8039,2,0.5488417974846093,0.7784724178356711,0.7550441636652443,,,,,0,,0.08635610587372297,1,ai_phishing+account_takeover,social_engineering+access,text_generation+credential_stuffing_automation,0.925,True,synthetic
TXN281099420713,U9003909,2026-08-08 03:37:09,83.08,USD,p2p_transfer,upi,MID360030,5311,Department Stores,0.336,DEV23582373,windows_desktop,0.17156479974299205,BD,SG,True,3,False,114.34453688654783,3,3,51.06,476,api_partner_onboarding,video_verified,thin_file,19.26,130,1,0,0.6922878757824787,0.7220886487805381,False,False,0,1,2,CLUSTER8690,3,0.0809607151030739,0.7571479635620861,0.7762444591286706,,,,,0,,0.03497809365522884,1,ai_phishing+account_takeover,social_engineering+access,text_generation+credential_stuffing_automation,0.894,True,synthetic
TXN987761369836,U3862858,2026-07-17 03:03:14,547.11,USD,p2p_transfer,upi,MID184677,6012,Financial Institutions - Merchandise/Services,0.183,DEV14909972,android_mobile,0.030581922152288905,EG,CA,True,3,False,153.0409448193823,3,1,11.96,342,api_partner_onboarding,basic_document,prime,45.76,31,1,1,0.3750560558552335,0.7518879420199692,True,False,0,1,2,CLUSTER9193,1,2.741607735673796,0.8186646848978847,0.8643916832650558,,,,,0,,0.008427149933813416,1,ai_phishing+account_takeover,social_engineering+access,text_generation+credential_stuffing_automation,0.864,True,synthetic
TXN409518819588,U1784730,2026-08-26 13:35:49,217.28,USD,card_not_present_online,bank_transfer,MID420504,6300,Insurance,0.297,DEV47563668,android_mobile,0.16916056929221174,RU,SG,True,13,False,514.621920022112,3,2,16.87,825,web_remote,video_verified,subprime,26.48,282,1,2,0.7586073921571679,0.8312205364686056,True,True,0,1,1,CLUSTER4502,2,0.5268698801398642,0.7663732526614256,0.9315492517057367,,,,,0,,0.23995440988214106,1,ai_phishing+account_takeover,social_engineering+access,text_generation+credential_stuffing_automation,0.925,True,synthetic
TXN277379550172,U7636203,2026-08-06 11:57:52,165.07,USD,p2p_transfer,bank_transfer,MID324623,5661,Shoe Stores,0.201,DEV68666011,windows_desktop,0.11767874125686936,VN,DE,True,11,False,373.3559686002018,3,2,2.53,365,web_remote,in_branch_verified,near_prime,65.12,161,1,0,0.10312373182711936,0.9504646930644076,True,False,0,1,1,CLUSTER5796,2,0.8031526112722369,0.7945782388243366,0.939409698994313,,,,,0,,0.1657683189494014,1,ai_phishing+account_takeover,social_engineering+access,text_generation+credential_stuffing_automation,0.907,True,synthetic
TXN160912411200,U4939122,2026-06-11 15:11:46,348.41,USD,card_not_present_online,credit_card,MID685064,8011,Healthcare,0.126,DEV41446124,linux_desktop,0.11304696071261275,VN,SG,True,15,True,184.47705310053203,4,0,12.51,541,api_partner_onboarding,basic_document,prime,27.84,164,2,0,0.37073420927958833,0.9738899847301667,False,False,0,1,1,CLUSTER3564,2,0.6774803679360228,0.872953914602913,0.9891065855876063,,,,,0,,0.06966005498013769,1,ai_phishing+account_takeover,social_engineering+access,text_generation+credential_stuffing_automation,0.862,True,synthetic
TXN887268568664,U7494232,2026-07-03 01:58:19,451.33,USD,card_not_present_online,prepaid_card,MID694031,5691,Apparel,0.238,DEV72219849,windows_desktop,0.1513422049024155,EG,NL,True,1,False,403.2803413484125,5,0,1.86,440,mobile_app_remote,unverified,prime,242.39,271,2,0,0.2980555886386064,0.8562631652241086,False,False,0,1,2,CLUSTER9842,2,2.619901397803276,0.8877240831386847,0.80045003919177,,,,,0,,0.1006874496068806,1,ai_phishing+account_takeover,social_engineering+access,text_generation+credential_stuffing_automation,0.97,True,synthetic
TXN749634692460,U9712950,2026-06-04 09:27:02,259.8,USD,card_not_present_online,credit_card,MID508536,4722,Travel Agencies,0.291,DEV83048111,windows_desktop,0.18130480000506072,BD,GB,True,9,False,35.24622938668127,6,0,3.74,315,agent_assisted,in_branch_verified,super_prime,87.35,214,2,0,0.6491873787094079,0.9662792324062732,True,False,0,1,1,CLUSTER8559,3,0.8847703910065071,0.8539644426264177,0.8553784144601488,,,,,0,,0.2935200204297618,1,ai_phishing+account_takeover,social_engineering+access,text_generation+credential_stuffing_automation,0.901,True,synthetic
TXN689226881004,U3109254,2026-07-22 19:23:44,279.11,USD,p2p_transfer,debit_card,MID560462,7995,Betting / Gambling,0.296,DEV49215861,ios_mobile,0.08751341150507268,BD,AU,True,19,True,517.0328838395382,8,1,15.6,131,in_branch,basic_document,subprime,17.89,64,2,0,0.3732554269269811,0.7054199046737938,False,False,0,1,1,CLUSTER8359,1,0.9363292531134307,0.9222196556728107,0.8978911722552437,,,,,0,,0.2870418465739468,1,ai_phishing+account_takeover,social_engineering+access,text_generation+credential_stuffing_automation,0.856,True,synthetic
TXN873169125575,U3347000,2026-07-13 00:28:53,113.83,USD,p2p_transfer,upi,MID923561,5921,Liquor Stores,0.098,DEV97013136,mac_desktop,0.15950466644496475,VN,DE,True,0,False,244.1254824107005,7,3,29.33,499,api_partner_onboarding,in_branch_verified,thin_file,13.55,177,2,0,0.6697326835193711,0.8167467161035371,True,False,0,1,2,CLUSTER5658,2,0.7252807357319563,0.8999457086654761,0.7729873903025583,,,,,0,,0.2598517077010227,1,ai_phishing+account_takeover,social_engineering+access,text_generation+credential_stuffing_automation,0.951,True,synthetic
TXN537110393809,U6806622,2026-07-11 23:22:31,244.06,USD,p2p_transfer,credit_card,MID796455,8299,Educational Services,0.156,DEV78725163,android_mobile,0.042171541874768764,BD,US,True,23,False,277.7416541126381,5,1,5.2,822,api_partner_onboarding,video_verified,subprime,52.18,266,1,0,0.7103244588489201,0.8581128777612659,True,False,0,1,1,CLUSTER9385,3,2.3011217344086963,0.7006696679186064,0.7910367374876488,,,,,0,,0.23993141551275463,1,ai_phishing+account_takeover,social_engineering+access,text_generation+credential_stuffing_automation,0.92,True,synthetic
TXN603131817763,U6189250,2026-06-06 21:47:38,237.75,USD,card_not_present_online,upi,MID471496,5732,Electronics Stores,0.055,DEV26311856,mac_desktop,0.09154177519137302,BD,DE,True,21,False,417.2403119907645,5,2,6.39,249,web_remote,video_verified,subprime,24.87,63,1,2,0.8027195984929278,0.8611131579959428,True,False,0,1,1,CLUSTER6170,1,0.6619826171790028,0.8225540616521092,0.9456099077556626,,,,,0,,0.18232912807378285,1,ai_phishing+account_takeover,social_engineering+access,text_generation+credential_stuffing_automation,0.884,True,synthetic
TXN508325212774,U5019904,2026-08-01 17:08:17,334.41,USD,card_not_present_online,upi,MID462456,6012,Financial Institutions - Merchandise/Services,0.126,DEV37868817,ios_mobile,0.15271208899001917,RU,GB,True,17,False,545.0638934835989,6,0,12.47,848,in_branch,basic_document,near_prime,15.64,235,2,0,0.567596210784665,0.7709069965867111,True,False,0,1,2,CLUSTER3129,1,2.366601097559318,0.8304029725174621,0.9283117906969132,,,,,0,,0.14662905821071578,1,ai_phishing+account_takeover,social_engineering+access,text_generation+credential_stuffing_automation,0.944,True,synthetic
TXN986864932810,U7710187,2026-06-02 19:45:20,143.21,USD,p2p_transfer,upi,MID870366,5691,Apparel,0.131,DEV99652420,mac_desktop,0.1416400257187849,PK,DE,True,19,False,354.62073912728226,8,2,3.01,354,in_branch,video_verified,near_prime,47.65,41,2,0,0.15531075213080697,0.779148220010899,True,False,0,1,2,CLUSTER1644,1,1.0339616426881426,0.7622825414818059,0.7524253263753748,,,,,0,,0.08549256922496715,1,ai_phishing+account_takeover,social_engineering+access,text_generation+credential_stuffing_automation,0.982,True,synthetic
TXN839170203850,U8575337,2026-07-10 04:12:46,354.13,USD,card_not_present_online,prepaid_card,MID296058,5999,Misc Retail,0.177,DEV23093845,mac_desktop,0.03405879208750853,RU,US,True,4,True,356.6964647319898,7,1,5.29,714,agent_assisted,unverified,near_prime,66.96,128,1,0,0.1278562010690057,0.7158040834713814,True,False,0,1,1,CLUSTER1327,1,2.1457123855154983,0.8001470112149716,0.8702713945630683,,,,,0,,0.2579394744907515,1,ai_phishing+account_takeover,social_engineering+access,text_generation+credential_stuffing_automation,0.978,True,synthetic
TXN833462042225,U1239305,2026-07-23 13:31:29,55.42,USD,p2p_transfer,credit_card,MID903695,5941,Sporting Goods,0.198,DEV66319052,windows_desktop,0.11992396525899089,RU,AU,True,13,False,420.52198213200546,3,2,10.08,844,agent_assisted,unverified,prime,30.12,217,2,0,0.7295778384441158,0.7396967480511178,True,False,0,1,1,CLUSTER7063,2,1.4386278165089217,0.9136521945248638,0.889952162957326,,,,,0,,0.24398145397190804,1,ai_phishing+account_takeover,social_engineering+access,text_generation+credential_stuffing_automation,0.941,True,synthetic
TXN248007092463,U8474488,2026-06-16 20:58:18,464.07,USD,card_not_present_online,upi,MID513455,4899,Cable / Streaming Services,0.153,DEV69285059,linux_desktop,0.11362611498768656,ID,SE,True,20,False,396.47917765473426,7,1,13.82,113,mobile_app_remote,video_verified,thin_file,33.58,271,2,0,0.3575965910629033,0.819278816089858,True,False,0,1,1,CLUSTER6029,2,0.6194228253278972,0.856320109028053,0.8964985326380714,,,,,0,,0.13086076858651413,1,ai_phishing+account_takeover,social_engineering+access,text_generation+credential_stuffing_automation,0.864,True,synthetic
TXN813136261814,U5753851,2026-06-19 22:49:21,330.06,USD,card_not_present_online,digital_wallet,MID399094,5732,Electronics Stores,0.157,DEV73561241,android_mobile,0.14331498610791726,PK,SG,True,22,False,545.4567457286827,2,1,18.42,329,in_branch,basic_document,near_prime,17.92,237,2,1,0.1730731797786062,0.7356926646615098,True,False,0,1,1,CLUSTER6075,2,1.8380717439641705,0.8801708450012874,0.9234604868632101,,,,,0,,0.21674532477404349,1,ai_phishing+account_takeover,social_engineering+access,text_generation+credential_stuffing_automation,0.907,True,synthetic
TXN904973222092,U3579151,2026-06-20 22:35:27,186.9,USD,card_not_present_online,prepaid_card,MID572579,5967,Direct Marketing / Adult,0.219,DEV50704874,ios_mobile,0.051097479266785026,RU,JP,True,22,True,69.81200823839143,2,2,26.22,284,agent_assisted,unverified,near_prime,19.64,283,1,0,0.7489502300331203,0.8662485516679721,True,False,0,1,2,CLUSTER7680,3,2.8085736389360854,0.733205983337031,0.8409844546762176,,,,,0,,0.03153269128914599,1,ai_phishing+account_takeover,social_engineering+access,text_generation+credential_stuffing_automation,0.85,True,synthetic
TXN556064497109,U5336197,2026-07-11 13:33:58,729.14,USD,card_not_present_online,upi,MID901161,6011,ATM / Cash Disbursement,0.111,DEV51603303,windows_desktop,0.11531807964453805,BD,CA,True,13,False,33.168069126835135,4,1,4.92,401,in_branch,in_branch_verified,prime,109.27,266,1,1,0.5510130874122505,0.957049930213763,True,False,0,1,2,CLUSTER6191,1,2.8103629115464903,0.8384299990143091,0.8550451856302853,,,,,0,,0.06249935683979152,1,ai_phishing+account_takeover,social_engineering+access,text_generation+credential_stuffing_automation,0.983,True,synthetic
TXN119197493038,U2353653,2026-06-05 19:32:53,361.93,USD,p2p_transfer,credit_card,MID894526,5921,Liquor Stores,0.168,DEV70021318,android_mobile,0.17983183199870953,NG,AU,True,19,False,546.0820344934842,3,2,11.69,184,mobile_app_remote,video_verified,super_prime,30.95,256,1,1,0.21815916849992606,0.7828747131630724,True,False,0,1,1,CLUSTER3624,2,2.399450561671043,0.8615042048520676,0.751406115737566,,,,,0,,0.16653724962099278,1,ai_phishing+account_takeover,social_engineering+access,text_generation+credential_stuffing_automation,0.931,True,synthetic
TXN859208542509,U2858104,2026-06-25 20:09:56,313.36,USD,p2p_transfer,credit_card,MID701243,5311,Department Stores,0.102,DEV81345982,windows_desktop,0.13150864897605474,RU,JP,True,20,False,487.0485199804426,7,0,11.62,807,api_partner_onboarding,unverified,near_prime,16.92,158,1,0,0.5644588438586943,0.9495666992488693,False,True,0,1,1,CLUSTER5880,3,0.7338478704098116,0.8614320455997012,0.8169478308414072,,,,,0,,0.18207640997074484,1,ai_phishing+account_takeover,social_engineering+access,text_generation+credential_stuffing_automation,0.865,True,synthetic
TXN400373256551,U1600040,2026-06-05 18:44:13,253.06,USD,p2p_transfer,digital_wallet,MID486790,5812,Restaurants,0.494,DEV69643323,mac_desktop,0.12163788610924937,VN,AU,True,18,True,138.93877104186555,7,1,23.42,250,web_remote,unverified,subprime,15.5,199,2,1,0.752233192079075,0.9665691782018112,True,False,0,1,2,CLUSTER2773,3,2.6986248250986873,0.876485334920546,0.8299982830143317,,,,,0,,0.18556164912008657,1,ai_phishing+account_takeover,social_engineering+access,text_generation+credential_stuffing_automation,0.887,True,synthetic
TXN319398585955,U5933259,2026-07-22 21:28:16,149.04,USD,p2p_transfer,digital_wallet,MID392652,5999,Misc Retail,0.218,DEV31043376,windows_desktop,0.15316835995011838,BD,NL,True,21,False,138.29158815760988,5,0,11.83,173,agent_assisted,unverified,near_prime,43.54,62,2,0,0.6759695409227149,0.8334517229229212,True,False,0,1,2,CLUSTER2567,2,0.7183472280282973,0.7469628666336269,0.9788482625335545,,,,,0,,0.00707094328060025,1,ai_phishing+account_takeover,social_engineering+access,text_generation+credential_stuffing_automation,0.958,True,synthetic
TXN677402528704,U6131154,2026-08-03 02:14:12,200.25,USD,card_not_present_online,upi,MID755100,5999,Misc Retail,0.163,DEV76343794,windows_desktop,0.03107796192998941,PK,NL,True,2,False,382.10736995190575,5,0,6.09,514,agent_assisted,unverified,prime,32.87,17,1,0,0.1608004269734143,0.7507417120390854,True,False,0,1,2,CLUSTER2002,1,0.013560266748666394,0.832662147146309,0.801924482933119,,,,,0,,0.2594728267878316,1,ai_phishing+account_takeover,social_engineering+access,text_generation+credential_stuffing_automation,0.983,True,synthetic
TXN408291940405,U6255748,2026-07-02 19:23:33,621.55,USD,p2p_transfer,debit_card,MID449205,5732,Electronics Stores,0.102,DEV32152956,android_mobile,0.02297341171841697,VN,SG,True,19,False,204.96441706248368,4,1,17.43,668,agent_assisted,video_verified,near_prime,35.67,39,1,0,0.2944299948572139,0.7594421316737924,True,False,0,1,2,CLUSTER6803,3,2.7948311661701024,0.9019630257861833,0.8833191900503713,,,,,0,,0.15417739400045274,1,ai_phishing+account_takeover,social_engineering+access,text_generation+credential_stuffing_automation,0.914,True,synthetic
TXN101402966456,U6861794,2026-08-25 09:30:35,444.67,USD,card_not_present_online,debit_card,MID457556,5812,Restaurants,0.162,DEV27299236,mac_desktop,0.16640080560128254,PK,JP,True,9,False,61.01135650606203,3,2,4.03,748,in_branch,basic_document,subprime,41.94,275,2,0,0.5663597753349583,0.7428951867250722,True,False,1,1,2,CLUSTER3716,2,0.019910527869518968,0.9509658714699049,0.9835240454200022,,,,,0,,0.27505806542148414,1,ai_phishing+account_takeover,social_engineering+access,text_generation+credential_stuffing_automation,0.861,True,synthetic
TXN996028891554,U7289160,2026-08-28 19:53:17,412.08,USD,p2p_transfer,debit_card,MID739655,5967,Direct Marketing / Adult,0.326,DEV29239448,linux_desktop,0.057371082498141684,ID,SG,True,19,False,497.27326034312136,6,6,7.57,328,web_remote,basic_document,subprime,54.41,17,1,0,0.24062853410029317,0.940662917335567,False,False,0,1,1,CLUSTER3268,3,2.247716389073932,0.8484598251718468,0.9377978204106902,,,,,0,,0.2774605773908787,1,ai_phishing+account_takeover,social_engineering+access,text_generation+credential_stuffing_automation,0.984,True,synthetic
TXN435365597088,U0468524,2026-07-27 23:26:34,61.37,USD,p2p_transfer,upi,MID342449,5812,Restaurants,0.089,DEV93525720,windows_desktop,0.10221182319816764,BD,CA,True,23,False,78.5348695867838,2,1,7.7,798,agent_assisted,in_branch_verified,subprime,21.02,161,2,0,0.8347795983877083,0.9013207178209277,False,False,0,1,2,CLUSTER8218,2,1.0225970774715234,0.8250124040684422,0.8280011221127322,,,,,0,,0.12413092029074739,1,ai_phishing+account_takeover,social_engineering+access,text_generation+credential_stuffing_automation,0.956,True,synthetic
TXN964746079569,U5061315,2026-07-20 05:20:07,320.49,USD,p2p_transfer,bank_transfer,MID493530,4111,Transit / Transportation,0.098,DEV44922772,mac_desktop,0.027358758889584375,RU,SE,True,5,False,414.3605393375953,7,2,11.33,607,web_remote,basic_document,near_prime,28.29,135,1,0,0.18210466213534393,0.7204663120747149,True,True,0,1,1,CLUSTER2225,2,2.4248739553636973,0.83225814154016,0.7901962261995513,,,,,0,,0.0001846018250009407,1,ai_phishing+account_takeover,social_engineering+access,text_generation+credential_stuffing_automation,0.912,True,synthetic
TXN398035073835,U9363628,2026-06-03 12:57:31,281.83,USD,p2p_transfer,upi,MID222329,5691,Apparel,0.236,DEV76718329,linux_desktop,0.1590940497025279,NG,JP,True,12,False,474.53759747337716,6,1,13.4,762,api_partner_onboarding,basic_document,thin_file,21.03,58,2,2,0.19679732470196834,0.8230560181346124,True,False,0,1,2,CLUSTER2238,1,0.6138124698546482,0.709999130789342,0.7980816614793542,,,,,0,,0.19779172343092966,1,ai_phishing+account_takeover,social_engineering+access,text_generation+credential_stuffing_automation,0.908,True,synthetic
TXN401671456199,U9865495,2026-06-23 16:54:40,244.34,USD,p2p_transfer,prepaid_card,MID105697,7011,Hotels / Lodging,0.206,DEV42416685,android_mobile,0.10666334512728806,PK,NL,True,16,True,151.40082674344848,2,2,5.19,817,mobile_app_remote,video_verified,subprime,47.06,215,1,1,0.1051041782254908,0.7590573166447677,True,False,0,1,2,CLUSTER7325,1,0.10076271237197965,0.8231452638679415,0.8415189238961258,,,,,0,,0.2439115558409671,1,ai_phishing+account_takeover,social_engineering+access,text_generation+credential_stuffing_automation,0.901,True,synthetic
TXN614710265076,U6370307,2026-06-14 09:50:31,334.32,USD,p2p_transfer,bank_transfer,MID401873,5964,Direct Marketing / Catalog,0.075,DEV52772970,windows_desktop,0.16691174322852634,VN,DE,True,9,False,549.4564736507616,3,0,10.82,206,agent_assisted,in_branch_verified,subprime,25.66,63,2,0,0.6228991447672261,0.9209913132696201,True,True,1,1,2,CLUSTER1328,3,2.744062489863458,0.9695443582417022,0.8831912670330584,,,,,0,,0.09817923772929872,1,ai_phishing+account_takeover,social_engineering+access,text_generation+credential_stuffing_automation,0.932,True,synthetic
TXN324775734883,U3309632,2026-07-16 06:03:44,518.45,USD,card_not_present_online,upi,MID677261,5411,Grocery Stores,0.194,DEV97252874,linux_desktop,0.19241852247977215,RU,GB,True,6,False,385.20791208201445,6,1,10.97,194,mobile_app_remote,in_branch_verified,subprime,47.24,188,1,0,0.2726168381229558,0.7373696882944776,True,False,0,1,2,CLUSTER1872,1,2.5877029457787915,0.9104482444163324,0.8967519701072774,,,,,0,,0.028412660821573243,1,ai_phishing+account_takeover,social_engineering+access,text_generation+credential_stuffing_automation,0.924,True,synthetic
TXN609382610256,U2267172,2026-07-06 17:59:13,305.91,USD,p2p_transfer,debit_card,MID208812,5411,Grocery Stores,0.133,DEV66295500,ios_mobile,0.027217440727714003,VN,NL,True,17,True,541.3021880799242,7,0,14.22,597,in_branch,video_verified,subprime,21.51,222,2,0,0.25509382229773214,0.727286450590175,True,False,0,1,1,CLUSTER7431,2,2.9160084838001876,0.9462444055884818,0.8520152744927973,,,,,0,,0.08715584930446109,1,ai_phishing+account_takeover,social_engineering+access,text_generation+credential_stuffing_automation,0.928,True,synthetic
TXN826402768404,U9718263,2026-06-19 04:30:04,614.96,USD,p2p_transfer,digital_wallet,MID349871,6012,Financial Institutions - Merchandise/Services,0.088,DEV52371343,ios_mobile,0.043734872967796525,BD,DE,True,4,False,595.2502174588458,6,2,15.35,661,mobile_app_remote,in_branch_verified,super_prime,40.06,125,2,0,0.23221714564666393,0.7985348871106923,False,False,0,1,1,CLUSTER2208,1,0.3671759423061485,0.7755188738436716,0.8583244745851333,,,,,0,,0.1646079971776199,1,ai_phishing+account_takeover,social_engineering+access,text_generation+credential_stuffing_automation,0.953,True,synthetic
TXN684625011249,U9125723,2026-07-12 17:14:37,88.18,USD,card_not_present_online,debit_card,MID462080,6011,ATM / Cash Disbursement,0.208,DEV90687820,windows_desktop,0.18139391759080264,EG,CA,True,17,False,65.32456346012584,2,1,4.57,458,api_partner_onboarding,video_verified,thin_file,65.61,266,1,2,0.5513117792673621,0.8108448894952972,False,False,0,1,1,CLUSTER8209,3,1.9062458515540377,0.8184895318824726,0.9661756968027968,,,,,0,,0.08089992730733113,1,ai_phishing+account_takeover,social_engineering+access,text_generation+credential_stuffing_automation,0.952,True,synthetic
TXN703573117866,U0808244,2026-07-08 04:24:16,172.82,USD,card_not_present_online,credit_card,MID657836,5311,Department Stores,0.304,DEV96746021,ios_mobile,0.09296782259256924,RU,NL,True,4,False,418.255035526101,3,3,14.85,685,api_partner_onboarding,video_verified,subprime,34.04,81,2,0,0.794814143524034,0.837218372024995,True,False,0,1,1,CLUSTER7005,1,1.6221678381710007,0.8626677769846893,0.7506550485686446,,,,,0,,0.12256422403898715,1,ai_phishing+account_takeover,social_engineering+access,text_generation+credential_stuffing_automation,0.968,True,synthetic
TXN580505322151,U0721326,2026-06-18 19:25:11,416.71,USD,card_not_present_online,prepaid_card,MID973732,7011,Hotels / Lodging,0.146,DEV60870375,ios_mobile,0.16583475206016243,VN,NL,True,19,False,437.01288737246296,3,2,2.66,528,web_remote,unverified,prime,48.42,22,1,0,0.6581595532664173,0.924001789980524,True,True,0,1,2,CLUSTER8606,2,2.5804398822371386,0.7059685191259989,0.7918685390167017,,,,,0,,0.17951731935263263,1,ai_phishing+account_takeover,social_engineering+access,text_generation+credential_stuffing_automation,0.934,True,synthetic
TXN523196421889,U2514171,2026-07-05 10:37:02,72.28,USD,card_not_present_online,credit_card,MID649607,5941,Sporting Goods,0.161,DEV22563827,android_mobile,0.06739020485854294,BD,SG,True,10,False,392.7442937004128,4,1,18.71,809,mobile_app_remote,video_verified,thin_file,41.44,172,2,0,0.7011569111949307,0.8038425906445654,False,False,0,1,1,CLUSTER5595,3,1.3157100637154067,0.8814632540928706,0.9118259574477263,,,,,0,,0.16826665303074642,1,ai_phishing+account_takeover,social_engineering+access,text_generation+credential_stuffing_automation,0.909,True,synthetic
TXN650772632068,U9334749,2026-07-22 10:44:33,652.22,USD,p2p_transfer,debit_card,MID568089,5691,Apparel,0.108,DEV63259591,ios_mobile,0.17855360900133704,PK,CA,True,10,False,513.2501137397876,7,1,7.52,336,web_remote,basic_document,thin_file,86.71,249,1,1,0.33539339407863,0.9354948605364399,True,True,0,1,1,CLUSTER4008,3,0.184704597532936,0.835438371929933,0.843373092836179,,,,,0,,0.19708584416855526,1,ai_phishing+account_takeover,social_engineering+access,text_generation+credential_stuffing_automation,0.942,True,synthetic
TXN406285950877,U6228574,2026-06-28 11:58:15,297.15,USD,p2p_transfer,digital_wallet,MID726469,4722,Travel Agencies,0.144,DEV57311860,ios_mobile,0.10014764443183846,NG,DE,True,11,False,204.59755470574544,4,2,5.88,850,in_branch,unverified,prime,36.64,28,2,1,0.6012997239223536,0.9345532128942344,True,False,0,1,1,CLUSTER6383,1,0.36952837048060305,0.7398752585313912,0.7933917790887205,,,,,0,,0.24378823902245347,1,ai_phishing+account_takeover,social_engineering+access,text_generation+credential_stuffing_automation,0.961,True,synthetic
TXN362247192066,U4442123,2026-06-11 22:14:21,264.75,USD,p2p_transfer,prepaid_card,MID899216,4829,Money Transfer,0.297,DEV89874852,ios_mobile,0.14899043470380804,NG,NL,True,22,False,137.6562283180983,3,1,7.06,300,api_partner_onboarding,in_branch_verified,near_prime,36.06,67,1,3,0.5698150170974269,0.7907359144945664,True,False,0,1,1,CLUSTER7823,3,0.7904740466372856,0.9600453849642259,0.9259979912388558,,,,,0,,0.1682618911735699,1,ai_phishing+account_takeover,social_engineering+access,text_generation+credential_stuffing_automation,0.875,True,synthetic
TXN372127933907,U2459553,2026-06-24 21:42:49,189.8,USD,p2p_transfer,upi,MID198643,4111,Transit / Transportation,0.234,DEV72094940,android_mobile,0.04900011460245099,ID,DE,True,21,False,219.10510788536203,8,2,11.74,379,agent_assisted,basic_document,subprime,33.62,56,1,0,0.8194390432507359,0.9347845403488196,False,False,0,1,2,CLUSTER5085,2,0.571976118218434,0.863750249621103,0.8097488264371442,,,,,0,,0.2706130778427264,1,ai_phishing+account_takeover,social_engineering+access,text_generation+credential_stuffing_automation,0.976,True,synthetic
TXN497420018073,U0612514,2026-08-03 05:09:49,141.33,USD,card_not_present_online,debit_card,MID190618,5967,Direct Marketing / Adult,0.098,DEV15908514,mac_desktop,0.06801799445104324,RU,SE,True,5,True,78.79311732595296,2,1,1.75,188,in_branch,in_branch_verified,prime,80.65,68,1,0,0.3982492816293014,0.7111252011018955,True,False,0,1,1,CLUSTER6367,2,0.41479551166989803,0.864342968458009,0.8006497211582485,,,,,0,,0.21700874743404466,1,ai_phishing+account_takeover,social_engineering+access,text_generation+credential_stuffing_automation,0.966,True,synthetic
TXN801951888999,U7927042,2026-06-25 00:04:34,671.07,USD,card_not_present_online,upi,MID897487,4829,Money Transfer,0.161,DEV86950563,linux_desktop,0.11255921320660948,VN,DE,True,0,False,401.8493414245526,6,2,7.34,150,web_remote,basic_document,super_prime,91.37,236,1,0,0.13417889824207432,0.7856409812913544,True,False,1,1,1,CLUSTER6194,2,0.8286424255129707,0.7958765991522683,0.8187709094022881,,,,,0,,0.12568432809256638,1,ai_phishing+account_takeover,social_engineering+access,text_generation+credential_stuffing_automation,0.941,True,synthetic
TXN710683465610,U9064576,2026-08-08 20:49:43,154.79,USD,card_not_present_online,upi,MID432426,8011,Healthcare,0.465,DEV18483430,windows_desktop,0.059691342087201046,ID,SG,True,20,True,519.3146003331577,5,0,11.24,558,in_branch,unverified,near_prime,13.77,10,1,0,0.3363975248265758,0.8617291569847358,True,False,0,1,1,CLUSTER2834,3,2.456779766620644,0.9261323926624636,0.8500656332600715,,,,,0,,0.07005126183973738,1,ai_phishing+account_takeover,social_engineering+access,text_generation+credential_stuffing_automation,0.882,True,synthetic
TXN534856390390,U8271540,2026-08-22 21:25:51,330.32,USD,card_not_present_online,prepaid_card,MID159649,5941,Sporting Goods,0.14,DEV29030748,linux_desktop,0.1126237073722632,EG,US,True,21,False,60.737348404677206,2,1,22.38,119,web_remote,video_verified,subprime,22.2,203,2,0,0.7769266249419282,0.87437175886034,True,False,0,1,2,CLUSTER1929,1,2.175620039103179,0.8553987924198387,0.9567770564285983,,,,,0,,0.13350079344203084,1,ai_phishing+account_takeover,social_engineering+access,text_generation+credential_stuffing_automation,0.952,True,synthetic
TXN359347853538,U0051088,2026-07-25 23:15:01,195.81,USD,card_not_present_online,digital_wallet,MID710419,4829,Money Transfer,0.214,DEV55966752,android_mobile,0.1020479147121965,PK,DE,True,23,False,97.32959585933955,5,2,7.12,66,web_remote,in_branch_verified,subprime,19.49,163,2,0,0.6927507590371929,0.9263439181971457,True,True,0,1,1,CLUSTER9912,2,1.6740783189199315,0.8685652068768467,0.8209908013716819,,,,,0,,0.05666494354607462,1,ai_phishing+account_takeover,social_engineering+access,text_generation+credential_stuffing_automation,0.88,True,synthetic
TXN546010317860,U3177359,2026-08-26 02:42:50,574.04,USD,card_not_present_online,upi,MID338884,5921,Liquor Stores,0.302,DEV31656542,linux_desktop,0.05856599672497413,PK,CA,True,2,True,173.80238384419468,6,1,19.35,530,web_remote,unverified,thin_file,29.67,108,2,1,0.13698091544407745,0.9738023472757867,True,True,0,1,2,CLUSTER1031,1,2.324597114163116,0.8887658511296225,0.8714235605732255,,,,,0,,0.25899716781751353,1,ai_phishing+account_takeover,social_engineering+access,text_generation+credential_stuffing_automation,0.973,True,synthetic
TXN711826148092,U1843413,2026-08-17 15:56:00,640.93,USD,card_not_present_online,upi,MID988652,5411,Grocery Stores,0.059,DEV10503197,android_mobile,0.14145595470440545,ID,NL,True,15,False,528.4577014087954,3,2,28.5,253,api_partner_onboarding,video_verified,near_prime,22.49,157,2,0,0.20297555824048247,0.7130967863908853,True,False,0,1,2,CLUSTER5565,3,2.886071582377171,0.950810035323624,0.9641094432204582,,,,,0,,0.2172964739912052,1,ai_phishing+account_takeover,social_engineering+access,text_generation+credential_stuffing_automation,0.953,True,synthetic
TXN813309131772,U3612566,2026-06-19 01:12:18,684.59,USD,card_not_present_online,credit_card,MID160432,8011,Healthcare,0.528,DEV37801984,android_mobile,0.029391885001552015,ID,NL,True,1,True,489.25063508724895,3,2,12.61,421,mobile_app_remote,basic_document,near_prime,54.27,68,1,1,0.193127054213653,0.8675150083769785,True,True,0,1,1,CLUSTER6203,2,1.643680343228044,0.740621170236442,0.9601551491996659,,,,,0,,0.2848104767637923,1,ai_phishing+account_takeover,social_engineering+access,text_generation+credential_stuffing_automation,0.973,True,synthetic
TXN200819642085,U9189325,2026-06-19 01:00:30,347.73,USD,p2p_transfer,debit_card,MID791205,5691,Apparel,0.203,DEV55071661,ios_mobile,0.12524163864905627,RU,NL,True,1,False,443.14915153862415,3,1,5.11,580,in_branch,video_verified,prime,71.42,190,2,0,0.715421360435438,0.7191501511834983,True,False,0,1,1,CLUSTER5012,2,1.5736883229542284,0.9135091651494524,0.8762188214273292,,,,,0,,0.1514488316564478,1,ai_phishing+account_takeover,social_engineering+access,text_generation+credential_stuffing_automation,0.89,True,synthetic
TXN509046437487,U4030970,2026-06-26 23:06:10,328.03,USD,p2p_transfer,debit_card,MID564720,5812,Restaurants,0.011,DEV16357215,android_mobile,0.12144189793971882,EG,US,True,23,False,375.4501594959612,7,4,2.16,347,in_branch,video_verified,thin_file,130.05,275,2,0,0.724050047406158,0.941956523660261,True,False,0,1,1,CLUSTER3504,1,2.5007457079468174,0.8156462750872986,0.7895697085820849,,,,,0,,0.11324892930196874,1,ai_phishing+account_takeover,social_engineering+access,text_generation+credential_stuffing_automation,0.948,True,synthetic
TXN791433154598,U2012932,2026-08-03 11:12:46,120.44,USD,p2p_transfer,upi,MID218166,5411,Grocery Stores,0.04,DEV33132920,android_mobile,0.08547246347882598,VN,JP,True,11,False,449.5900879805815,5,1,8.91,526,mobile_app_remote,basic_document,prime,35.67,143,2,0,0.7171400906370491,0.7519940158349365,True,True,0,1,1,CLUSTER3095,2,0.25744333235790684,0.9538119993625442,0.9665468005027917,,,,,0,,0.0953070811371618,1,ai_phishing+account_takeover,social_engineering+access,text_generation+credential_stuffing_automation,0.956,True,synthetic
TXN373145937040,U3494117,2026-06-16 06:51:10,1151.06,USD,card_not_present_online,bank_transfer,MID612253,5541,Fuel / Gas Stations,0.33,DEV65908476,windows_desktop,0.1073697206195718,RU,DE,True,6,True,594.6590610882972,3,0,4.51,794,web_remote,unverified,thin_file,59.25,232,2,1,0.5965581822842643,0.9280699689497706,False,False,0,1,2,CLUSTER8420,2,0.8232766514072707,0.9210398096069226,0.7678275266835443,,,,,0,,0.28642301914702645,1,ai_phishing+account_takeover,social_engineering+access,text_generation+credential_stuffing_automation,0.971,True,synthetic
TXN746055984283,U0493226,2026-06-03 15:03:15,731.77,USD,card_not_present_online,upi,MID260925,5964,Direct Marketing / Catalog,0.204,DEV82472286,windows_desktop,0.09613719130122841,NG,GB,True,15,False,177.63841432040354,5,4,19.92,611,api_partner_onboarding,in_branch_verified,subprime,36.73,145,2,1,0.12522445959397954,0.9712226098883099,True,False,0,1,2,CLUSTER7722,3,0.5059780486446555,0.7559175037503688,0.9856947851187581,,,,,0,,0.25614421069809606,1,ai_phishing+account_takeover,social_engineering+access,text_generation+credential_stuffing_automation,0.927,True,synthetic
TXN694564755763,U3093578,2026-06-16 18:49:54,156.48,USD,card_not_present_online,prepaid_card,MID460944,5999,Misc Retail,0.132,DEV40857518,mac_desktop,0.18129303505112276,VN,SE,True,18,False,243.32827501097043,5,1,7.9,632,agent_assisted,basic_document,near_prime,19.8,57,1,0,0.2836016559719374,0.8738633737624466,True,False,0,1,2,CLUSTER4286,1,0.8700493244799242,0.838524539102775,0.933675688133969,,,,,0,,0.09808207507054174,1,ai_phishing+account_takeover,social_engineering+access,text_generation+credential_stuffing_automation,0.878,True,synthetic
TXN372700499178,U7278348,2026-06-16 09:26:16,525.95,USD,p2p_transfer,upi,MID835060,5732,Electronics Stores,0.092,DEV85083370,android_mobile,0.08079033341516327,RU,JP,True,9,False,143.5672042679324,6,1,19.71,451,api_partner_onboarding,basic_document,prime,67.05,205,1,0,0.6107844601832073,0.8847897140046219,True,False,0,1,1,CLUSTER5579,3,2.0667586694354343,0.7678527640890268,0.7509694073382688,,,,,0,,0.057578669085462005,1,ai_phishing+account_takeover,social_engineering+access,text_generation+credential_stuffing_automation,0.94,True,synthetic
TXN238940607145,U0694002,2026-08-29 13:54:02,257.16,USD,card_not_present_online,credit_card,MID852399,6011,ATM / Cash Disbursement,0.028,DEV86412976,android_mobile,0.19540465732613727,BD,JP,True,13,True,93.58402932844264,8,1,9.4,726,web_remote,basic_document,thin_file,27.37,245,1,0,0.1406853230627348,0.8817429684429199,True,False,0,1,1,CLUSTER2332,1,1.1797176569469396,0.8874905919488936,0.8517944235524357,,,,,0,,0.29669084348003694,1,ai_phishing+account_takeover,social_engineering+access,text_generation+credential_stuffing_automation,0.915,True,synthetic
TXN214253748911,U5660457,2026-08-04 02:19:38,239.4,USD,p2p_transfer,digital_wallet,MID430645,5691,Apparel,0.376,DEV37780630,windows_desktop,0.07771272486481651,ID,GB,True,2,False,37.04870370527043,6,0,10.4,195,mobile_app_remote,unverified,near_prime,23.01,121,2,0,0.36925316343858183,0.7939762363436765,False,False,0,1,1,CLUSTER2331,3,1.9514854987127888,0.9545295983924802,0.9570290752053724,,,,,0,,0.1102736265504272,1,ai_phishing+account_takeover,social_engineering+access,text_generation+credential_stuffing_automation,0.928,True,synthetic
TXN948877763569,U9223790,2026-08-20 18:02:17,742.56,USD,p2p_transfer,prepaid_card,MID563535,5541,Fuel / Gas Stations,0.031,DEV15851985,ios_mobile,0.13950378282642598,VN,AU,True,18,False,534.4736560845824,3,2,41.44,64,in_branch,basic_document,prime,17.92,58,2,0,0.39755167876499753,0.8577610872515494,True,False,0,1,2,CLUSTER8610,2,1.812104482337708,0.7382271949978004,0.8975072085237754,,,,,0,,0.17377451070524993,1,ai_phishing+account_takeover,social_engineering+access,text_generation+credential_stuffing_automation,0.92,True,synthetic
TXN307096675151,U4676423,2026-06-28 06:27:10,360.89,USD,card_not_present_online,credit_card,MID596469,6300,Insurance,0.108,DEV96324678,android_mobile,0.1737203279168624,VN,JP,True,6,False,46.494827914013456,3,1,12.41,673,api_partner_onboarding,unverified,prime,29.08,253,1,0,0.30331557327475794,0.9794736810579717,True,False,0,1,2,CLUSTER9368,1,2.4369683423806316,0.8472943382938738,0.7962216374317624,,,,,0,,0.0631995917793207,1,ai_phishing+account_takeover,social_engineering+access,text_generation+credential_stuffing_automation,0.9,True,synthetic
TXN528024511719,U9753888,2026-06-03 12:55:59,262.3,USD,p2p_transfer,credit_card,MID578034,5964,Direct Marketing / Catalog,0.107,DEV43572939,mac_desktop,0.15657460848535645,ID,SG,True,12,True,347.40425223438615,4,1,1.35,777,mobile_app_remote,in_branch_verified,subprime,194.83,231,2,0,0.294191593655297,0.7915687229790107,True,False,0,1,2,CLUSTER1669,3,1.2776166167582066,0.8872929327546504,0.8037527487271783,,,,,0,,0.22060082880858392,1,ai_phishing+account_takeover,social_engineering+access,text_generation+credential_stuffing_automation,0.916,True,synthetic
TXN787575517072,U2792900,2026-06-06 16:19:58,156.88,USD,p2p_transfer,digital_wallet,MID616555,7011,Hotels / Lodging,0.29,DEV83748242,android_mobile,0.03844961638162042,VN,CA,True,16,False,43.87477396827742,7,0,1.36,205,in_branch,video_verified,near_prime,115.29,152,2,0,0.19200785308957577,0.9760768274314816,True,False,0,1,2,CLUSTER8736,2,1.0199203249989914,0.8034524874432492,0.9880985776416453,,,,,0,,0.1721282355730579,1,ai_phishing+account_takeover,social_engineering+access,text_generation+credential_stuffing_automation,0.877,True,synthetic
TXN738492238978,U3320050,2026-07-15 01:07:13,151.9,USD,card_not_present_online,digital_wallet,MID534434,4111,Transit / Transportation,0.291,DEV74411932,mac_desktop,0.18334858216609048,BD,US,True,1,False,230.14937906979213,6,0,2.14,338,web_remote,unverified,subprime,157.71,52,1,0,0.7294009257231707,0.8591854175572551,False,False,0,1,2,CLUSTER2874,2,0.8252556292970236,0.7323855958588333,0.9090366624489434,,,,,0,,0.04366562844788162,1,ai_phishing+account_takeover,social_engineering+access,text_generation+credential_stuffing_automation,0.964,True,synthetic
TXN784976830264,U3469251,2026-06-02 05:55:25,106.71,USD,card_not_present_online,debit_card,MID912760,5411,Grocery Stores,0.343,DEV61940649,ios_mobile,0.15185254830376002,EG,CA,True,5,False,420.0348942702377,8,1,9.26,175,agent_assisted,unverified,near_prime,27.19,191,2,0,0.7328850184485385,0.8205648337597258,True,False,0,1,2,CLUSTER8740,2,1.0361228133038864,0.850929184869389,0.9221538625042685,,,,,0,,0.19281170000449022,1,ai_phishing+account_takeover,social_engineering+access,text_generation+credential_stuffing_automation,0.868,True,synthetic
TXN148956461861,U9853145,2026-07-06 05:27:02,471.4,USD,card_not_present_online,upi,MID212060,5661,Shoe Stores,0.103,DEV58978146,android_mobile,0.15323596836798076,RU,AU,True,5,False,574.1515021620793,8,1,16.2,272,web_remote,in_branch_verified,thin_file,29.1,74,2,0,0.35415611988693085,0.9485334452001083,True,False,0,1,2,CLUSTER9076,1,1.6724354268090547,0.8181706315829106,0.9318396040072835,,,,,0,,0.2177566172684233,1,ai_phishing+account_takeover,social_engineering+access,text_generation+credential_stuffing_automation,0.962,True,synthetic
TXN564028131827,U3076962,2026-06-12 18:53:48,173.21,USD,p2p_transfer,bank_transfer,MID256623,5411,Grocery Stores,0.016,DEV42269901,android_mobile,0.1518231044000854,ID,JP,True,18,False,378.0214671047949,6,2,8.18,472,web_remote,in_branch_verified,thin_file,29.95,297,2,0,0.5873229960661224,0.71870979396322,False,False,0,1,2,CLUSTER2397,2,0.5430581277384811,0.9155067252407751,0.9596426666529492,,,,,0,,0.010632523348152623,1,ai_phishing+account_takeover,social_engineering+access,text_generation+credential_stuffing_automation,0.933,True,synthetic
TXN170175018627,U6794468,2026-07-01 04:38:09,508.7,USD,p2p_transfer,credit_card,MID617902,4829,Money Transfer,0.036,DEV33206834,windows_desktop,0.16699967884329792,VN,JP,True,4,True,373.58785930398165,2,0,17.94,785,agent_assisted,basic_document,prime,28.36,77,2,0,0.2798896848442799,0.8185926059378742,True,False,0,1,1,CLUSTER7944,2,0.2840230569084329,0.8690358062340611,0.8763825079361242,,,,,0,,0.1679226405687029,1,ai_phishing+account_takeover,social_engineering+access,text_generation+credential_stuffing_automation,0.88,True,synthetic
TXN764434861058,U6242310,2026-06-13 21:02:39,125.87,USD,card_not_present_online,credit_card,MID734774,4111,Transit / Transportation,0.183,DEV10594750,linux_desktop,0.09305849384576748,EG,SG,True,21,False,515.778726047183,5,0,3.21,817,in_branch,video_verified,prime,39.23,47,2,0,0.325524447463851,0.9348649830221832,True,True,0,1,1,CLUSTER1545,1,1.4549889912456697,0.7370812507658636,0.7870328033239822,,,,,0,,0.2271748680140276,1,ai_phishing+account_takeover,social_engineering+access,text_generation+credential_stuffing_automation,0.911,True,synthetic
TXN368559397036,U8471976,2026-07-19 14:22:34,156.71,USD,p2p_transfer,prepaid_card,MID189415,4722,Travel Agencies,0.271,DEV53376812,ios_mobile,0.12423499310062831,NG,US,True,14,True,271.22974199126526,3,1,5.15,70,api_partner_onboarding,video_verified,super_prime,30.41,243,2,0,0.3237984634907603,0.7958503280805729,True,False,1,1,1,CLUSTER1376,1,2.627131618934794,0.7104049480653152,0.864882060572303,,,,,0,,0.07485438952339418,1,ai_phishing+account_takeover,social_engineering+access,text_generation+credential_stuffing_automation,0.867,True,synthetic
TXN212908051126,U4481274,2026-06-06 02:18:12,287.43,USD,p2p_transfer,upi,MID197643,6051,Crypto / Digital Currency,0.309,DEV36399381,linux_desktop,0.1540470678600131,RU,DE,True,2,False,369.1264799447547,7,0,4.49,178,agent_assisted,unverified,prime,74.74,147,2,0,0.8020327056894645,0.8962350331069321,False,True,0,1,1,CLUSTER4119,3,0.9681725805922163,0.9246880308252806,0.8449100882517254,,,,,0,,0.1880060601707663,1,ai_phishing+account_takeover,social_engineering+access,text_generation+credential_stuffing_automation,0.967,True,synthetic
TXN445284176859,U4682833,2026-06-18 08:01:25,291.57,USD,card_not_present_online,credit_card,MID977074,4722,Travel Agencies,0.219,DEV15155241,android_mobile,0.02819291368046268,BD,SG,True,8,True,49.07452352573343,3,3,12.68,123,web_remote,in_branch_verified,prime,45.85,234,1,0,0.6794629425263555,0.7740369907792956,True,False,0,1,2,CLUSTER6085,2,2.608233715306301,0.7515282098140392,0.8744653253108581,,,,,0,,0.025727106427021706,1,ai_phishing+account_takeover,social_engineering+access,text_generation+credential_stuffing_automation,0.945,True,synthetic
TXN991210207929,U9334017,2026-06-17 14:38:32,391.97,USD,card_not_present_online,prepaid_card,MID578155,6300,Insurance,0.43,DEV71516084,windows_desktop,0.06876268807756232,BD,GB,True,14,False,509.3779268372162,6,1,18.73,111,agent_assisted,basic_document,thin_file,20.93,23,1,0,0.22541171456986198,0.807131172116644,False,False,1,1,2,CLUSTER4356,2,0.8114360365648857,0.7061687233131188,0.9345153801286352,,,,,0,,0.27239020951613,1,ai_phishing+account_takeover,social_engineering+access,text_generation+credential_stuffing_automation,0.934,True,synthetic
TXN414836093782,U3836220,2026-06-28 23:02:20,280.02,USD,p2p_transfer,digital_wallet,MID557926,5964,Direct Marketing / Catalog,0.061,DEV91190077,android_mobile,0.09694219896631022,EG,SE,True,23,False,186.4146058554192,2,1,16.14,586,mobile_app_remote,basic_document,near_prime,17.35,205,1,0,0.3743286401351371,0.7432845321590401,True,False,0,1,1,CLUSTER8423,3,0.6983043841965338,0.7452379840384504,0.8118789358176086,,,,,0,,0.11306673176530851,1,ai_phishing+account_takeover,social_engineering+access,text_generation+credential_stuffing_automation,0.984,True,synthetic
TXN129377398991,U3575723,2026-07-21 23:52:43,209.56,USD,p2p_transfer,upi,MID928408,6300,Insurance,0.186,DEV98350261,windows_desktop,0.09039182222039134,ID,US,True,23,False,514.3092177136116,7,0,9.9,766,agent_assisted,basic_document,subprime,30.3,101,2,0,0.8092933475877813,0.7811701251613389,False,False,0,1,1,CLUSTER2901,2,1.448336333153327,0.855500819526313,0.8983553081508466,,,,,0,,0.18565245629284186,1,ai_phishing+account_takeover,social_engineering+access,text_generation+credential_stuffing_automation,0.859,True,synthetic
TXN166305949924,U6393686,2026-08-01 12:58:38,546.36,USD,card_not_present_online,debit_card,MID269068,6011,ATM / Cash Disbursement,0.09,DEV82305786,linux_desktop,0.11848603742952843,RU,GB,True,12,False,135.83840638338353,8,1,54.64,746,in_branch,unverified,thin_file,3.2,146,2,2,0.1817200965798288,0.9666215012886388,True,False,1,1,1,CLUSTER6511,3,1.3405613144487452,0.9456196333136732,0.8888011765572335,,,,,0,,0.13265077458263055,1,ai_phishing+account_takeover,social_engineering+access,text_generation+credential_stuffing_automation,0.916,True,synthetic
TXN102804626837,U3063750,2026-06-09 18:27:31,533.7,USD,card_not_present_online,credit_card,MID810895,4829,Money Transfer,0.155,DEV50513437,ios_mobile,0.17184420211910315,PK,SG,True,18,False,493.2534193735191,8,3,43.57,363,api_partner_onboarding,in_branch_verified,prime,12.25,256,2,0,0.29390260060572093,0.8729795829393345,True,False,0,1,1,CLUSTER9098,2,2.3780726061709467,0.7991532444568765,0.8832675722624597,,,,,0,,0.20511705924846846,1,ai_phishing+account_takeover,social_engineering+access,text_generation+credential_stuffing_automation,0.913,True,synthetic
TXN700183942564,U8621939,2026-07-12 18:09:38,290.86,USD,card_not_present_online,bank_transfer,MID864484,7995,Betting / Gambling,0.229,DEV95850891,mac_desktop,0.06873636552905399,BD,JP,True,18,False,478.42543235992343,6,3,6.18,267,web_remote,unverified,thin_file,47.08,275,1,0,0.12190600381173756,0.9002065754833171,False,False,1,1,2,CLUSTER4174,2,0.5838818622382554,0.8374849460822681,0.8977676922138133,,,,,0,,0.06846265370989481,1,ai_phishing+account_takeover,social_engineering+access,text_generation+credential_stuffing_automation,0.89,True,synthetic
TXN424300537306,U9069046,2026-06-03 15:04:13,88.79,USD,p2p_transfer,upi,MID976315,5921,Liquor Stores,0.152,DEV72281005,linux_desktop,0.19145351891963538,BD,JP,True,15,False,187.2643175654371,6,0,4.71,443,agent_assisted,basic_document,near_prime,18.85,46,2,0,0.19947239764520175,0.8113500873196855,True,False,0,1,2,CLUSTER3341,3,0.7937339420257555,0.9130805831249177,0.8664258233548976,,,,,0,,0.2355644249430503,1,ai_phishing+account_takeover,social_engineering+access,text_generation+credential_stuffing_automation,0.982,True,synthetic
TXN157607203687,U9303998,2026-07-26 20:14:51,94.48,USD,p2p_transfer,bank_transfer,MID477262,6051,Crypto / Digital Currency,0.15,DEV95723551,mac_desktop,0.03629506136597764,VN,JP,True,20,False,249.7466441900411,7,0,1.71,766,mobile_app_remote,video_verified,near_prime,55.26,166,2,0,0.22529750278524407,0.8516693549788295,True,True,0,1,1,CLUSTER8131,1,1.6985107230228245,0.8093293133237668,0.7526985592392137,,,,,0,,0.2369882851868405,1,ai_phishing+account_takeover,social_engineering+access,text_generation+credential_stuffing_automation,0.911,True,synthetic
TXN192216207370,U8624276,2026-06-05 10:17:11,465.03,USD,p2p_transfer,prepaid_card,MID182020,5999,Misc Retail,0.218,DEV60493541,mac_desktop,0.1693260712623703,RU,CA,True,10,False,348.78544953316907,5,2,5.08,443,mobile_app_remote,video_verified,near_prime,36.25,234,2,1,0.5794390637653846,0.8990688358938868,True,False,0,1,2,CLUSTER3393,3,1.594173939510256,0.8658676947626356,0.9304395101294431,,,,,0,,0.25525343547141466,1,ai_phishing+account_takeover,social_engineering+access,text_generation+credential_stuffing_automation,0.935,True,synthetic
TXN659581682937,U0071213,2026-06-26 23:17:12,473.64,USD,p2p_transfer,prepaid_card,MID635132,5964,Direct Marketing / Catalog,0.159,DEV31730581,ios_mobile,0.08522608440552931,ID,DE,True,23,True,272.96999658898517,2,1,3.06,154,mobile_app_remote,basic_document,thin_file,25.58,7,1,0,0.6501001270528856,0.7702687302684957,True,False,0,1,2,CLUSTER7132,2,1.2697879900187274,0.7906867898727502,0.8779977180158692,,,,,0,,0.14442875093210608,1,ai_phishing+account_takeover,social_engineering+access,text_generation+credential_stuffing_automation,0.878,True,synthetic
TXN174801458054,U5104735,2026-07-17 16:12:09,322.33,USD,card_not_present_online,debit_card,MID591423,5541,Fuel / Gas Stations,0.438,DEV88438498,linux_desktop,0.09996822594075422,BD,AU,True,16,False,400.5429679082371,5,1,5.01,225,web_remote,basic_document,near_prime,64.34,76,1,0,0.17760760541902865,0.8147647164402984,True,False,0,1,1,CLUSTER5913,2,1.7851805898956905,0.9117100388296073,0.869946015087689,,,,,0,,0.0915656667583544,1,ai_phishing+account_takeover,social_engineering+access,text_generation+credential_stuffing_automation,0.955,True,synthetic
TXN435887755982,U2543100,2026-07-03 19:18:55,136.18,USD,p2p_transfer,prepaid_card,MID858399,7995,Betting / Gambling,0.554,DEV92123288,android_mobile,0.06311325725681405,BD,DE,True,19,True,560.6799473949995,5,0,7.11,330,agent_assisted,unverified,subprime,39.76,38,2,0,0.8108357920502888,0.957858579794203,False,False,0,1,1,CLUSTER7011,2,2.4665504417027178,0.7475382849153536,0.7545964342408271,,,,,0,,0.22588023813801344,1,ai_phishing+account_takeover,social_engineering+access,text_generation+credential_stuffing_automation,0.911,True,synthetic
TXN266056568917,U9054616,2026-08-25 00:21:20,311.99,USD,p2p_transfer,digital_wallet,MID484514,5411,Grocery Stores,0.225,DEV76264469,windows_desktop,0.033017662384576874,PK,JP,True,0,False,424.2335207165155,2,1,5.78,506,web_remote,in_branch_verified,near_prime,53.95,5,2,0,0.18622914193745604,0.9618979925502805,True,False,0,1,2,CLUSTER7739,2,1.4950926006545662,0.9572676665747692,0.9137460786898615,,,,,0,,0.02284206707690616,1,ai_phishing+account_takeover,social_engineering+access,text_generation+credential_stuffing_automation,0.893,True,synthetic
TXN712548770317,U3996052,2026-06-21 04:31:19,244.1,USD,p2p_transfer,credit_card,MID541983,5411,Grocery Stores,0.296,DEV21430372,linux_desktop,0.09225652352389448,VN,GB,True,4,True,468.237659304949,7,0,8.81,633,api_partner_onboarding,basic_document,subprime,27.71,203,1,0,0.16643732368203368,0.9408805910644087,True,False,0,1,1,CLUSTER1819,2,1.7205758072733506,0.7803529179923308,0.9692019198416333,,,,,0,,0.22022461271841062,1,ai_phishing+account_takeover,social_engineering+access,text_generation+credential_stuffing_automation,0.917,True,synthetic
TXN133083573374,U8938890,2026-07-02 04:03:41,142.46,USD,p2p_transfer,bank_transfer,MID765211,5941,Sporting Goods,0.075,DEV84928216,linux_desktop,0.16145827921009748,VN,NL,True,4,True,563.702121902483,5,1,21.56,179,in_branch,video_verified,thin_file,36.0,199,1,0,0.7870779285327671,0.7732200641796602,True,True,0,1,2,CLUSTER5456,1,2.8561943043463445,0.7241798620597322,0.831057938728007,,,,,0,,0.008232445722583847,1,ai_phishing+account_takeover,social_engineering+access,text_generation+credential_stuffing_automation,0.899,True,synthetic
TXN474689077965,U6019733,2026-07-17 01:25:16,177.19,USD,p2p_transfer,upi,MID445285,6011,ATM / Cash Disbursement,0.118,DEV36794964,windows_desktop,0.16258044958361317,PK,JP,True,1,False,596.842324590356,8,0,1.94,323,mobile_app_remote,in_branch_verified,near_prime,91.19,27,1,0,0.12165762495737735,0.7320791790193151,False,False,0,1,2,CLUSTER7381,3,0.5289159719312759,0.7480982636977423,0.757490652276791,,,,,0,,0.1486408150984763,1,ai_phishing+account_takeover,social_engineering+access,text_generation+credential_stuffing_automation,0.884,True,synthetic
TXN875191853435,U1932387,2026-07-12 04:06:07,696.48,USD,card_not_present_online,credit_card,MID750299,6300,Insurance,0.171,DEV56016980,ios_mobile,0.03547787780560068,PK,US,True,4,False,101.8297478189329,6,3,17.13,325,agent_assisted,video_verified,super_prime,40.67,47,1,0,0.21485099657018486,0.7818653588235285,True,False,0,1,1,CLUSTER3913,3,0.7987338903027038,0.8709390103907084,0.938401749115272,,,,,0,,0.14586387151826694,1,ai_phishing+account_takeover,social_engineering+access,text_generation+credential_stuffing_automation,0.881,True,synthetic
TXN269143327105,U6390067,2026-08-20 23:34:35,99.2,USD,p2p_transfer,bank_transfer,MID626585,5691,Apparel,0.183,DEV64384558,linux_desktop,0.1552741772788333,EG,GB,True,23,False,316.27047047683135,4,0,2.55,881,mobile_app_remote,in_branch_verified,near_prime,38.96,225,1,0,0.30747409949374394,0.9650325281373895,False,False,0,1,2,CLUSTER9184,3,0.40520305204186224,0.8972117633975698,0.9654784945404926,,,,,0,,0.26365612336810024,1,ai_phishing+account_takeover,social_engineering+access,text_generation+credential_stuffing_automation,0.945,True,synthetic
TXN792086230015,U4105703,2026-06-01 00:11:41,393.84,USD,card_not_present_online,credit_card,MID873775,7995,Betting / Gambling,0.224,DEV26813379,mac_desktop,0.19798252175744654,EG,CA,True,0,False,203.21123404959,3,1,7.26,312,mobile_app_remote,basic_document,prime,54.22,136,1,1,0.1803033615755803,0.7743929791255154,True,False,0,1,1,CLUSTER3874,2,1.7900758951818982,0.9520691652897615,0.8231861782057208,,,,,0,,0.008627822400487772,1,ai_phishing+account_takeover,social_engineering+access,text_generation+credential_stuffing_automation,0.931,True,synthetic
TXN234731480673,U3437106,2026-06-13 05:29:23,146.97,USD,card_not_present_online,upi,MID463657,5999,Misc Retail,0.11,DEV82269381,ios_mobile,0.19569881130814493,NG,JP,True,5,False,479.1864062920215,4,3,5.48,92,mobile_app_remote,unverified,subprime,26.82,71,1,1,0.32286024653505285,0.8979608569516169,True,False,0,1,1,CLUSTER4733,3,2.3453901031218676,0.8143494760882098,0.8725866263613233,,,,,0,,0.07274972234627373,1,ai_phishing+account_takeover,social_engineering+access,text_generation+credential_stuffing_automation,0.941,True,synthetic
TXN187551037057,U7912905,2026-06-19 06:21:27,495.53,USD,card_not_present_online,debit_card,MID815783,5967,Direct Marketing / Adult,0.006,DEV21951641,linux_desktop,0.1837990461822408,EG,JP,True,6,True,434.1194866650471,6,0,10.96,753,in_branch,video_verified,thin_file,28.64,150,2,0,0.8250165433975074,0.9428344494078909,True,False,0,1,2,CLUSTER2469,3,2.074760113571995,0.9248443870053136,0.820963363231466,,,,,0,,0.21444713682461772,1,ai_phishing+account_takeover,social_engineering+access,text_generation+credential_stuffing_automation,0.903,True,synthetic
TXN140972578532,U6292970,2026-08-22 15:46:11,245.86,USD,card_not_present_online,upi,MID382887,5661,Shoe Stores,0.113,DEV20639750,ios_mobile,0.11086782634031228,EG,GB,True,15,True,520.8188398371244,7,1,8.62,695,web_remote,video_verified,subprime,28.51,37,1,1,0.36499746103025144,0.9138308979186589,True,False,0,1,1,CLUSTER5727,1,0.602407913181042,0.8140940675219984,0.9666679698757452,,,,,0,,0.030258656986052245,1,ai_phishing+account_takeover,social_engineering+access,text_generation+credential_stuffing_automation,0.857,True,synthetic
TXN866298787219,U0010684,2026-06-07 04:36:33,731.33,USD,p2p_transfer,credit_card,MID511440,4829,Money Transfer,0.103,DEV58489980,ios_mobile,0.18280003186715427,NG,GB,True,4,False,83.71568342106231,7,2,22.91,666,mobile_app_remote,basic_document,near_prime,31.92,214,2,1,0.11595126846781413,0.8800848267848321,True,False,0,1,1,CLUSTER2848,2,2.7197165530164717,0.8633894696243383,0.9628573524076097,,,,,0,,0.08727445539140959,1,ai_phishing+account_takeover,social_engineering+access,text_generation+credential_stuffing_automation,0.893,True,synthetic
TXN239577737988,U5969045,2026-06-02 14:42:11,158.02,USD,card_not_present_online,credit_card,MID169658,5311,Department Stores,0.442,DEV40388654,ios_mobile,0.021453435975544694,VN,DE,True,14,True,64.87049032132687,3,0,22.33,110,mobile_app_remote,in_branch_verified,near_prime,14.51,79,1,0,0.56794812814995,0.7086713276160906,False,False,0,1,2,CLUSTER7167,3,2.2811325093143946,0.8407227903433665,0.8774356494147358,,,,,0,,0.043577587976635156,1,ai_phishing+account_takeover,social_engineering+access,text_generation+credential_stuffing_automation,0.913,True,synthetic
TXN339365490270,U4172766,2026-06-17 12:46:36,206.45,USD,card_not_present_online,upi,MID271011,6300,Insurance,0.079,DEV62421196,mac_desktop,0.16985643543424545,ID,GB,True,12,True,596.9500999508349,8,1,31.05,155,agent_assisted,basic_document,near_prime,21.05,266,1,0,0.5859665674615092,0.9136359198690152,True,False,0,1,2,CLUSTER1922,2,2.8091255108457256,0.7015909418234703,0.8502193271046348,,,,,0,,0.060212108147444106,1,ai_phishing+account_takeover,social_engineering+access,text_generation+credential_stuffing_automation,0.98,True,synthetic
TXN568246504962,U1693664,2026-06-03 08:12:03,187.43,USD,card_not_present_online,bank_transfer,MID892628,5812,Restaurants,0.133,DEV70801957,android_mobile,0.19762326436427483,NG,GB,True,8,False,105.5531305143993,3,2,7.44,245,agent_assisted,unverified,super_prime,25.2,95,1,0,0.13807446361865924,0.7722926525605696,True,True,0,1,2,CLUSTER5343,2,2.103767259995292,0.7918451399235227,0.9245030802889008,,,,,0,,0.07361838065789801,1,ai_phishing+account_takeover,social_engineering+access,text_generation+credential_stuffing_automation,0.859,True,synthetic
TXN605622398786,U1519410,2026-07-14 23:45:33,264.94,USD,card_not_present_online,credit_card,MID369122,7011,Hotels / Lodging,0.215,DEV35563268,windows_desktop,0.09670341967184187,PK,NL,True,23,False,37.10208525906589,4,1,9.39,413,web_remote,unverified,subprime,28.21,98,1,1,0.3860937912679683,0.8639355050434603,True,False,0,1,2,CLUSTER5406,2,2.858944682621905,0.9282266378516553,0.8329073240296071,,,,,0,,0.2124289207222622,1,ai_phishing+account_takeover,social_engineering+access,text_generation+credential_stuffing_automation,0.949,True,synthetic
TXN825130154288,U5823162,2026-08-09 23:48:26,937.79,USD,card_not_present_online,prepaid_card,MID459104,5964,Direct Marketing / Catalog,0.475,DEV85802043,ios_mobile,0.13118120387150353,RU,AU,True,23,False,523.8636971913368,5,2,42.86,680,in_branch,in_branch_verified,near_prime,21.88,240,1,0,0.2729888114513488,0.750168119855462,True,False,0,1,2,CLUSTER4147,3,0.9165349695589755,0.7251827157876147,0.8138323401633358,,,,,0,,0.2294361075995154,1,ai_phishing+account_takeover,social_engineering+access,text_generation+credential_stuffing_automation,0.931,True,synthetic
TXN203319280860,U1501162,2026-08-20 04:44:22,305.45,USD,p2p_transfer,bank_transfer,MID949243,6011,ATM / Cash Disbursement,0.26,DEV75594872,windows_desktop,0.16478802267876644,RU,GB,True,4,False,169.12633738963757,6,0,6.76,60,web_remote,in_branch_verified,prime,45.16,46,2,0,0.28064138742569145,0.8767129864111932,True,False,0,1,1,CLUSTER5631,1,1.1752720843318893,0.9544145539508861,0.8131571983862835,,,,,0,,0.26376144591140915,1,ai_phishing+account_takeover,social_engineering+access,text_generation+credential_stuffing_automation,0.959,True,synthetic
TXN969020665629,U5974683,2026-08-03 20:56:03,643.71,USD,p2p_transfer,credit_card,MID893524,5661,Shoe Stores,0.162,DEV39668043,windows_desktop,0.18678191240424372,BD,JP,True,20,False,505.5058158971996,7,1,31.95,215,api_partner_onboarding,basic_document,near_prime,20.28,199,2,0,0.8227110335119546,0.9018073972360039,True,False,0,1,1,CLUSTER6154,1,1.6671938342176627,0.8490999918010902,0.7905983521647526,,,,,0,,0.03413560001671798,1,ai_phishing+account_takeover,social_engineering+access,text_generation+credential_stuffing_automation,0.953,True,synthetic
TXN826862127822,U0157761,2026-07-07 20:05:31,263.47,USD,p2p_transfer,credit_card,MID588819,6011,ATM / Cash Disbursement,0.103,DEV50486145,linux_desktop,0.04265081924431985,PK,NL,True,20,False,340.9295523926607,2,3,9.56,862,mobile_app_remote,unverified,subprime,30.29,239,1,2,0.5782368169627312,0.8295311206942888,True,False,0,1,1,CLUSTER5801,1,0.9066872030073848,0.8069791856272305,0.8700035893415344,,,,,0,,0.21750916859850075,1,ai_phishing+account_takeover,social_engineering+access,text_generation+credential_stuffing_automation,0.837,True,synthetic
TXN357556456358,U2045953,2026-08-27 21:09:10,815.5,USD,card_not_present_online,credit_card,MID697555,4829,Money Transfer,0.13,DEV46228188,ios_mobile,0.07909494919076046,RU,JP,True,21,False,85.38452476435103,7,2,9.97,628,agent_assisted,video_verified,prime,81.77,51,2,1,0.19239548975687404,0.7021929440690521,True,False,0,1,1,CLUSTER8000,1,2.137428617043001,0.8672747108474361,0.9769501828879786,,,,,0,,0.11199610294453186,1,ai_phishing+account_takeover,social_engineering+access,text_generation+credential_stuffing_automation,0.928,True,synthetic
TXN130062667428,U1023786,2026-06-12 04:35:03,253.01,USD,p2p_transfer,credit_card,MID418588,4111,Transit / Transportation,0.026,DEV85888305,ios_mobile,0.18746993082863178,EG,GB,True,4,False,408.4064379859386,5,0,4.32,166,web_remote,unverified,thin_file,56.58,163,1,0,0.8323154719779042,0.7258971274274346,True,False,0,1,1,CLUSTER6025,1,1.816314956765418,0.9270414968224024,0.9793937512810239,,,,,0,,0.012817231944973995,1,ai_phishing+account_takeover,social_engineering+access,text_generation+credential_stuffing_automation,0.968,True,synthetic
TXN860929172931,U6462793,2026-08-26 09:10:40,77.26,USD,p2p_transfer,upi,MID942857,5691,Apparel,0.225,DEV89970332,ios_mobile,0.04606650620991621,VN,AU,True,9,True,283.33691188922523,4,0,1.26,688,api_partner_onboarding,basic_document,near_prime,61.41,212,1,0,0.3370843566510508,0.7528300953023463,True,False,0,1,1,CLUSTER7649,1,2.2673051524199312,0.7449116799875763,0.9306427775506398,,,,,0,,0.0933219051223811,1,ai_phishing+account_takeover,social_engineering+access,text_generation+credential_stuffing_automation,0.883,True,synthetic
TXN356350085753,U0773164,2026-07-16 04:07:53,437.12,USD,p2p_transfer,credit_card,MID936907,5999,Misc Retail,0.149,DEV95870685,ios_mobile,0.06896891461042266,PK,GB,True,4,True,157.84435927083098,2,1,4.08,374,mobile_app_remote,basic_document,subprime,107.18,267,2,0,0.3687157059808819,0.8736550888768133,False,False,0,1,1,CLUSTER6935,3,0.9927560134098043,0.9047799857239431,0.7836458768905381,,,,,0,,0.18523034913401937,1,ai_phishing+account_takeover,social_engineering+access,text_generation+credential_stuffing_automation,0.898,True,synthetic
TXN121299808120,U5501135,2026-06-28 22:49:01,699.72,USD,p2p_transfer,upi,MID473260,6051,Crypto / Digital Currency,0.099,DEV21787317,windows_desktop,0.03021815422570722,PK,SG,True,22,False,512.1209440954999,6,0,13.8,177,in_branch,basic_document,near_prime,50.72,282,1,0,0.26498198926124017,0.849556243179698,True,True,0,1,2,CLUSTER9055,2,2.6211771506344377,0.7630851163294425,0.9811848187332908,,,,,0,,0.17678630119755126,1,ai_phishing+account_takeover,social_engineering+access,text_generation+credential_stuffing_automation,0.958,True,synthetic
TXN320342783535,U8075172,2026-08-04 18:04:23,475.61,USD,p2p_transfer,credit_card,MID790143,6011,ATM / Cash Disbursement,0.091,DEV15069541,mac_desktop,0.18591912755052717,VN,AU,True,18,False,208.20142574451856,5,1,8.33,429,mobile_app_remote,video_verified,super_prime,57.08,147,2,0,0.15239923447414994,0.962520224093267,False,False,0,1,1,CLUSTER1878,1,0.9821050845809504,0.853366068697656,0.8080107261046852,,,,,0,,0.06553965197604865,1,ai_phishing+account_takeover,social_engineering+access,text_generation+credential_stuffing_automation,0.892,True,synthetic
TXN659801163609,U2000006,2026-07-17 08:39:11,693.51,USD,card_not_present_online,debit_card,MID799450,6051,Crypto / Digital Currency,0.519,DEV78102940,android_mobile,0.1889689887672181,EG,JP,True,8,False,563.7486742692547,2,0,20.59,427,mobile_app_remote,video_verified,near_prime,14.98,280,2,0,0.6240061602054886,0.7528014464605942,True,False,0,1,1,CLUSTER9609,1,2.2656658274559116,0.8984940823988562,0.8432366012297158,,,,,0,,0.28549099012326223,1,ai_phishing+account_takeover,social_engineering+access,text_generation+credential_stuffing_automation,0.946,True,synthetic
TXN277694728422,U6733812,2026-08-06 16:22:32,155.34,USD,card_not_present_online,digital_wallet,MID296151,5941,Sporting Goods,0.337,DEV88283918,ios_mobile,0.11202643600762488,BD,SG,True,16,True,55.497020255007826,6,1,1.86,401,mobile_app_remote,basic_document,prime,83.44,74,2,0,0.2976319486698694,0.9068614043153623,True,True,0,1,2,CLUSTER4467,2,1.2124503999281369,0.7298429754373836,0.8542865872390492,,,,,0,,0.12620307667952924,1,ai_phishing+account_takeover,social_engineering+access,text_generation+credential_stuffing_automation,0.978,True,synthetic
TXN628588151890,U6051999,2026-06-21 21:40:00,113.0,USD,card_not_present_online,debit_card,MID613196,5411,Grocery Stores,0.216,DEV86497413,ios_mobile,0.10108087585087482,PK,AU,True,21,False,585.2973950812172,2,0,23.77,786,api_partner_onboarding,video_verified,subprime,25.04,148,2,0,0.7477771541356802,0.7162381741202445,True,False,0,1,1,CLUSTER4642,3,0.059040454589346925,0.7384605428532789,0.7884853797686036,,,,,0,,0.07936960788154294,1,ai_phishing+account_takeover,social_engineering+access,text_generation+credential_stuffing_automation,0.889,True,synthetic
TXN546864797901,U0915092,2026-07-12 15:58:45,714.29,USD,p2p_transfer,upi,MID250812,4829,Money Transfer,0.424,DEV31189972,windows_desktop,0.0925938545806896,EG,US,True,15,False,418.4635618965322,3,2,55.07,450,in_branch,in_branch_verified,subprime,12.97,88,2,1,0.2657946839741226,0.867906382737933,True,False,0,1,2,CLUSTER6759,2,0.7786976607897317,0.920430203634919,0.8252621247536348,,,,,0,,0.22239150371867158,1,ai_phishing+account_takeover,social_engineering+access,text_generation+credential_stuffing_automation,0.955,True,synthetic
TXN296809162620,U2034346,2026-07-27 07:52:02,282.42,USD,card_not_present_online,upi,MID786596,5411,Grocery Stores,0.425,DEV75518779,android_mobile,0.1665867194764905,RU,CA,True,7,False,438.9518670786624,5,0,6.53,89,in_branch,in_branch_verified,super_prime,43.25,183,1,1,0.25053764580488974,0.8354387641412696,True,False,0,1,1,CLUSTER1412,2,0.21969002905921442,0.7383692827162412,0.9173965912059118,,,,,0,,0.16629645493734066,1,ai_phishing+account_takeover,social_engineering+access,text_generation+credential_stuffing_automation,0.894,True,synthetic
TXN481438525778,U3343174,2026-08-15 08:48:35,659.12,USD,card_not_present_online,credit_card,MID150884,4829,Money Transfer,0.203,DEV53181452,ios_mobile,0.10137157195725245,VN,US,True,8,True,317.8935484201866,3,2,29.05,499,api_partner_onboarding,unverified,subprime,22.69,250,2,0,0.3043764250945591,0.8810487107362694,True,False,0,1,1,CLUSTER3356,3,1.1210979505079097,0.7068709102610927,0.7801490436805735,,,,,0,,0.14005246459689416,1,ai_phishing+account_takeover,social_engineering+access,text_generation+credential_stuffing_automation,0.981,True,synthetic
TXN640458052493,U0159712,2026-07-29 04:17:34,277.69,USD,p2p_transfer,prepaid_card,MID799959,4829,Money Transfer,0.035,DEV65362952,mac_desktop,0.1458150295395262,VN,US,True,4,False,402.4628835021413,6,2,5.75,397,agent_assisted,unverified,subprime,48.33,53,1,0,0.20856943726164795,0.855947547613148,True,False,0,1,2,CLUSTER6340,1,0.7320060693713458,0.7602082244759293,0.9420251674043231,,,,,0,,0.06349253458386485,1,ai_phishing+account_takeover,social_engineering+access,text_generation+credential_stuffing_automation,0.962,True,synthetic
TXN550267139326,U4870483,2026-06-09 00:38:28,1096.94,USD,card_not_present_online,digital_wallet,MID990414,8011,Healthcare,0.048,DEV41594808,mac_desktop,0.026822518011710435,ID,AU,True,0,True,109.18256048444371,6,1,8.26,439,web_remote,video_verified,prime,36.37,187,2,0,0.607165118901235,0.8153526577996281,False,False,0,1,2,CLUSTER6557,3,1.873238254208483,0.9480362859097031,0.8859093879053672,,,,,0,,0.2651235737768596,1,ai_phishing+account_takeover,social_engineering+access,text_generation+credential_stuffing_automation,0.892,True,synthetic
TXN754130344561,U2328326,2026-06-09 16:33:12,134.9,USD,p2p_transfer,prepaid_card,MID698089,4111,Transit / Transportation,0.188,DEV76600353,ios_mobile,0.062338830050913674,NG,SG,True,16,False,343.17536670157887,6,2,10.44,432,web_remote,unverified,near_prime,36.88,145,2,0,0.7539774854275898,0.8455574111921285,True,False,0,1,2,CLUSTER9275,2,0.2708520498940793,0.7072880634590017,0.9417976935499849,,,,,0,,0.08281680533774506,1,ai_phishing+account_takeover,social_engineering+access,text_generation+credential_stuffing_automation,0.948,True,synthetic
TXN548185531640,U0371482,2026-07-04 16:45:59,193.04,USD,p2p_transfer,digital_wallet,MID231109,5921,Liquor Stores,0.114,DEV21660704,windows_desktop,0.10870509994796206,RU,NL,True,16,False,89.19888015763217,4,1,19.3,625,agent_assisted,in_branch_verified,subprime,8.14,97,2,0,0.35683384631576154,0.7123925843132386,False,False,0,1,2,CLUSTER2281,3,1.6833438098741669,0.7841862556784621,0.7772630021758483,,,,,0,,0.13297829927086333,1,ai_phishing+account_takeover,social_engineering+access,text_generation+credential_stuffing_automation,0.973,True,synthetic
TXN210946878337,U4682755,2026-06-03 13:38:43,306.61,USD,card_not_present_online,bank_transfer,MID685521,5661,Shoe Stores,0.121,DEV69670060,mac_desktop,0.07290458698195161,BD,SG,True,13,False,336.7399511555441,4,1,12.82,367,api_partner_onboarding,video_verified,prime,23.92,154,1,0,0.11147285638652318,0.7008212786394975,True,True,0,1,1,CLUSTER9760,2,1.6870597713153344,0.899997382576301,0.8866998247058456,,,,,0,,0.05078732202333684,1,ai_phishing+account_takeover,social_engineering+access,text_generation+credential_stuffing_automation,0.92,True,synthetic
TXN655221025576,U7613883,2026-07-06 02:24:11,194.35,USD,p2p_transfer,upi,MID241865,5411,Grocery Stores,0.373,DEV53262322,ios_mobile,0.028235954433090075,PK,AU,True,2,True,80.6628719897308,3,3,15.96,442,in_branch,video_verified,prime,12.18,286,2,0,0.1632751417047842,0.90882429021635,False,False,0,1,1,CLUSTER8043,3,2.1953492051500536,0.746526729893301,0.85546175735803,,,,,0,,0.2775106810637211,1,ai_phishing+account_takeover,social_engineering+access,text_generation+credential_stuffing_automation,0.96,True,synthetic
TXN506772305964,U2733216,2026-07-20 02:38:48,668.0,USD,p2p_transfer,credit_card,MID668853,6011,ATM / Cash Disbursement,0.358,DEV15659115,linux_desktop,0.03159339952983906,BD,SG,True,2,True,483.82007089514906,6,1,11.79,822,api_partner_onboarding,unverified,subprime,56.67,132,1,1,0.3944693380429024,0.8051246166493995,True,False,0,1,1,CLUSTER4417,1,1.5410625819138768,0.7462103212086861,0.9877057605366983,,,,,0,,0.2739428721677798,1,ai_phishing+account_takeover,social_engineering+access,text_generation+credential_stuffing_automation,0.94,True,synthetic
TXN761928295330,U9654490,2026-08-21 06:55:23,844.29,USD,p2p_transfer,debit_card,MID853495,5541,Fuel / Gas Stations,0.342,DEV18991403,ios_mobile,0.15938824318849937,EG,CA,True,6,True,66.21875846128691,7,1,11.39,529,api_partner_onboarding,unverified,thin_file,16.05,125,1,0,0.6834644497335387,0.9400557276114647,True,False,0,1,2,CLUSTER7670,3,2.3921080112850626,0.9098561869131828,0.761165362868128,,,,,0,,0.05493382663079864,1,ai_phishing+account_takeover,social_engineering+access,text_generation+credential_stuffing_automation,0.919,True,synthetic
TXN444987885449,U0072034,2026-08-11 07:43:10,82.6,USD,p2p_transfer,credit_card,MID290289,5812,Restaurants,0.105,DEV39427608,ios_mobile,0.0823110317792127,BD,CA,True,7,True,537.1008258525665,6,0,2.42,283,agent_assisted,video_verified,super_prime,65.66,269,1,0,0.7730720137725247,0.8650074379576964,True,True,0,1,2,CLUSTER3299,1,0.6566105311122562,0.7242659687078549,0.8944138437597018,,,,,0,,0.2601605092465246,1,ai_phishing+account_takeover,social_engineering+access,text_generation+credential_stuffing_automation,0.943,True,synthetic
TXN272765349519,U9448163,2026-06-09 16:13:25,83.72,USD,card_not_present_online,credit_card,MID188279,7995,Betting / Gambling,0.07,DEV56640786,android_mobile,0.16211046237146728,RU,CA,True,16,False,77.12582518568723,4,1,5.61,172,in_branch,unverified,super_prime,14.93,198,2,2,0.30621618620872126,0.9666062130740587,True,False,0,1,2,CLUSTER2140,1,2.259465813603673,0.9458656497063391,0.7693072505427672,,,,,0,,0.10270791173335207,1,ai_phishing+account_takeover,social_engineering+access,text_generation+credential_stuffing_automation,0.888,True,synthetic
TXN660275643838,U4302154,2026-06-25 13:27:50,587.47,USD,p2p_transfer,credit_card,MID910826,5999,Misc Retail,0.091,DEV49050824,android_mobile,0.08991456859655346,RU,GB,True,13,False,596.5720527926001,4,3,18.75,358,api_partner_onboarding,basic_document,super_prime,31.33,213,1,0,0.10327682883675342,0.7210063793056269,True,False,0,1,2,CLUSTER6605,3,1.9040663098211916,0.8881196645429978,0.7757203809212954,,,,,0,,0.181858042368643,1,ai_phishing+account_takeover,social_engineering+access,text_generation+credential_stuffing_automation,0.822,True,synthetic
TXN280566060585,U3319405,2026-06-03 11:14:33,116.84,USD,card_not_present_online,bank_transfer,MID758278,6051,Crypto / Digital Currency,0.279,DEV12765622,ios_mobile,0.1117658828262387,NG,AU,True,11,True,462.7544483721981,4,2,4.52,753,mobile_app_remote,unverified,near_prime,33.53,115,1,0,0.5811340851440546,0.794829667017711,True,False,1,1,2,CLUSTER1522,3,0.6487315674591329,0.84401035949333,0.7519679156981515,,,,,0,,0.07327931437019865,1,ai_phishing+account_takeover,social_engineering+access,text_generation+credential_stuffing_automation,0.956,True,synthetic
TXN831108024502,U1039012,2026-08-25 21:09:13,601.76,USD,p2p_transfer,credit_card,MID490993,4111,Transit / Transportation,0.239,DEV83134948,android_mobile,0.06927573219661301,EG,DE,True,21,False,582.8781749029245,2,1,6.56,311,agent_assisted,basic_document,super_prime,91.7,295,2,0,0.19623459887053984,0.9274372804704778,False,False,1,1,1,CLUSTER2344,3,0.7444978486140905,0.7547023762036286,0.915417842550122,,,,,0,,0.15143243021081618,1,ai_phishing+account_takeover,social_engineering+access,text_generation+credential_stuffing_automation,0.969,True,synthetic
TXN960702656115,U6874720,2026-07-19 00:10:38,369.48,USD,card_not_present_online,prepaid_card,MID578370,5967,Direct Marketing / Adult,0.196,DEV60301492,windows_desktop,0.19983363132893123,BD,SG,True,0,False,317.9953232666376,6,0,17.22,434,in_branch,video_verified,subprime,13.01,181,2,2,0.8165178583409168,0.7316860327765947,True,False,0,1,2,CLUSTER2203,3,0.10788806568143139,0.7876441274107978,0.8774338938867173,,,,,0,,0.15940763768609642,1,ai_phishing+account_takeover,social_engineering+access,text_generation+credential_stuffing_automation,0.957,True,synthetic
TXN660801981742,U0705581,2026-06-07 23:24:54,749.45,USD,p2p_transfer,digital_wallet,MID106092,4722,Travel Agencies,0.27,DEV85121978,mac_desktop,0.16693085717674944,NG,CA,True,23,False,237.57533344247844,2,1,13.57,285,api_partner_onboarding,unverified,subprime,55.22,276,1,0,0.13297628741976553,0.7679332650905418,True,False,0,1,1,CLUSTER3234,3,2.825581312514533,0.9448489690747292,0.9378334348315147,,,,,0,,0.11991648179376563,1,ai_phishing+account_takeover,social_engineering+access,text_generation+credential_stuffing_automation,0.877,True,synthetic
TXN139732443708,U4491203,2026-06-09 17:03:41,188.14,USD,card_not_present_online,digital_wallet,MID711955,5921,Liquor Stores,0.046,DEV75439113,android_mobile,0.15792231592937173,PK,DE,True,17,True,102.00331388184038,5,1,38.47,328,mobile_app_remote,unverified,prime,12.27,201,2,0,0.5775800903465507,0.8553045058722019,True,False,0,1,1,CLUSTER4087,1,1.2926005850907787,0.9035839737811483,0.8593290427965974,,,,,0,,0.23746264749516324,1,ai_phishing+account_takeover,social_engineering+access,text_generation+credential_stuffing_automation,0.84,True,synthetic
TXN651564400181,U2954461,2026-07-15 01:50:00,274.13,USD,card_not_present_online,upi,MID423548,5967,Direct Marketing / Adult,0.175,DEV86332991,android_mobile,0.1263770466043148,VN,NL,True,1,True,193.52516441081372,5,1,5.74,792,agent_assisted,video_verified,subprime,47.76,115,2,1,0.14786767465863848,0.8914440988345669,True,False,0,1,1,CLUSTER6187,2,0.9744052158004005,0.7084093574728079,0.7799674329703218,,,,,0,,0.24371673380445025,1,ai_phishing+account_takeover,social_engineering+access,text_generation+credential_stuffing_automation,0.926,True,synthetic
TXN635292244632,U9013932,2026-06-21 21:35:06,295.41,USD,p2p_transfer,upi,MID657149,4722,Travel Agencies,0.219,DEV89751893,windows_desktop,0.10590707671961207,ID,DE,True,21,True,249.73010171823654,6,1,9.45,421,mobile_app_remote,video_verified,near_prime,31.25,190,2,0,0.35452525853204286,0.9531451483785596,True,False,0,1,2,CLUSTER6771,1,1.0518003094811132,0.7882514049529759,0.8480342131073945,,,,,0,,0.07299469700125952,1,ai_phishing+account_takeover,social_engineering+access,text_generation+credential_stuffing_automation,0.936,True,synthetic
TXN877767573071,U4001980,2026-08-08 04:24:28,116.1,USD,p2p_transfer,credit_card,MID441368,4899,Cable / Streaming Services,0.275,DEV54235084,mac_desktop,0.07314518734262794,RU,NL,True,4,False,561.7297808247721,4,1,2.67,857,mobile_app_remote,unverified,subprime,125.86,203,1,0,0.7991796571285047,0.8253196833760303,True,False,0,1,2,CLUSTER3299,3,2.595648165698431,0.8539727565161119,0.8189555966800651,,,,,0,,0.20194467556799026,1,ai_phishing+account_takeover,social_engineering+access,text_generation+credential_stuffing_automation,0.939,True,synthetic
TXN177057346915,U0426645,2026-07-07 13:55:45,111.53,USD,p2p_transfer,digital_wallet,MID176739,7995,Betting / Gambling,0.311,DEV36678793,ios_mobile,0.03450305033854928,RU,SE,True,13,True,217.6510916340134,7,1,5.34,83,in_branch,basic_document,near_prime,20.89,194,1,1,0.1277543412871549,0.9356275470457607,True,False,0,1,2,CLUSTER8798,1,2.735602876577426,0.8111876595272831,0.8278047163011742,,,,,0,,0.16855129401142402,1,ai_phishing+account_takeover,social_engineering+access,text_generation+credential_stuffing_automation,0.884,True,synthetic
TXN331707587878,U7669938,2026-06-14 22:27:46,454.84,USD,card_not_present_online,bank_transfer,MID618558,7011,Hotels / Lodging,0.416,DEV16163588,linux_desktop,0.18928667985455688,NG,AU,True,22,True,506.44642306639656,8,2,7.13,332,web_remote,in_branch_verified,thin_file,63.82,52,1,0,0.1075642066028889,0.9291804658844199,True,True,0,1,1,CLUSTER8229,2,2.5462485667800054,0.9179794202635442,0.9497966308240887,,,,,0,,0.20970498322270542,1,ai_phishing+account_takeover,social_engineering+access,text_generation+credential_stuffing_automation,0.936,True,synthetic
TXN399245365695,U6529192,2026-07-02 09:54:45,172.62,USD,p2p_transfer,debit_card,MID623470,8299,Educational Services,0.243,DEV68194547,android_mobile,0.12613891725135726,ID,GB,True,9,True,278.91267288013927,2,0,7.88,283,in_branch,basic_document,near_prime,21.91,276,2,1,0.1699568205397715,0.8960263825643202,True,False,0,1,1,CLUSTER4607,3,2.6573945594426758,0.7885572636967508,0.7814315009430671,,,,,0,,0.15731307144958748,1,ai_phishing+account_takeover,social_engineering+access,text_generation+credential_stuffing_automation,0.976,True,synthetic
TXN313207034140,U7356779,2026-07-18 12:22:42,188.48,USD,card_not_present_online,prepaid_card,MID872825,5967,Direct Marketing / Adult,0.226,DEV52235181,ios_mobile,0.022762120618553094,VN,JP,True,12,False,453.1376447653949,4,0,37.61,203,mobile_app_remote,in_branch_verified,subprime,13.23,292,1,0,0.5739247717982998,0.9312591277731713,True,False,0,1,2,CLUSTER1819,1,1.5329385552850763,0.7309093310432456,0.9792763849812979,,,,,0,,0.14169544425516536,1,ai_phishing+account_takeover,social_engineering+access,text_generation+credential_stuffing_automation,0.899,True,synthetic
TXN438563559802,U6147405,2026-07-31 04:06:08,605.42,USD,p2p_transfer,upi,MID747079,5541,Fuel / Gas Stations,0.318,DEV86446410,android_mobile,0.14131138615652217,PK,DE,True,4,False,31.671556525897973,7,1,1.48,296,agent_assisted,basic_document,prime,160.36,175,1,0,0.5638502863903982,0.936043397631821,True,False,0,1,1,CLUSTER6960,3,2.087317226046202,0.8793604061393184,0.9227569472980035,,,,,0,,0.07829083935220717,1,ai_phishing+account_takeover,social_engineering+access,text_generation+credential_stuffing_automation,0.942,True,synthetic
TXN453979091767,U8219455,2026-06-10 22:42:50,225.28,USD,card_not_present_online,credit_card,MID422242,5999,Misc Retail,0.341,DEV13846869,mac_desktop,0.17165631867616019,BD,SG,True,22,True,225.26455354382418,5,1,2.08,615,in_branch,in_branch_verified,prime,108.55,279,1,1,0.17571426985725286,0.8133051088183916,True,False,0,1,2,CLUSTER8952,2,2.669804210543611,0.9144265171918895,0.8859139276438397,,,,,0,,0.07600542290654204,1,ai_phishing+account_takeover,social_engineering+access,text_generation+credential_stuffing_automation,0.886,True,synthetic
TXN633486557505,U9906090,2026-08-05 05:37:06,156.96,USD,card_not_present_online,debit_card,MID686033,4722,Travel Agencies,0.093,DEV52832597,android_mobile,0.16294237852839474,BD,SG,True,5,False,255.77189672163934,5,1,2.94,593,web_remote,basic_document,prime,53.45,186,2,0,0.37231065724351453,0.8296350014526974,True,False,1,1,2,CLUSTER3877,1,0.9108138164841204,0.9676517662180739,0.7765784088838317,,,,,0,,0.035032142780732155,1,ai_phishing+account_takeover,social_engineering+access,text_generation+credential_stuffing_automation,0.952,True,synthetic
TXN658676521857,U3735921,2026-06-30 00:11:35,339.6,USD,p2p_transfer,upi,MID675428,6012,Financial Institutions - Merchandise/Services,0.109,DEV54376297,mac_desktop,0.16893452989686114,PK,US,True,0,False,493.12036172676926,6,1,4.82,533,web_remote,basic_document,near_prime,43.78,198,1,0,0.7925041045689453,0.7187351711934997,True,False,0,1,1,CLUSTER1467,2,1.1827612557044422,0.7141370338164623,0.8355919370801747,,,,,0,,0.20292669764967555,1,ai_phishing+account_takeover,social_engineering+access,text_generation+credential_stuffing_automation,0.886,True,synthetic
TXN255193884350,U8379970,2026-08-17 14:26:13,188.9,USD,p2p_transfer,bank_transfer,MID281870,7011,Hotels / Lodging,0.419,DEV93434499,ios_mobile,0.027075192592835647,BD,SE,True,14,False,138.74471698820275,5,2,5.61,384,in_branch,video_verified,prime,30.87,136,1,1,0.6252974786085096,0.961225804417004,True,False,0,1,1,CLUSTER9017,3,1.8798366387525531,0.7553962053744276,0.8475446591357733,,,,,0,,0.10073035857097311,1,ai_phishing+account_takeover,social_engineering+access,text_generation+credential_stuffing_automation,0.865,True,synthetic
TXN226227432257,U2784319,2026-08-19 00:47:13,234.3,USD,card_not_present_online,credit_card,MID697527,5921,Liquor Stores,0.266,DEV24948908,linux_desktop,0.09287441255059606,BD,DE,True,0,False,555.1744051041437,4,1,8.4,415,web_remote,basic_document,prime,47.18,71,2,0,0.6657302061402588,0.7229649776050937,True,False,0,1,2,CLUSTER6353,3,1.378831140277853,0.7230084502883117,0.8442155074944209,,,,,0,,0.040280212539651604,1,ai_phishing+account_takeover,social_engineering+access,text_generation+credential_stuffing_automation,0.863,True,synthetic
TXN630745240207,U9339097,2026-08-17 19:15:35,450.42,USD,p2p_transfer,digital_wallet,MID850035,8299,Educational Services,0.239,DEV65629877,android_mobile,0.13560606179679394,NG,GB,True,19,False,265.15641723214367,2,3,3.69,462,web_remote,basic_document,thin_file,54.1,105,1,0,0.8376229865953926,0.8134313454531066,False,False,0,1,1,CLUSTER6329,2,2.093238717944753,0.7877585188621475,0.8598235730786556,,,,,0,,0.25372342416921295,1,ai_phishing+account_takeover,social_engineering+access,text_generation+credential_stuffing_automation,0.928,True,synthetic
TXN527486379491,U6218800,2026-06-29 22:31:33,147.98,USD,card_not_present_online,credit_card,MID319651,4111,Transit / Transportation,0.199,DEV58186925,ios_mobile,0.05840561132119035,PK,NL,True,22,True,167.95134897382113,3,3,4.93,832,web_remote,basic_document,subprime,30.02,32,2,0,0.182491570739705,0.7798332230838613,False,False,0,1,1,CLUSTER5307,1,0.23532183304266685,0.7531583421368931,0.9532570327231921,,,,,0,,0.23599641562154552,1,ai_phishing+account_takeover,social_engineering+access,text_generation+credential_stuffing_automation,0.916,True,synthetic
TXN973126571901,U4237941,2026-08-02 19:49:21,911.57,USD,p2p_transfer,debit_card,MID916605,5967,Direct Marketing / Adult,0.056,DEV71397367,ios_mobile,0.19837115400506644,BD,SE,True,19,False,462.94640068004367,2,3,54.45,395,web_remote,video_verified,thin_file,16.74,30,2,0,0.3987416409820471,0.8156885055715889,True,True,0,1,1,CLUSTER1111,2,2.0583917277262906,0.9188053334822307,0.9650990097211958,,,,,0,,0.00575206229116274,1,ai_phishing+account_takeover,social_engineering+access,text_generation+credential_stuffing_automation,0.87,True,synthetic
TXN817496419843,U6380007,2026-07-02 05:36:41,321.54,USD,card_not_present_online,credit_card,MID930624,5999,Misc Retail,0.125,DEV16994644,mac_desktop,0.05825293416102888,NG,NL,True,5,False,545.9607647640221,7,0,12.1,96,in_branch,in_branch_verified,prime,26.58,88,1,0,0.14884931589736883,0.96382480354074,True,False,0,1,1,CLUSTER6341,3,2.646804154465441,0.8211195380728149,0.8634154661310635,,,,,0,,0.11635873800628281,1,ai_phishing+account_takeover,social_engineering+access,text_generation+credential_stuffing_automation,0.92,True,synthetic
TXN535041898527,U3466722,2026-06-07 08:03:30,240.13,USD,p2p_transfer,debit_card,MID491173,5921,Liquor Stores,0.143,DEV25992431,mac_desktop,0.06833022979071324,BD,DE,True,8,False,201.64209458054765,3,1,2.56,661,web_remote,video_verified,prime,93.97,63,2,0,0.33187930567070856,0.8270604204918645,False,False,0,1,1,CLUSTER3526,1,0.4988937629424606,0.8866146211313364,0.75153174290957,,,,,0,,0.13761337639399965,1,ai_phishing+account_takeover,social_engineering+access,text_generation+credential_stuffing_automation,0.85,True,synthetic
TXN390556351454,U5143405,2026-07-15 00:06:16,649.63,USD,card_not_present_online,bank_transfer,MID205498,5411,Grocery Stores,0.101,DEV99386422,android_mobile,0.11392510381682298,RU,DE,True,0,False,163.9295268664622,6,1,15.81,794,mobile_app_remote,unverified,thin_file,41.09,121,2,1,0.2961360436512882,0.9355127047638698,True,False,0,1,1,CLUSTER5775,3,1.7349778791561858,0.9611809596898044,0.8896221627633981,,,,,0,,0.02029476603990753,1,ai_phishing+account_takeover,social_engineering+access,text_generation+credential_stuffing_automation,0.939,True,synthetic
TXN200914301932,U7925599,2026-06-14 16:52:00,202.48,USD,card_not_present_online,prepaid_card,MID984660,5311,Department Stores,0.19,DEV97225294,android_mobile,0.11982084134516066,EG,SG,True,16,True,196.84551578417137,8,1,7.28,658,api_partner_onboarding,basic_document,thin_file,27.82,24,1,0,0.34188809816286936,0.8698738866161995,True,False,0,1,1,CLUSTER5971,3,1.9021521067646494,0.7647660829228842,0.8461128127409822,,,,,0,,0.2625479184248561,1,ai_phishing+account_takeover,social_engineering+access,text_generation+credential_stuffing_automation,0.87,True,synthetic
TXN330664778650,U4973470,2026-06-05 15:00:30,197.69,USD,p2p_transfer,upi,MID484843,4111,Transit / Transportation,0.196,DEV65311832,ios_mobile,0.07660224198430156,EG,CA,True,15,True,121.16156701138982,7,2,2.17,142,mobile_app_remote,video_verified,subprime,91.25,128,2,0,0.11517454194892629,0.9298690022766227,True,False,0,1,2,CLUSTER6338,2,1.722248680726189,0.7721956582214375,0.9323872580796826,,,,,0,,0.18943222154740302,1,ai_phishing+account_takeover,social_engineering+access,text_generation+credential_stuffing_automation,0.89,True,synthetic
TXN283611535717,U5920485,2026-06-18 12:34:37,372.02,USD,card_not_present_online,debit_card,MID477667,6051,Crypto / Digital Currency,0.536,DEV34651007,mac_desktop,0.15077654102863583,ID,CA,True,12,True,390.0439964301338,4,0,2.31,706,agent_assisted,unverified,thin_file,60.05,34,2,0,0.5771954540771356,0.7537420217553839,True,False,2,1,2,CLUSTER5114,3,1.129536522983487,0.7541595615911426,0.8282372446824277,,,,,0,,0.011692309854474935,1,ai_phishing+account_takeover,social_engineering+access,text_generation+credential_stuffing_automation,0.937,True,synthetic
TXN298601979941,U7476940,2026-06-08 11:33:33,112.09,USD,card_not_present_online,upi,MID395559,5999,Misc Retail,0.194,DEV78084720,mac_desktop,0.11101570011377013,BD,GB,True,11,False,465.52540508068205,6,0,2.91,260,api_partner_onboarding,video_verified,near_prime,60.73,81,1,1,0.7360339097798074,0.9559566081905504,True,True,0,1,1,CLUSTER3537,1,2.3133857309842982,0.7900547421542975,0.9274398382497909,,,,,0,,0.0328420376811395,1,ai_phishing+account_takeover,social_engineering+access,text_generation+credential_stuffing_automation,0.932,True,synthetic
TXN733702562396,U5211160,2026-08-23 17:47:56,219.7,USD,card_not_present_online,bank_transfer,MID428243,5311,Department Stores,0.272,DEV75389856,android_mobile,0.06128727561824375,EG,JP,True,17,True,381.87304506815906,4,3,13.44,628,web_remote,in_branch_verified,subprime,16.35,25,2,1,0.19520079217611036,0.7245645187077666,True,False,0,1,2,CLUSTER4412,1,2.078390643622813,0.8825036716554017,0.8402155111631323,,,,,0,,0.0030690938479186578,1,ai_phishing+account_takeover,social_engineering+access,text_generation+credential_stuffing_automation,0.889,True,synthetic
TXN766571924361,U7909226,2026-08-07 05:51:30,334.08,USD,p2p_transfer,digital_wallet,MID144177,5411,Grocery Stores,0.081,DEV14209949,android_mobile,0.07296884713024136,PK,AU,True,5,False,563.0215821398492,3,1,4.93,210,in_branch,in_branch_verified,near_prime,67.78,43,1,0,0.3927208707418244,0.848549683073774,True,False,0,1,2,CLUSTER1063,2,1.7108108250262477,0.8255048777085306,0.9092839470291895,,,,,0,,0.10160604822435794,1,ai_phishing+account_takeover,social_engineering+access,text_generation+credential_stuffing_automation,0.877,True,synthetic
TXN160110430111,U3014290,2026-07-27 08:18:13,186.41,USD,card_not_present_online,prepaid_card,MID817068,7011,Hotels / Lodging,0.084,DEV40088270,windows_desktop,0.19124927558153154,PK,JP,True,8,True,357.71156969474333,4,1,4.59,774,in_branch,video_verified,near_prime,86.14,67,2,0,0.5589402117109363,0.7756862115666846,True,False,0,1,2,CLUSTER9881,1,2.0827179182464395,0.9285630162964926,0.8835715559818857,,,,,0,,0.14225445321417213,1,ai_phishing+account_takeover,social_engineering+access,text_generation+credential_stuffing_automation,0.925,True,synthetic
TXN964021869254,U8218184,2026-07-29 23:33:39,453.62,USD,p2p_transfer,credit_card,MID930920,8011,Healthcare,0.099,DEV92588967,mac_desktop,0.12434869366160595,RU,NL,True,23,False,133.30016001945694,8,2,36.41,474,api_partner_onboarding,basic_document,subprime,12.46,169,1,0,0.14752368609147676,0.8273907910100884,True,False,0,1,2,CLUSTER3394,3,2.865625042352401,0.7803393615628439,0.7691889515329152,,,,,0,,0.22936029492906013,1,ai_phishing+account_takeover,social_engineering+access,text_generation+credential_stuffing_automation,0.922,True,synthetic
TXN678706772933,U6542583,2026-08-29 08:13:36,152.19,USD,card_not_present_online,prepaid_card,MID785673,5691,Apparel,0.435,DEV40869698,ios_mobile,0.027882834923342363,VN,GB,True,8,False,593.0196509013988,5,1,2.61,206,agent_assisted,unverified,super_prime,74.4,267,2,0,0.7143488724825369,0.8695979427211009,True,False,0,1,1,CLUSTER6621,1,2.14017782289051,0.7627494508517358,0.9665860775838429,,,,,0,,0.20670444001971933,1,ai_phishing+account_takeover,social_engineering+access,text_generation+credential_stuffing_automation,0.839,True,synthetic
TXN672232940695,U6329701,2026-07-31 01:53:33,476.34,USD,p2p_transfer,debit_card,MID463846,5411,Grocery Stores,0.124,DEV24968667,android_mobile,0.03904160024397939,RU,JP,True,1,True,246.84299651700707,8,1,15.8,433,api_partner_onboarding,unverified,near_prime,30.14,138,2,0,0.12374142087924436,0.7298094281739306,True,False,0,1,2,CLUSTER8844,3,0.22885659403253678,0.834481988122196,0.8776340311683162,,,,,0,,0.1618486680402594,1,ai_phishing+account_takeover,social_engineering+access,text_generation+credential_stuffing_automation,0.886,True,synthetic
TXN171377279446,U4439469,2026-06-03 20:57:07,440.97,USD,p2p_transfer,digital_wallet,MID719973,5967,Direct Marketing / Adult,0.066,DEV78738111,android_mobile,0.028426403825391012,RU,AU,True,20,False,85.46239431072617,4,0,20.89,711,mobile_app_remote,unverified,thin_file,21.11,89,2,0,0.28313954076593273,0.736967000347523,True,False,0,1,2,CLUSTER8289,2,1.1919247452447141,0.8121070954761859,0.7566479495111832,,,,,0,,0.03425877231178743,1,ai_phishing+account_takeover,social_engineering+access,text_generation+credential_stuffing_automation,0.948,True,synthetic
TXN454528304168,U7411173,2026-06-13 15:29:30,549.56,USD,p2p_transfer,upi,MID719725,6011,ATM / Cash Disbursement,0.111,DEV85396276,mac_desktop,0.06772149171239744,NG,SE,True,15,False,203.10686511091865,5,0,14.95,815,api_partner_onboarding,basic_document,subprime,36.77,116,2,1,0.27554457349794015,0.7933761035693456,True,False,0,1,1,CLUSTER1063,2,0.8532714078583427,0.8692158388399637,0.7732885789181858,,,,,0,,0.09166792755639616,1,ai_phishing+account_takeover,social_engineering+access,text_generation+credential_stuffing_automation,0.89,True,synthetic
TXN849313130331,U6637365,2026-06-25 20:49:22,261.11,USD,card_not_present_online,bank_transfer,MID396582,4829,Money Transfer,0.105,DEV23599032,mac_desktop,0.06214301952771026,NG,US,True,20,False,387.63468627722267,2,0,4.44,578,web_remote,in_branch_verified,super_prime,32.51,67,1,1,0.6226310980108307,0.8290465237692589,True,False,0,1,2,CLUSTER8142,1,2.418913456262299,0.914476943947723,0.9899361144446941,,,,,0,,0.27153314278587404,1,ai_phishing+account_takeover,social_engineering+access,text_generation+credential_stuffing_automation,0.902,True,synthetic
TXN678748990147,U6261978,2026-08-17 20:27:25,389.88,USD,p2p_transfer,prepaid_card,MID783812,6300,Insurance,0.219,DEV30653194,windows_desktop,0.18482222645940333,BD,NL,True,20,False,92.26285588153877,8,1,14.55,105,api_partner_onboarding,basic_document,subprime,32.4,16,1,1,0.7811156906126364,0.8232187059105522,True,False,0,1,1,CLUSTER2734,1,0.4831188871119835,0.8949918098871441,0.989052917018256,,,,,0,,0.2817453020597661,1,ai_phishing+account_takeover,social_engineering+access,text_generation+credential_stuffing_automation,0.869,True,synthetic
TXN813321989118,U7018005,2026-08-24 16:20:52,146.58,USD,p2p_transfer,credit_card,MID492370,4111,Transit / Transportation,0.119,DEV76592186,linux_desktop,0.1715622797358257,EG,SE,True,16,True,329.712247398499,2,0,4.55,884,in_branch,basic_document,prime,32.24,69,1,0,0.2311803459738865,0.8177180364716625,True,True,0,1,2,CLUSTER8653,3,2.551547899123161,0.8436758990047208,0.876772811452569,,,,,0,,0.012975259203859812,1,ai_phishing+account_takeover,social_engineering+access,text_generation+credential_stuffing_automation,0.937,True,synthetic
TXN158723860872,U9799804,2026-06-07 02:04:28,245.36,USD,p2p_transfer,digital_wallet,MID455010,5661,Shoe Stores,0.135,DEV55365810,windows_desktop,0.0338264061210552,BD,DE,True,2,True,450.4463046521295,2,0,10.45,655,web_remote,in_branch_verified,prime,23.48,248,1,1,0.17817977086466585,0.7478081907042715,True,False,0,1,2,CLUSTER1435,1,0.8693075138658554,0.8892823737864709,0.8382181588166132,,,,,0,,0.014530637826296577,1,ai_phishing+account_takeover,social_engineering+access,text_generation+credential_stuffing_automation,0.971,True,synthetic
TXN992768883256,U9448765,2026-06-21 06:15:37,283.59,USD,card_not_present_online,debit_card,MID168544,4722,Travel Agencies,0.351,DEV76421549,android_mobile,0.021713390909734915,NG,US,True,6,False,53.76767114287431,4,0,9.77,381,mobile_app_remote,unverified,subprime,45.44,274,1,0,0.7438549181794767,0.9556598076799281,True,False,0,1,2,CLUSTER6894,1,0.6502164302323027,0.9128207242648397,0.8772199094753612,,,,,0,,0.008831208325710282,1,ai_phishing+account_takeover,social_engineering+access,text_generation+credential_stuffing_automation,0.953,True,synthetic
TXN389465142012,U8638818,2026-06-02 12:01:30,188.74,USD,p2p_transfer,prepaid_card,MID517721,7011,Hotels / Lodging,0.177,DEV56051628,windows_desktop,0.14869062692143595,NG,AU,True,12,True,377.3148382999738,8,1,2.43,801,agent_assisted,video_verified,subprime,77.73,117,1,0,0.2953580699723523,0.8091095977291493,False,False,0,1,1,CLUSTER5117,3,0.8090150214687287,0.8113189170681829,0.8410424332071358,,,,,0,,0.12292739358576443,1,ai_phishing+account_takeover,social_engineering+access,text_generation+credential_stuffing_automation,0.857,True,synthetic
TXN844073617201,U6219260,2026-07-12 07:45:14,236.59,USD,p2p_transfer,debit_card,MID115502,5941,Sporting Goods,0.333,DEV72398093,windows_desktop,0.1652744511118125,VN,DE,True,7,False,153.37456501898657,7,2,29.02,668,api_partner_onboarding,video_verified,super_prime,13.08,243,2,0,0.627083467002972,0.8952010600618279,False,False,0,1,1,CLUSTER7174,3,2.7059915829503685,0.9363827515709098,0.9131686128783826,,,,,0,,0.2888101051632387,1,ai_phishing+account_takeover,social_engineering+access,text_generation+credential_stuffing_automation,0.907,True,synthetic
TXN968497620620,U9562781,2026-07-18 20:30:59,369.28,USD,card_not_present_online,debit_card,MID732188,5732,Electronics Stores,0.051,DEV76399145,android_mobile,0.13757678800881912,EG,SG,True,20,True,72.62874364305344,8,1,36.93,413,agent_assisted,basic_document,subprime,8.63,219,1,0,0.2268359984384701,0.704140698103827,True,False,0,1,2,CLUSTER5776,1,2.446121110618912,0.8163765481752092,0.9168226471522919,,,,,0,,0.26133889349319955,1,ai_phishing+account_takeover,social_engineering+access,text_generation+credential_stuffing_automation,0.974,True,synthetic
TXN303919666256,U6592819,2026-06-02 17:49:15,340.54,USD,card_not_present_online,debit_card,MID373174,5964,Direct Marketing / Catalog,0.095,DEV16402146,windows_desktop,0.12045055499011775,VN,NL,True,17,False,30.569397416639728,5,0,12.3,79,api_partner_onboarding,video_verified,prime,30.82,255,1,0,0.7487075018887973,0.9680432644040233,True,True,0,1,1,CLUSTER9231,1,1.0320348757094182,0.8466013846257457,0.9809519499690539,,,,,0,,0.1547688054211366,1,ai_phishing+account_takeover,social_engineering+access,text_generation+credential_stuffing_automation,0.963,True,synthetic
TXN912447749464,U6724122,2026-07-20 02:19:36,131.99,USD,card_not_present_online,prepaid_card,MID435023,5967,Direct Marketing / Adult,0.129,DEV25682173,linux_desktop,0.12934115003075058,VN,GB,True,2,False,218.49492328098285,8,1,21.85,593,agent_assisted,basic_document,near_prime,30.72,181,1,0,0.6856168947057387,0.8024355402054416,False,True,0,1,1,CLUSTER3386,2,2.2495792465208244,0.8311085960538951,0.8768581320380875,,,,,0,,0.013433970697739628,1,ai_phishing+account_takeover,social_engineering+access,text_generation+credential_stuffing_automation,0.967,True,synthetic
TXN282514268296,U2679914,2026-07-06 06:52:10,1551.96,USD,p2p_transfer,upi,MID165349,5661,Shoe Stores,0.232,DEV90653727,ios_mobile,0.0649394297111878,RU,GB,True,6,False,529.130586096561,5,1,87.63,747,web_remote,video_verified,prime,17.71,162,2,0,0.3445847930837638,0.7520974586137754,False,False,0,1,1,CLUSTER4018,1,2.1521062698730704,0.8595875810941235,0.7647026504771041,,,,,0,,0.1935990107206423,1,ai_phishing+account_takeover,social_engineering+access,text_generation+credential_stuffing_automation,0.903,True,synthetic
TXN170884126352,U7554481,2026-07-30 20:08:32,155.12,USD,card_not_present_online,upi,MID162180,6051,Crypto / Digital Currency,0.299,DEV51944661,mac_desktop,0.19969198875546362,ID,NL,True,20,True,175.17744635090025,2,4,4.75,428,agent_assisted,unverified,prime,49.59,88,1,1,0.5926597707278459,0.9114619412104277,True,False,0,1,1,CLUSTER3381,3,0.2865154136844352,0.9155093760811266,0.987023251943641,,,,,0,,0.16803506020059844,1,ai_phishing+account_takeover,social_engineering+access,text_generation+credential_stuffing_automation,0.974,True,synthetic
TXN204582393287,U2218412,2026-08-04 01:43:18,382.0,USD,p2p_transfer,bank_transfer,MID436573,5311,Department Stores,0.193,DEV78063793,ios_mobile,0.19031455385300786,NG,GB,True,1,False,298.4503861782139,6,2,11.21,546,agent_assisted,in_branch_verified,thin_file,34.09,114,1,0,0.3749268443126217,0.9158203413315051,True,False,0,1,1,CLUSTER1298,2,2.883828133714428,0.7652505608684289,0.838303417200752,,,,,0,,0.11350121770058089,1,ai_phishing+account_takeover,social_engineering+access,text_generation+credential_stuffing_automation,0.929,True,synthetic
TXN844993509719,U6739282,2026-06-07 23:56:59,998.66,USD,card_not_present_online,credit_card,MID237111,4829,Money Transfer,0.055,DEV81215392,mac_desktop,0.14822727670503336,BD,JP,True,23,True,33.32223118007472,2,1,9.75,802,agent_assisted,unverified,prime,102.4,264,1,0,0.2883446631343707,0.713508049995901,True,True,0,1,1,CLUSTER7720,1,2.665223496989815,0.941433739412515,0.8770931211810558,,,,,0,,0.03626313624378181,1,ai_phishing+account_takeover,social_engineering+access,text_generation+credential_stuffing_automation,0.969,True,synthetic
TXN132568871075,U2892593,2026-08-18 04:27:31,222.05,USD,card_not_present_online,upi,MID278292,4111,Transit / Transportation,0.35,DEV57287679,android_mobile,0.11498354130823217,ID,CA,True,4,False,338.81617151122515,5,2,7.96,522,mobile_app_remote,in_branch_verified,subprime,29.59,46,1,1,0.7341700752332262,0.882865041153361,True,False,0,1,1,CLUSTER7157,2,2.0667966828418423,0.889311474429351,0.8662187072064063,,,,,0,,0.08999938779499855,1,ai_phishing+account_takeover,social_engineering+access,text_generation+credential_stuffing_automation,0.809,True,synthetic
TXN222713250768,U5668035,2026-06-29 06:22:27,674.05,USD,p2p_transfer,credit_card,MID790453,6011,ATM / Cash Disbursement,0.063,DEV19114609,ios_mobile,0.15607483311319073,ID,NL,True,6,False,511.0633414774185,6,0,9.85,725,web_remote,in_branch_verified,subprime,68.46,45,1,0,0.26921301950132387,0.80056460174017,True,False,0,1,1,CLUSTER3160,3,2.9852809282452974,0.9420877437178783,0.8314034854859103,,,,,0,,0.03884032446636369,1,ai_phishing+account_takeover,social_engineering+access,text_generation+credential_stuffing_automation,0.967,True,synthetic
TXN603865817122,U9868551,2026-08-15 13:21:22,468.69,USD,card_not_present_online,upi,MID346760,4829,Money Transfer,0.13,DEV51151540,mac_desktop,0.09814761288244993,NG,NL,True,13,False,135.0419846128993,2,1,12.94,246,mobile_app_remote,basic_document,subprime,36.22,67,1,0,0.2274654362133303,0.7847737388954645,True,False,0,1,2,CLUSTER6457,3,2.7020106117188476,0.9550685454986398,0.9078741129985262,,,,,0,,0.1893797238616924,1,ai_phishing+account_takeover,social_engineering+access,text_generation+credential_stuffing_automation,0.946,True,synthetic
TXN966010340085,U7390549,2026-08-01 13:59:43,516.02,USD,p2p_transfer,credit_card,MID959059,5967,Direct Marketing / Adult,0.29,DEV28243245,android_mobile,0.049918481443489114,RU,SG,True,13,False,320.9884319185538,6,1,11.46,267,in_branch,unverified,prime,45.01,53,1,1,0.21343892721604896,0.7816505370756255,True,False,0,1,2,CLUSTER1910,1,0.8987070628652036,0.809601798055671,0.7839898258045215,,,,,0,,0.18241902556525813,1,ai_phishing+account_takeover,social_engineering+access,text_generation+credential_stuffing_automation,0.843,True,synthetic
TXN106632418214,U2617998,2026-07-17 09:13:34,359.04,USD,p2p_transfer,debit_card,MID818085,5691,Apparel,0.116,DEV76508207,windows_desktop,0.15850396610315787,RU,NL,True,9,False,44.36963213917796,3,2,2.88,460,web_remote,video_verified,super_prime,124.74,36,1,1,0.35125854878615614,0.9193028763227282,True,False,0,1,1,CLUSTER3313,3,1.0102247276378162,0.8103234192338205,0.7651573098492588,,,,,0,,0.24943490293335702,1,ai_phishing+account_takeover,social_engineering+access,text_generation+credential_stuffing_automation,0.918,True,synthetic
TXN328172736734,U2489156,2026-06-28 21:32:00,721.37,USD,p2p_transfer,bank_transfer,MID725593,8011,Healthcare,0.07,DEV47295726,windows_desktop,0.11295991085401964,ID,US,True,21,True,494.06805327159645,5,2,8.96,198,mobile_app_remote,unverified,near_prime,38.97,35,1,1,0.7992968419207717,0.8142644371544023,True,False,0,1,2,CLUSTER3633,3,1.286530206850303,0.7339996903063823,0.9891093192352869,,,,,0,,0.11379732870852154,1,ai_phishing+account_takeover,social_engineering+access,text_generation+credential_stuffing_automation,0.923,True,synthetic
TXN791317024199,U3841681,2026-06-10 06:31:01,545.71,USD,p2p_transfer,debit_card,MID903533,5964,Direct Marketing / Catalog,0.514,DEV75238860,windows_desktop,0.08619786781107332,VN,DE,True,6,False,254.4760017058572,8,2,17.57,680,api_partner_onboarding,video_verified,subprime,26.65,281,1,0,0.6966474563412804,0.8046787713010239,False,True,0,1,1,CLUSTER9055,3,1.9432706683437155,0.8206210367185964,0.8189645868864553,,,,,0,,0.05153529673368871,1,ai_phishing+account_takeover,social_engineering+access,text_generation+credential_stuffing_automation,0.945,True,synthetic
TXN196541167790,U9358948,2026-07-21 12:14:11,288.9,USD,p2p_transfer,digital_wallet,MID123000,5921,Liquor Stores,0.197,DEV49568551,android_mobile,0.19575648643111765,VN,JP,True,12,False,206.32910459994432,6,0,18.11,897,in_branch,video_verified,thin_file,33.34,212,1,0,0.8061939176911839,0.8839912068542135,False,True,0,1,2,CLUSTER9410,3,2.3641312275863497,0.9294801025890991,0.9259300576377459,,,,,0,,0.08955853186407056,1,ai_phishing+account_takeover,social_engineering+access,text_generation+credential_stuffing_automation,0.92,True,synthetic
TXN619145332725,U3980444,2026-06-27 02:34:52,259.3,USD,card_not_present_online,prepaid_card,MID242645,6051,Crypto / Digital Currency,0.237,DEV87954933,mac_desktop,0.12731808412446363,BD,CA,True,2,True,265.2184496828459,3,1,22.67,335,agent_assisted,video_verified,prime,11.44,86,1,0,0.13733653372922122,0.8144760304805873,True,True,0,1,1,CLUSTER5353,1,1.3839518653535436,0.7926322629528902,0.9879040471649205,,,,,0,,0.16219352862824415,1,ai_phishing+account_takeover,social_engineering+access,text_generation+credential_stuffing_automation,0.941,True,synthetic
TXN146758298690,U3805206,2026-08-05 02:52:26,163.01,USD,p2p_transfer,digital_wallet,MID338881,8011,Healthcare,0.018,DEV93801324,mac_desktop,0.17518526674313464,EG,DE,True,2,False,575.7401959042895,5,4,8.91,332,in_branch,unverified,near_prime,40.92,30,2,0,0.593745569626078,0.713111486745805,False,False,0,1,2,CLUSTER9102,2,1.240104520155725,0.9094971704070278,0.7947150214455111,,,,,0,,0.246759731343163,1,ai_phishing+account_takeover,social_engineering+access,text_generation+credential_stuffing_automation,0.9,True,synthetic
TXN375028225215,U5350467,2026-07-07 19:24:20,123.86,USD,p2p_transfer,debit_card,MID904065,6011,ATM / Cash Disbursement,0.186,DEV82762353,mac_desktop,0.18471356497888128,ID,JP,True,19,False,299.56266776476645,2,2,8.32,671,mobile_app_remote,video_verified,near_prime,24.46,297,1,2,0.5902193055181552,0.8190020666870816,False,False,0,1,2,CLUSTER1517,1,1.9191498843166592,0.8171149658472108,0.9129161422855456,,,,,0,,0.026566678054191873,1,ai_phishing+account_takeover,social_engineering+access,text_generation+credential_stuffing_automation,0.921,True,synthetic
TXN288563464759,U2225797,2026-06-30 14:04:04,279.47,USD,card_not_present_online,debit_card,MID999955,8011,Healthcare,0.167,DEV93399965,linux_desktop,0.07365637954936793,ID,SG,True,14,False,486.2581084861993,6,2,27.95,705,mobile_app_remote,basic_document,near_prime,9.85,294,2,0,0.14758896405076039,0.9269755162698199,True,False,0,1,1,CLUSTER9668,3,0.6239739467846485,0.8812388219877758,0.8556539369529007,,,,,0,,0.22275235496740878,1,ai_phishing+account_takeover,social_engineering+access,text_generation+credential_stuffing_automation,0.96,True,synthetic
TXN615600752445,U4923371,2026-07-14 07:38:43,109.5,USD,card_not_present_online,debit_card,MID937826,4899,Cable / Streaming Services,0.098,DEV59153754,linux_desktop,0.11058947398750774,PK,SE,True,7,False,117.21353316808622,3,3,2.85,568,in_branch,in_branch_verified,near_prime,38.43,77,1,0,0.31182285723920017,0.9240528434703685,False,True,0,1,1,CLUSTER6960,1,1.8368921704943624,0.7632954918108394,0.8691847893521673,,,,,0,,0.27841080740141655,1,ai_phishing+account_takeover,social_engineering+access,text_generation+credential_stuffing_automation,0.942,True,synthetic
TXN496966371870,U9277222,2026-08-02 13:08:45,442.15,USD,p2p_transfer,prepaid_card,MID282906,8299,Educational Services,0.424,DEV40891416,ios_mobile,0.09336485980269756,EG,DE,True,13,False,276.65303120742396,7,1,9.44,757,mobile_app_remote,basic_document,near_prime,54.87,293,2,0,0.6300130961072039,0.7044966010952713,True,False,0,1,2,CLUSTER5601,2,1.2987824170176527,0.8071415970825984,0.958463187428318,,,,,0,,0.15802830349106178,1,ai_phishing+account_takeover,social_engineering+access,text_generation+credential_stuffing_automation,0.929,True,synthetic
TXN629968669413,U2834152,2026-07-21 18:49:35,467.22,USD,p2p_transfer,upi,MID104127,6051,Crypto / Digital Currency,0.184,DEV31337916,linux_desktop,0.12957068449089384,BD,GB,True,18,False,33.10402594203278,6,2,4.03,713,web_remote,video_verified,near_prime,115.96,251,1,0,0.15378743729699929,0.8760640158095782,True,False,0,1,2,CLUSTER1914,1,1.5993269611778964,0.837256731914964,0.7659376045594757,,,,,0,,0.2613725398073241,1,ai_phishing+account_takeover,social_engineering+access,text_generation+credential_stuffing_automation,0.91,True,synthetic
TXN568500869259,U3573109,2026-06-16 21:23:25,750.95,USD,card_not_present_online,credit_card,MID814154,6300,Insurance,0.063,DEV82817540,mac_desktop,0.030242768246404907,NG,US,True,21,False,108.61043870367774,8,0,19.75,291,agent_assisted,unverified,thin_file,38.03,205,2,0,0.3959572124092392,0.7815058681977985,True,False,0,1,1,CLUSTER6301,2,0.563463536576796,0.9120531161907354,0.7935748939623114,,,,,0,,0.27040416967038733,1,ai_phishing+account_takeover,social_engineering+access,text_generation+credential_stuffing_automation,0.905,True,synthetic
TXN784407537928,U8360528,2026-06-26 06:09:29,225.97,USD,card_not_present_online,credit_card,MID884587,5411,Grocery Stores,0.164,DEV41814643,windows_desktop,0.19749768336051698,EG,US,True,6,True,401.51311520747174,3,2,18.37,308,in_branch,basic_document,thin_file,12.3,162,1,0,0.14703454700838342,0.9153441177054708,True,False,0,1,2,CLUSTER2256,3,2.789240461493767,0.9003972906667574,0.8401786044742743,,,,,0,,0.1769353451012702,1,ai_phishing+account_takeover,social_engineering+access,text_generation+credential_stuffing_automation,0.863,True,synthetic
TXN367437585612,U8434099,2026-06-09 23:37:07,305.09,USD,p2p_transfer,digital_wallet,MID612678,5691,Apparel,0.051,DEV57616426,ios_mobile,0.051602792522059515,PK,AU,True,23,False,505.5098629054721,2,1,9.5,480,in_branch,in_branch_verified,thin_file,32.11,189,1,0,0.34876111431228324,0.7084399517846279,False,False,0,1,2,CLUSTER7561,3,0.5088607787235363,0.8184463574239298,0.7725961294510441,,,,,0,,0.16327049804597824,1,ai_phishing+account_takeover,social_engineering+access,text_generation+credential_stuffing_automation,0.962,True,synthetic
TXN507896891711,U9023113,2026-07-21 02:23:30,146.42,USD,card_not_present_online,prepaid_card,MID510939,5732,Electronics Stores,0.147,DEV61312093,mac_desktop,0.028752501592622562,VN,SE,True,2,False,381.65840564400594,6,0,29.25,200,api_partner_onboarding,video_verified,near_prime,23.37,73,1,0,0.6838414762487697,0.8272637052567282,True,False,0,1,2,CLUSTER5727,3,0.7353289494402739,0.7392193433463591,0.9432920434107045,,,,,0,,0.016828460546614243,1,ai_phishing+account_takeover,social_engineering+access,text_generation+credential_stuffing_automation,0.861,True,synthetic
TXN648256487396,U1827582,2026-08-28 00:52:12,294.08,USD,p2p_transfer,credit_card,MID631818,7011,Hotels / Lodging,0.275,DEV37317248,ios_mobile,0.029363957175021133,RU,DE,True,0,False,452.20938071663187,2,0,2.42,105,api_partner_onboarding,basic_document,subprime,122.98,21,2,0,0.6036584781880954,0.7253704420619997,False,False,0,1,2,CLUSTER1545,2,0.6524048555822327,0.9683041091343015,0.8854197996426607,,,,,0,,0.05102308997857532,1,ai_phishing+account_takeover,social_engineering+access,text_generation+credential_stuffing_automation,0.957,True,synthetic
TXN204351879383,U1355173,2026-06-29 03:31:09,338.36,USD,p2p_transfer,upi,MID461504,5411,Grocery Stores,0.102,DEV49168044,mac_desktop,0.12410419679466557,NG,US,True,3,False,522.0565715513974,8,2,11.11,779,mobile_app_remote,in_branch_verified,near_prime,51.7,171,2,0,0.5888677013672707,0.7695643132736756,True,False,0,1,2,CLUSTER3814,3,0.4519549124818135,0.8531853567906823,0.964402182847815,,,,,0,,0.048486491859520975,1,ai_phishing+account_takeover,social_engineering+access,text_generation+credential_stuffing_automation,0.903,True,synthetic
TXN532630404768,U6984365,2026-08-18 18:22:07,148.67,USD,card_not_present_online,debit_card,MID445378,5691,Apparel,0.257,DEV87336165,mac_desktop,0.13537085791970854,RU,SE,True,18,False,467.01127941642994,6,0,13.94,352,mobile_app_remote,in_branch_verified,near_prime,49.18,106,1,0,0.8398545936840888,0.7818044829471827,False,True,0,1,1,CLUSTER9753,2,1.19874673635494,0.8814590952956914,0.9587503640002727,,,,,0,,0.2495291765376168,1,ai_phishing+account_takeover,social_engineering+access,text_generation+credential_stuffing_automation,0.915,True,synthetic
TXN821008221510,U4671461,2026-08-02 20:17:34,557.6,USD,p2p_transfer,credit_card,MID876839,8011,Healthcare,0.327,DEV40777109,linux_desktop,0.10741347641600725,BD,SG,True,20,False,483.8457051964059,7,0,13.18,430,web_remote,video_verified,near_prime,42.31,247,2,0,0.33889739702773525,0.7285533876345323,True,False,0,1,1,CLUSTER8574,3,1.667415834131379,0.8441483494902557,0.7510218094091665,,,,,0,,0.06645546065562798,1,ai_phishing+account_takeover,social_engineering+access,text_generation+credential_stuffing_automation,0.89,True,synthetic
TXN242016349735,U2856748,2026-08-17 20:59:27,282.54,USD,p2p_transfer,bank_transfer,MID390586,5661,Shoe Stores,0.102,DEV58372339,linux_desktop,0.08182564394528899,BD,NL,True,20,False,125.20027512477665,4,1,3.79,272,web_remote,basic_document,near_prime,30.43,224,2,1,0.67740662334011,0.9306803402673148,True,False,0,1,2,CLUSTER7922,2,2.8613524039393865,0.8501061080177279,0.8608086105670677,,,,,0,,0.059379508648433485,1,ai_phishing+account_takeover,social_engineering+access,text_generation+credential_stuffing_automation,0.968,True,synthetic
TXN455835689718,U6159040,2026-08-02 02:34:29,996.14,USD,card_not_present_online,credit_card,MID561836,5812,Restaurants,0.19,DEV43572249,android_mobile,0.10681158708560862,EG,JP,True,2,True,315.6185542822224,2,1,13.87,581,mobile_app_remote,video_verified,thin_file,71.83,42,1,0,0.2565795261773526,0.8002529476595984,True,False,0,1,1,CLUSTER7012,3,0.24968513474495624,0.8676493345937366,0.9355853365859442,,,,,0,,0.14730505963458604,1,ai_phishing+account_takeover,social_engineering+access,text_generation+credential_stuffing_automation,0.862,True,synthetic
TXN712988921373,U2385189,2026-06-01 15:18:43,840.81,USD,card_not_present_online,debit_card,MID451259,4829,Money Transfer,0.438,DEV57920344,windows_desktop,0.17258823000492682,RU,JP,True,15,False,45.691334450053525,4,2,18.39,453,api_partner_onboarding,basic_document,prime,45.72,256,2,1,0.24489956481826808,0.8693783742936547,True,True,0,1,1,CLUSTER6063,3,2.0975268018517346,0.7831632121908833,0.7991367674452303,,,,,0,,0.13121852677878096,1,ai_phishing+account_takeover,social_engineering+access,text_generation+credential_stuffing_automation,0.971,True,synthetic
TXN260137970901,U2109929,2026-06-29 10:03:50,597.14,USD,card_not_present_online,digital_wallet,MID266702,6051,Crypto / Digital Currency,0.051,DEV70194028,ios_mobile,0.12227830294816251,ID,JP,True,10,True,455.6013054135063,7,1,4.98,582,in_branch,in_branch_verified,near_prime,62.78,128,1,0,0.6896242172942029,0.8514620133791237,True,False,0,1,1,CLUSTER6913,3,2.3221471969507412,0.9483922178139846,0.849524998901409,,,,,0,,0.19386809285262516,1,ai_phishing+account_takeover,social_engineering+access,text_generation+credential_stuffing_automation,0.961,True,synthetic
TXN838808955909,U9133600,2026-06-07 16:37:41,303.04,USD,card_not_present_online,digital_wallet,MID351983,5411,Grocery Stores,0.107,DEV55719391,android_mobile,0.18904076548135632,VN,JP,True,16,False,327.58355598260283,4,4,24.8,102,in_branch,video_verified,subprime,12.22,266,1,0,0.37997107708876254,0.8874792928268818,True,False,0,1,2,CLUSTER6637,2,1.0254130072580583,0.9065150794121648,0.9223143924971161,,,,,0,,0.07376442201972445,1,ai_phishing+account_takeover,social_engineering+access,text_generation+credential_stuffing_automation,0.893,True,synthetic
TXN945999923573,U3208462,2026-07-23 19:32:58,256.9,USD,p2p_transfer,bank_transfer,MID702880,8299,Educational Services,0.101,DEV83648736,mac_desktop,0.04669783283825009,PK,SG,True,19,False,171.82598220927653,4,2,1.42,540,web_remote,in_branch_verified,prime,89.86,124,1,0,0.7989699405961663,0.8023265187093638,True,False,0,1,2,CLUSTER7680,3,1.497102182425889,0.7187030436401084,0.8710727417875767,,,,,0,,0.2946081145608652,1,ai_phishing+account_takeover,social_engineering+access,text_generation+credential_stuffing_automation,0.955,True,synthetic
TXN668758053610,U6825917,2026-08-11 11:50:56,233.81,USD,card_not_present_online,credit_card,MID856050,6300,Insurance,0.168,DEV17636825,linux_desktop,0.08262686119310336,ID,US,True,11,False,277.60862892168507,5,0,4.24,554,in_branch,in_branch_verified,prime,55.12,147,2,2,0.39495743808171113,0.9415311897603083,False,True,0,1,2,CLUSTER2459,2,2.2874673598703685,0.8098275257160981,0.9773043761385704,,,,,0,,0.16480220642890722,1,ai_phishing+account_takeover,social_engineering+access,text_generation+credential_stuffing_automation,0.94,True,synthetic
TXN562328459916,U4367890,2026-08-02 05:37:15,121.99,USD,p2p_transfer,debit_card,MID885893,5411,Grocery Stores,0.174,DEV84705246,android_mobile,0.057607099403687634,VN,CA,True,5,True,474.2978412985657,7,0,4.05,870,agent_assisted,video_verified,super_prime,30.09,80,1,0,0.29373295281712136,0.9317957104838761,True,False,0,1,2,CLUSTER3061,3,2.258994939648245,0.8710265639341404,0.8829169065699898,,,,,0,,0.11738251175003848,1,ai_phishing+account_takeover,social_engineering+access,text_generation+credential_stuffing_automation,0.932,True,synthetic
TXN779455035603,U5614451,2026-08-11 14:18:09,495.41,USD,card_not_present_online,debit_card,MID249235,8299,Educational Services,0.393,DEV92400454,ios_mobile,0.125508487315098,VN,AU,True,14,True,85.26735272740183,6,1,24.32,187,mobile_app_remote,basic_document,subprime,11.69,156,2,1,0.7038893578827694,0.8252639107915022,True,False,0,1,2,CLUSTER9206,3,0.22252824515173064,0.8555071649686498,0.9286759858880482,,,,,0,,0.10201439549631884,1,ai_phishing+account_takeover,social_engineering+access,text_generation+credential_stuffing_automation,0.941,True,synthetic
TXN146663262673,U5709480,2026-08-08 08:39:58,417.83,USD,p2p_transfer,bank_transfer,MID875640,6011,ATM / Cash Disbursement,0.047,DEV78063973,mac_desktop,0.06559680840817106,BD,GB,True,8,False,42.20746296344272,3,0,26.65,637,agent_assisted,unverified,near_prime,15.68,234,2,0,0.10987050826315642,0.9516339126797674,False,True,0,1,1,CLUSTER3557,2,0.904969333686541,0.8168112505128278,0.9129672489193981,,,,,0,,0.19219851252122472,1,ai_phishing+account_takeover,social_engineering+access,text_generation+credential_stuffing_automation,0.871,True,synthetic
TXN616831583035,U4400836,2026-08-20 02:15:40,203.11,USD,card_not_present_online,bank_transfer,MID814682,5964,Direct Marketing / Catalog,0.189,DEV66873561,linux_desktop,0.14037556472885818,RU,AU,True,2,True,213.34443726686203,7,2,13.54,597,in_branch,in_branch_verified,near_prime,55.18,150,1,0,0.5725151124418929,0.9024577756064727,True,False,0,1,2,CLUSTER9521,3,0.8718438516896441,0.7086011888714293,0.8536551630192339,,,,,0,,0.05409824425957259,1,ai_phishing+account_takeover,social_engineering+access,text_generation+credential_stuffing_automation,0.932,True,synthetic
TXN830083070190,U0326685,2026-08-22 18:48:58,74.59,USD,p2p_transfer,prepaid_card,MID989819,5964,Direct Marketing / Catalog,0.149,DEV87954932,ios_mobile,0.08440278646106751,BD,AU,True,18,True,483.0154615191253,3,3,1.08,194,in_branch,in_branch_verified,prime,113.54,58,1,0,0.8177503849892624,0.8030637501098441,True,False,1,1,1,CLUSTER9965,1,1.6275265999034794,0.8636133527316229,0.9027947620800989,,,,,0,,0.08963375820676571,1,ai_phishing+account_takeover,social_engineering+access,text_generation+credential_stuffing_automation,0.933,True,synthetic
TXN938223584620,U7793005,2026-06-15 01:10:32,470.81,USD,p2p_transfer,digital_wallet,MID430963,4111,Transit / Transportation,0.066,DEV33244723,android_mobile,0.04734424360872762,NG,SE,True,1,False,479.008779573305,6,3,14.42,472,agent_assisted,video_verified,thin_file,17.31,54,1,0,0.590990988593156,0.7664190279338523,True,False,0,1,2,CLUSTER3107,1,1.9810134251127995,0.9336070467644244,0.9580183681607812,,,,,0,,0.20981572991921502,1,ai_phishing+account_takeover,social_engineering+access,text_generation+credential_stuffing_automation,0.953,True,synthetic
TXN575322679837,U5475746,2026-07-26 21:40:33,100.65,USD,p2p_transfer,bank_transfer,MID178176,5661,Shoe Stores,0.176,DEV73675955,mac_desktop,0.07895654696429387,ID,CA,True,21,False,591.2274149993174,2,0,28.65,504,agent_assisted,unverified,subprime,12.93,191,1,0,0.7660090478628547,0.8981481123490651,True,True,0,1,2,CLUSTER2741,1,1.9378205881224844,0.7443801404521154,0.9753860116255998,,,,,0,,0.015704608338852986,1,ai_phishing+account_takeover,social_engineering+access,text_generation+credential_stuffing_automation,0.845,True,synthetic
TXN733274301538,U5245744,2026-07-07 21:59:48,138.47,USD,card_not_present_online,debit_card,MID551705,5411,Grocery Stores,0.11,DEV12209017,mac_desktop,0.11261522388838169,NG,GB,True,21,False,107.28466321087194,3,0,10.35,758,api_partner_onboarding,video_verified,near_prime,64.95,116,1,0,0.7619754206420319,0.9743016439250225,False,False,0,1,1,CLUSTER1785,2,2.9436733950832394,0.9418220051183585,0.9567912495320287,,,,,0,,0.10944409461843371,1,ai_phishing+account_takeover,social_engineering+access,text_generation+credential_stuffing_automation,0.898,True,synthetic
TXN805655231377,U1473565,2026-06-08 13:13:37,371.45,USD,card_not_present_online,debit_card,MID747062,8011,Healthcare,0.033,DEV31929169,mac_desktop,0.1449891383313608,BD,JP,True,13,True,369.576434763906,4,1,14.91,461,agent_assisted,video_verified,subprime,24.91,57,1,0,0.2234574076932071,0.8449406532906119,False,False,0,1,1,CLUSTER2291,3,1.4543528838259183,0.8576011752396195,0.8698586782212967,,,,,0,,0.06370486847333845,1,ai_phishing+account_takeover,social_engineering+access,text_generation+credential_stuffing_automation,0.963,True,synthetic
TXN885487882573,U8028582,2026-07-14 12:30:08,427.25,USD,p2p_transfer,digital_wallet,MID428702,8299,Educational Services,0.24,DEV24465552,linux_desktop,0.06989733226769534,RU,NL,True,12,False,336.44443848941506,2,2,20.81,863,web_remote,in_branch_verified,prime,37.69,237,2,0,0.6631404820950594,0.8522409359114496,True,True,0,1,2,CLUSTER2503,2,1.3963909890926147,0.9637537093181636,0.9150955164291659,,,,,0,,0.2702893666342469,1,ai_phishing+account_takeover,social_engineering+access,text_generation+credential_stuffing_automation,0.877,True,synthetic
TXN838685570426,U7717433,2026-08-01 05:32:34,163.22,USD,card_not_present_online,credit_card,MID276771,5411,Grocery Stores,0.082,DEV56145620,linux_desktop,0.07920008620103314,EG,NL,True,5,True,406.93531406457663,3,2,8.54,311,api_partner_onboarding,basic_document,near_prime,30.67,17,1,0,0.673928717700633,0.7100724922509783,False,False,0,1,2,CLUSTER6475,1,1.553122933784909,0.9082108438462917,0.7732948371503536,,,,,0,,0.05284624522913691,1,ai_phishing+account_takeover,social_engineering+access,text_generation+credential_stuffing_automation,0.932,True,synthetic
TXN714668691864,U0368680,2026-07-29 20:37:32,174.57,USD,card_not_present_online,prepaid_card,MID983426,8011,Healthcare,0.091,DEV90351089,ios_mobile,0.1740728551548196,VN,NL,True,20,False,248.69629587849158,5,2,17.86,299,api_partner_onboarding,basic_document,near_prime,35.94,222,1,0,0.7784765277313167,0.841639908141367,True,False,0,1,2,CLUSTER2014,2,0.1588230410090642,0.7771313511437515,0.7745612390368585,,,,,0,,0.1469489465965129,1,ai_phishing+account_takeover,social_engineering+access,text_generation+credential_stuffing_automation,0.809,True,synthetic
TXN999177823416,U8947722,2026-07-01 00:13:02,270.18,USD,card_not_present_online,bank_transfer,MID250575,5311,Department Stores,0.11,DEV71049214,android_mobile,0.07680268425144977,RU,GB,True,0,False,51.25904958880764,2,2,2.13,659,in_branch,unverified,subprime,139.22,289,2,1,0.7367316995535753,0.7894886572560692,True,False,0,1,2,CLUSTER4898,1,1.8950401405303219,0.7053019246093841,0.7552397258280849,,,,,0,,0.005895435939746651,1,ai_phishing+account_takeover,social_engineering+access,text_generation+credential_stuffing_automation,0.951,True,synthetic
TXN405181391962,U5065406,2026-07-26 18:13:37,229.02,USD,p2p_transfer,prepaid_card,MID712776,5691,Apparel,0.164,DEV45186952,windows_desktop,0.05743423172210092,RU,CA,True,18,False,278.6031715211616,5,1,5.43,637,web_remote,in_branch_verified,prime,42.17,188,2,0,0.13321984569875295,0.8685344465310162,True,False,0,1,2,CLUSTER3811,3,0.19658120969772552,0.954062908919332,0.9568945850503615,,,,,0,,0.1283618505597799,1,ai_phishing+account_takeover,social_engineering+access,text_generation+credential_stuffing_automation,0.905,True,synthetic
TXN212974690716,U1185278,2026-07-23 16:06:41,116.79,USD,card_not_present_online,prepaid_card,MID967208,6011,ATM / Cash Disbursement,0.085,DEV57365300,linux_desktop,0.07583444423241018,BD,CA,True,16,False,398.1660858835278,7,4,3.02,779,mobile_app_remote,unverified,subprime,38.73,242,2,0,0.2565658775476988,0.7125984849315956,False,False,0,1,2,CLUSTER3596,1,2.1559877683268907,0.9400006973989331,0.8896630172459473,,,,,0,,0.11465934845249803,1,ai_phishing+account_takeover,social_engineering+access,text_generation+credential_stuffing_automation,0.866,True,synthetic
TXN706611530690,U2700254,2026-07-09 13:00:06,115.94,USD,p2p_transfer,digital_wallet,MID763550,6012,Financial Institutions - Merchandise/Services,0.301,DEV31318316,android_mobile,0.1900146015940155,RU,US,True,13,True,194.00407823076495,5,0,8.36,74,in_branch,in_branch_verified,super_prime,75.66,249,2,0,0.7648342681603492,0.950014540610529,False,False,1,1,1,CLUSTER9137,1,2.5586804318974754,0.9554202275959967,0.976299134337368,,,,,0,,0.20135609912100597,1,ai_phishing+account_takeover,social_engineering+access,text_generation+credential_stuffing_automation,0.912,True,synthetic
TXN146759973159,U7188404,2026-07-25 18:22:42,436.05,USD,card_not_present_online,debit_card,MID979057,8011,Healthcare,0.291,DEV89068904,windows_desktop,0.16942067007160921,ID,SE,True,18,False,468.72151422548774,6,1,13.8,897,api_partner_onboarding,video_verified,subprime,21.77,123,1,1,0.8066334998395719,0.8027673250131686,True,False,0,1,1,CLUSTER5281,2,2.4205386874933357,0.852850342318975,0.9644846352175604,,,,,0,,0.03895195864956341,1,ai_phishing+account_takeover,social_engineering+access,text_generation+credential_stuffing_automation,0.931,True,synthetic
TXN624872525138,U7278434,2026-06-17 01:29:36,141.93,USD,card_not_present_online,credit_card,MID831204,5941,Sporting Goods,0.114,DEV46041178,windows_desktop,0.045064047027753504,NG,GB,True,1,False,313.55040541896875,2,0,17.4,126,mobile_app_remote,unverified,near_prime,25.13,146,1,0,0.7902313343948799,0.9691874771009108,False,True,1,1,1,CLUSTER1198,1,0.780677176058732,0.8557390993559351,0.9225053948072511,,,,,0,,0.2215524445549992,1,ai_phishing+account_takeover,social_engineering+access,text_generation+credential_stuffing_automation,0.911,True,synthetic
TXN458020408973,U8806328,2026-07-15 11:36:33,448.45,USD,p2p_transfer,upi,MID639086,6051,Crypto / Digital Currency,0.202,DEV57930010,android_mobile,0.03125664006891403,NG,AU,True,11,False,300.28693185708056,8,2,6.59,365,in_branch,basic_document,super_prime,46.86,81,1,0,0.6622119110229608,0.7434223399308256,True,True,0,1,1,CLUSTER7876,3,1.7026834734443228,0.7680271399045584,0.8183221984512425,,,,,0,,0.1599817474232151,1,ai_phishing+account_takeover,social_engineering+access,text_generation+credential_stuffing_automation,0.958,True,synthetic
TXN590821969109,U3942551,2026-06-01 14:37:15,148.79,USD,card_not_present_online,digital_wallet,MID771233,4722,Travel Agencies,0.232,DEV35578785,windows_desktop,0.06472173329686748,NG,GB,True,14,False,223.69269681415923,2,1,7.09,312,mobile_app_remote,in_branch_verified,super_prime,53.58,92,1,0,0.7589263263319643,0.9633942282678779,True,False,0,1,1,CLUSTER7336,1,0.062343616668057766,0.7961311978162027,0.917508907221783,,,,,0,,0.08066134513548263,1,ai_phishing+account_takeover,social_engineering+access,text_generation+credential_stuffing_automation,0.909,True,synthetic
TXN836561468569,U1652394,2026-08-24 09:23:50,478.46,USD,card_not_present_online,prepaid_card,MID971809,6051,Crypto / Digital Currency,0.336,DEV43044623,windows_desktop,0.022524585960004267,NG,US,True,9,False,268.2346274531943,3,3,18.21,156,api_partner_onboarding,unverified,prime,26.28,191,2,0,0.19890977709021662,0.8979591614937015,True,False,0,1,1,CLUSTER3217,1,2.778387595852709,0.7581346374997815,0.8416813056951422,,,,,0,,0.10934118708769555,1,ai_phishing+account_takeover,social_engineering+access,text_generation+credential_stuffing_automation,0.856,True,synthetic
TXN749900696304,U3263699,2026-06-03 06:08:23,55.36,USD,p2p_transfer,debit_card,MID374795,4829,Money Transfer,0.319,DEV46468671,linux_desktop,0.04799782161332202,ID,AU,True,6,False,409.5932594248488,5,1,39.49,351,in_branch,in_branch_verified,prime,19.35,63,1,3,0.7638920999342802,0.7387771776760649,True,False,0,1,1,CLUSTER6905,3,0.452181566392202,0.7978650967622152,0.8319887146544214,,,,,0,,0.1950653810166553,1,ai_phishing+account_takeover,social_engineering+access,text_generation+credential_stuffing_automation,0.903,True,synthetic
TXN532993707794,U2584305,2026-07-11 12:27:42,722.3,USD,card_not_present_online,bank_transfer,MID453490,4722,Travel Agencies,0.111,DEV41828410,linux_desktop,0.1357414604750504,EG,GB,True,12,False,482.08531921908894,7,2,20.18,792,agent_assisted,in_branch_verified,subprime,35.8,121,1,0,0.19529414615377783,0.899587061844047,True,False,0,1,2,CLUSTER9592,1,1.4288379242306724,0.7265307707605734,0.9823075454960332,,,,,0,,0.08380600463883887,1,ai_phishing+account_takeover,social_engineering+access,text_generation+credential_stuffing_automation,0.907,True,synthetic
TXN257173405954,U1374102,2026-08-15 03:02:29,117.84,USD,p2p_transfer,credit_card,MID659734,5921,Liquor Stores,0.17,DEV89290073,android_mobile,0.17563796691019398,VN,NL,True,3,True,535.0177491313582,7,2,15.48,310,api_partner_onboarding,in_branch_verified,near_prime,24.72,239,1,1,0.6656543460865249,0.9793749558598235,False,False,0,1,1,CLUSTER2979,1,0.8253622572251192,0.750765150312799,0.9201608731235585,,,,,0,,0.1648878140923691,1,ai_phishing+account_takeover,social_engineering+access,text_generation+credential_stuffing_automation,0.849,True,synthetic
TXN594888695543,U5688344,2026-07-15 20:17:16,163.97,USD,card_not_present_online,upi,MID278952,5941,Sporting Goods,0.385,DEV58035613,mac_desktop,0.1272145603230867,EG,SG,True,20,False,521.18000372246,5,0,6.86,486,web_remote,in_branch_verified,near_prime,23.91,138,1,0,0.34762753402401614,0.8035392448205247,True,False,0,1,1,CLUSTER6720,3,2.6433789274609625,0.767853716480183,0.92013612022591,,,,,0,,0.06866647267386622,1,ai_phishing+account_takeover,social_engineering+access,text_generation+credential_stuffing_automation,0.931,True,synthetic
TXN768980818748,U6354344,2026-06-21 01:36:05,191.51,USD,card_not_present_online,credit_card,MID147519,5999,Misc Retail,0.223,DEV87726352,linux_desktop,0.14217161207647347,EG,JP,True,1,False,40.93252235773612,8,2,1.28,712,web_remote,in_branch_verified,thin_file,83.28,270,2,0,0.8422066712675231,0.8643540007708959,False,False,0,1,1,CLUSTER4249,3,2.404743935002494,0.9586312040653047,0.9743162601425794,,,,,0,,0.20822839728933706,1,ai_phishing+account_takeover,social_engineering+access,text_generation+credential_stuffing_automation,0.872,True,synthetic
TXN141994416386,U2085777,2026-06-20 02:59:50,254.15,USD,p2p_transfer,upi,MID262690,5691,Apparel,0.176,DEV46918955,linux_desktop,0.03225448162916142,EG,SG,True,2,True,181.57971939445184,5,5,16.61,637,agent_assisted,unverified,subprime,18.16,127,1,0,0.7389761189909203,0.8782609815033648,True,False,0,1,1,CLUSTER6390,2,1.1287641405337212,0.7751718901196663,0.9463688018468864,,,,,0,,0.11656121167077563,1,ai_phishing+account_takeover,social_engineering+access,text_generation+credential_stuffing_automation,0.9,True,synthetic
TXN149920852154,U0627866,2026-08-08 12:14:11,180.35,USD,card_not_present_online,digital_wallet,MID483744,5732,Electronics Stores,0.301,DEV33057734,ios_mobile,0.10992495654426479,BD,AU,True,12,True,481.5594441333989,5,1,19.9,418,agent_assisted,unverified,near_prime,32.29,69,1,0,0.7188882057284969,0.7231888611549675,False,False,1,1,2,CLUSTER1263,1,1.9272909778016925,0.957520345034447,0.941032946603428,,,,,0,,0.09895637978853496,1,ai_phishing+account_takeover,social_engineering+access,text_generation+credential_stuffing_automation,0.947,True,synthetic
TXN512716223967,U0617021,2026-07-23 14:48:08,145.79,USD,p2p_transfer,credit_card,MID997984,5921,Liquor Stores,0.342,DEV31229085,linux_desktop,0.028939369254297968,VN,CA,True,14,False,260.5514324865941,7,1,10.21,67,in_branch,basic_document,super_prime,14.28,223,2,0,0.29593681360294355,0.8497058776923674,True,False,0,1,2,CLUSTER1957,2,1.4112030837635694,0.8256819605149345,0.8109243647594536,,,,,0,,0.2147427663706284,1,ai_phishing+account_takeover,social_engineering+access,text_generation+credential_stuffing_automation,0.923,True,synthetic
TXN622048340388,U5503477,2026-08-22 08:45:45,918.03,USD,p2p_transfer,bank_transfer,MID768561,6300,Insurance,0.303,DEV82835645,windows_desktop,0.0794122753327774,BD,SE,True,8,False,487.749893127677,6,2,36.12,811,web_remote,basic_document,super_prime,27.19,93,2,0,0.7023960193464314,0.9597774553304501,True,False,0,1,2,CLUSTER5911,3,1.4604847815001918,0.7595779704753859,0.9456159735751363,,,,,0,,0.040892666312780886,1,ai_phishing+account_takeover,social_engineering+access,text_generation+credential_stuffing_automation,0.922,True,synthetic
TXN165390468729,U0218802,2026-06-16 15:00:07,362.23,USD,p2p_transfer,upi,MID144281,5541,Fuel / Gas Stations,0.239,DEV71202668,ios_mobile,0.03141026513083076,VN,SE,True,15,True,599.9970280975414,7,1,15.87,467,agent_assisted,unverified,subprime,33.39,58,1,0,0.5720657713601205,0.9101032626357544,False,False,0,1,2,CLUSTER3180,1,1.4495308158049347,0.7046364114576998,0.9704234505233413,,,,,0,,0.04076385711191823,1,ai_phishing+account_takeover,social_engineering+access,text_generation+credential_stuffing_automation,0.892,True,synthetic
TXN922307940171,U5371346,2026-07-25 09:24:11,417.66,USD,card_not_present_online,bank_transfer,MID817026,6300,Insurance,0.107,DEV42062660,android_mobile,0.09489366523708387,ID,SE,True,9,False,247.16153061206177,7,0,32.78,817,web_remote,video_verified,thin_file,12.74,222,2,0,0.25464738179707885,0.8530495327796999,True,False,0,1,1,CLUSTER3668,3,1.5593061483859625,0.7794481486392418,0.9432642026922695,,,,,0,,0.10453354060578797,1,ai_phishing+account_takeover,social_engineering+access,text_generation+credential_stuffing_automation,0.92,True,synthetic
TXN768850197493,U2759761,2026-08-14 01:42:25,603.37,USD,card_not_present_online,digital_wallet,MID489180,7995,Betting / Gambling,0.05,DEV74971947,ios_mobile,0.14304152441422344,BD,GB,True,1,False,593.5000788874817,3,3,52.19,695,in_branch,in_branch_verified,near_prime,11.56,163,1,1,0.18554308109148876,0.7287639748833192,True,True,0,1,1,CLUSTER4540,2,0.5627935608331536,0.7142113680558839,0.9610662831587097,,,,,0,,0.15242745646301972,1,ai_phishing+account_takeover,social_engineering+access,text_generation+credential_stuffing_automation,0.949,True,synthetic
TXN674832679963,U8834150,2026-06-28 02:38:01,117.29,USD,card_not_present_online,credit_card,MID110502,5691,Apparel,0.176,DEV82284280,windows_desktop,0.1548493166695319,EG,CA,True,2,False,174.3471781499311,7,1,5.22,464,in_branch,in_branch_verified,subprime,22.46,262,2,0,0.2051661170218404,0.8848536309751927,True,False,0,1,2,CLUSTER3215,3,1.2979871795220999,0.7172899976723915,0.9558925902549422,,,,,0,,0.1456398907563839,1,ai_phishing+account_takeover,social_engineering+access,text_generation+credential_stuffing_automation,0.861,True,synthetic
TXN771108951149,U4432918,2026-07-22 06:41:23,187.62,USD,p2p_transfer,debit_card,MID831777,6051,Crypto / Digital Currency,0.258,DEV53969127,android_mobile,0.1859796962619044,EG,JP,True,6,True,215.06354048104575,3,0,4.8,239,api_partner_onboarding,basic_document,subprime,47.09,245,2,1,0.6863217184876569,0.7454530305322343,False,False,0,1,2,CLUSTER4063,1,0.7736510784426173,0.7566011849157498,0.9792871270308388,,,,,0,,0.0916381427916374,1,ai_phishing+account_takeover,social_engineering+access,text_generation+credential_stuffing_automation,0.86,True,synthetic
TXN888947186095,U1689712,2026-07-11 08:36:29,349.43,USD,p2p_transfer,upi,MID565417,4111,Transit / Transportation,0.264,DEV16663164,windows_desktop,0.09770449992286148,RU,SG,True,8,False,589.29793135959,3,2,18.52,220,mobile_app_remote,unverified,near_prime,18.87,124,1,1,0.3066226395390206,0.7465188244858719,False,True,1,1,1,CLUSTER7692,1,2.205118920608129,0.8766749472241715,0.8277148390872613,,,,,0,,0.08969425733887018,1,ai_phishing+account_takeover,social_engineering+access,text_generation+credential_stuffing_automation,0.885,True,synthetic
TXN735898982487,U0890467,2026-07-06 04:35:12,375.0,USD,card_not_present_online,bank_transfer,MID517738,6051,Crypto / Digital Currency,0.182,DEV79812293,windows_desktop,0.06696340356234741,VN,DE,True,4,True,122.8065909111303,5,1,24.49,883,in_branch,unverified,prime,15.31,256,1,0,0.19245025777925545,0.8900349159198261,True,True,0,1,1,CLUSTER7811,1,2.4931949858278646,0.8043983205426576,0.9294644952521404,,,,,0,,0.09124463172445668,1,ai_phishing+account_takeover,social_engineering+access,text_generation+credential_stuffing_automation,0.899,True,synthetic
TXN180695880902,U2163795,2026-06-22 15:55:46,882.34,USD,p2p_transfer,digital_wallet,MID875506,7011,Hotels / Lodging,0.108,DEV96161256,windows_desktop,0.10649672498613112,EG,CA,True,15,True,366.19648934759226,7,0,23.42,541,agent_assisted,basic_document,subprime,37.68,227,2,0,0.3299737832809838,0.8461805007102299,True,False,0,1,2,CLUSTER8816,1,1.0867657105625808,0.8441835497788396,0.9159200626832811,,,,,0,,0.048948833444216897,1,ai_phishing+account_takeover,social_engineering+access,text_generation+credential_stuffing_automation,0.953,True,synthetic
TXN195343899258,U4784492,2026-07-21 23:11:41,288.69,USD,card_not_present_online,digital_wallet,MID130195,6011,ATM / Cash Disbursement,0.252,DEV18210510,linux_desktop,0.12481900767503461,EG,AU,True,23,True,420.91345810494744,4,1,8.12,876,in_branch,basic_document,super_prime,35.54,23,1,1,0.35659211964943405,0.8910906440897779,True,False,0,1,1,CLUSTER1373,3,0.34080475428458046,0.8030313014076509,0.855934583030343,,,,,0,,0.08273244904186329,1,ai_phishing+account_takeover,social_engineering+access,text_generation+credential_stuffing_automation,0.84,True,synthetic
TXN813006922033,U4657242,2026-07-04 06:26:52,509.84,USD,card_not_present_online,digital_wallet,MID628447,4829,Money Transfer,0.082,DEV28706876,mac_desktop,0.09627173188839697,PK,GB,True,6,False,205.9361736360667,4,0,32.54,178,agent_assisted,in_branch_verified,prime,15.67,165,2,1,0.35148039361144123,0.9325714182137274,True,False,0,1,2,CLUSTER1084,1,1.5693146085152887,0.7788375371909201,0.807233572533173,,,,,0,,0.2594994314202052,1,ai_phishing+account_takeover,social_engineering+access,text_generation+credential_stuffing_automation,0.986,True,synthetic
TXN808113782372,U1949432,2026-08-04 18:22:19,451.15,USD,card_not_present_online,debit_card,MID793516,4829,Money Transfer,0.173,DEV97064804,windows_desktop,0.035115329570322415,ID,CA,True,18,True,384.4292001572182,7,0,8.43,786,in_branch,unverified,super_prime,53.52,241,1,0,0.11492108262105727,0.9416977354365762,True,False,0,1,1,CLUSTER3147,2,1.8888283937803,0.7458390513887049,0.7591579439687157,,,,,0,,0.052234016558483684,1,ai_phishing+account_takeover,social_engineering+access,text_generation+credential_stuffing_automation,0.913,True,synthetic
TXN128705164467,U6059677,2026-08-06 20:37:37,131.07,USD,p2p_transfer,digital_wallet,MID709715,5541,Fuel / Gas Stations,0.235,DEV99928273,android_mobile,0.028741176511756682,NG,AU,True,20,False,34.9294657817548,7,1,3.39,712,web_remote,basic_document,near_prime,38.63,94,2,1,0.37738480480473735,0.8256101849644732,False,True,0,1,1,CLUSTER9287,3,2.272807537313521,0.8331120124591058,0.7601356005778713,,,,,0,,0.06448280964844492,1,ai_phishing+account_takeover,social_engineering+access,text_generation+credential_stuffing_automation,0.881,True,synthetic
TXN917614543201,U6320853,2026-08-15 11:24:24,89.11,USD,card_not_present_online,upi,MID811001,5812,Restaurants,0.33,DEV52836198,linux_desktop,0.13040986397139445,VN,DE,True,11,False,537.0819298133035,7,2,14.54,826,in_branch,unverified,thin_file,6.39,36,1,0,0.6092379524871775,0.7307655213082198,True,True,0,1,1,CLUSTER6722,3,1.5888214447024658,0.8239146182794649,0.777107146559441,,,,,0,,0.2286899646281087,1,ai_phishing+account_takeover,social_engineering+access,text_generation+credential_stuffing_automation,0.818,True,synthetic
TXN150907956135,U1932940,2026-08-29 19:59:00,241.55,USD,card_not_present_online,debit_card,MID515614,4111,Transit / Transportation,0.231,DEV18906015,windows_desktop,0.13048738168597196,NG,CA,True,19,False,280.1523060613837,8,1,2.28,684,mobile_app_remote,unverified,near_prime,105.97,240,1,0,0.13770456877894063,0.8469487345453102,True,False,0,1,1,CLUSTER8943,3,1.6847096367635692,0.9121413566791393,0.9638861426914587,,,,,0,,0.20543203567099014,1,ai_phishing+account_takeover,social_engineering+access,text_generation+credential_stuffing_automation,0.954,True,synthetic
TXN892776411708,U1058306,2026-06-23 05:23:56,544.25,USD,p2p_transfer,bank_transfer,MID928711,5661,Shoe Stores,0.153,DEV81112025,linux_desktop,0.17496502104549425,NG,CA,True,5,True,421.80543279041007,7,0,4.02,385,in_branch,basic_document,subprime,92.52,40,2,0,0.5708972572415376,0.8531966869810391,False,True,0,1,2,CLUSTER9410,1,0.8115276246445181,0.8609419192245104,0.9385440118507793,,,,,0,,0.29810321839940057,1,ai_phishing+account_takeover,social_engineering+access,text_generation+credential_stuffing_automation,0.964,True,synthetic
TXN877259135813,U2544178,2026-07-15 14:08:01,314.59,USD,p2p_transfer,credit_card,MID332747,7995,Betting / Gambling,0.544,DEV41774186,linux_desktop,0.09140372505620635,RU,CA,True,14,False,350.40179159652473,6,1,11.3,574,in_branch,video_verified,near_prime,27.84,15,1,0,0.14808559008779051,0.9283079304437423,False,False,0,1,2,CLUSTER5144,1,1.7773763564511098,0.7912064473987959,0.9112777014676667,,,,,0,,0.029908499022383305,1,ai_phishing+account_takeover,social_engineering+access,text_generation+credential_stuffing_automation,0.882,True,synthetic
TXN295013314099,U7771043,2026-08-24 23:26:55,91.34,USD,p2p_transfer,credit_card,MID852684,5964,Direct Marketing / Catalog,0.355,DEV52376456,android_mobile,0.046317278067038545,RU,SE,True,23,True,524.5558173865068,5,1,19.27,517,agent_assisted,video_verified,super_prime,28.5,20,2,0,0.8154689805184736,0.7382502811946883,False,False,0,1,2,CLUSTER1084,3,2.0601240975315394,0.8933690855330838,0.961347152521311,,,,,0,,0.22005897165248092,1,ai_phishing+account_takeover,social_engineering+access,text_generation+credential_stuffing_automation,0.849,True,synthetic
TXN621241206519,U4243646,2026-07-02 10:13:19,934.29,USD,p2p_transfer,debit_card,MID241232,4899,Cable / Streaming Services,0.041,DEV23592184,windows_desktop,0.11267102033421512,NG,US,True,10,False,552.3243166547142,6,0,6.86,840,in_branch,basic_document,subprime,136.23,261,1,0,0.39991189952640915,0.7361786380125317,False,False,0,1,1,CLUSTER2082,1,1.9528253786182814,0.8104513742584188,0.7950666115106525,,,,,0,,0.11312233922430226,1,ai_phishing+account_takeover,social_engineering+access,text_generation+credential_stuffing_automation,0.829,True,synthetic
TXN228049022128,U8967776,2026-08-03 16:27:27,319.47,USD,p2p_transfer,prepaid_card,MID885037,8011,Healthcare,0.311,DEV68268585,android_mobile,0.19276826192243848,BD,SG,True,16,True,361.2481188882358,8,2,8.7,772,agent_assisted,unverified,super_prime,36.72,226,2,1,0.13218175731902143,0.9333707787461462,False,False,0,1,1,CLUSTER5010,3,0.5466138521462655,0.7817474669304709,0.9140755859090373,,,,,0,,0.24780426571158792,1,ai_phishing+account_takeover,social_engineering+access,text_generation+credential_stuffing_automation,0.941,True,synthetic
TXN875657132135,U2642713,2026-08-16 17:33:30,83.78,USD,card_not_present_online,bank_transfer,MID499919,5541,Fuel / Gas Stations,0.372,DEV18590663,linux_desktop,0.1449739773593627,NG,DE,True,17,False,249.28530303605575,8,2,3.59,654,in_branch,basic_document,prime,33.03,262,2,0,0.6887511397237124,0.9290911302782144,True,False,0,1,2,CLUSTER6484,1,2.8872136872078564,0.7725020376518884,0.8231939544636918,,,,,0,,0.07610910383247195,1,ai_phishing+account_takeover,social_engineering+access,text_generation+credential_stuffing_automation,0.959,True,synthetic
TXN777374635476,U1858762,2026-07-20 16:52:32,271.58,USD,card_not_present_online,prepaid_card,MID707977,6011,ATM / Cash Disbursement,0.059,DEV16389283,mac_desktop,0.04149714760046068,PK,SG,True,16,False,385.92210241438886,6,0,11.65,429,api_partner_onboarding,unverified,near_prime,23.31,139,2,0,0.2991254620046466,0.91587721478521,True,False,0,1,2,CLUSTER6309,1,0.800146969636156,0.7851599623789856,0.9104468995520992,,,,,0,,0.2476166300223345,1,ai_phishing+account_takeover,social_engineering+access,text_generation+credential_stuffing_automation,0.924,True,synthetic
TXN804612265768,U6545687,2026-06-21 11:13:09,221.05,USD,card_not_present_online,upi,MID375769,4899,Cable / Streaming Services,0.301,DEV55639816,windows_desktop,0.057688988673585406,VN,NL,True,11,False,527.8352559740281,8,2,7.49,807,agent_assisted,basic_document,super_prime,29.51,250,2,0,0.3837584680024819,0.9537984276610758,False,True,0,1,2,CLUSTER8717,3,1.8404060463479386,0.9543421449491887,0.9511832595754115,,,,,0,,0.23963327413251526,1,ai_phishing+account_takeover,social_engineering+access,text_generation+credential_stuffing_automation,0.919,True,synthetic
TXN986221981248,U6958343,2026-07-11 10:08:30,158.06,USD,card_not_present_online,prepaid_card,MID193736,5967,Direct Marketing / Adult,0.245,DEV43767141,ios_mobile,0.15696855072618623,BD,DE,True,10,False,59.75666874410885,8,1,2.05,586,mobile_app_remote,unverified,subprime,107.76,17,2,0,0.844397219499275,0.8975253174995816,True,False,0,1,1,CLUSTER5558,1,1.7068023435552915,0.848035096166385,0.8120565539138616,,,,,0,,0.13600145310080836,1,ai_phishing+account_takeover,social_engineering+access,text_generation+credential_stuffing_automation,0.934,True,synthetic
TXN524721533739,U6470466,2026-06-22 19:33:43,343.97,USD,card_not_present_online,credit_card,MID616460,6012,Financial Institutions - Merchandise/Services,0.141,DEV41622479,linux_desktop,0.18723349298141437,NG,DE,True,19,True,210.0065927289852,5,3,10.39,397,agent_assisted,basic_document,prime,33.09,141,1,0,0.1623632241588099,0.7443648221643494,True,False,0,1,1,CLUSTER6036,1,0.9403596304036139,0.9588710268981502,0.9190506436370254,,,,,0,,0.22042049584695603,1,ai_phishing+account_takeover,social_engineering+access,text_generation+credential_stuffing_automation,0.961,True,synthetic
TXN590477672261,U8675400,2026-08-09 10:13:31,75.4,USD,card_not_present_online,upi,MID998917,5691,Apparel,0.284,DEV11322170,android_mobile,0.10735540853211005,NG,JP,True,10,True,533.8130784211185,5,0,14.97,522,agent_assisted,basic_document,thin_file,17.53,127,1,0,0.6406583144927912,0.8612893700642307,False,False,0,1,2,CLUSTER1939,2,1.1577102833630937,0.8273843129728548,0.9862529752141247,,,,,0,,0.21006584330622835,1,ai_phishing+account_takeover,social_engineering+access,text_generation+credential_stuffing_automation,0.965,True,synthetic
TXN342912205418,U0009552,2026-07-11 22:39:43,290.3,USD,card_not_present_online,debit_card,MID414497,4722,Travel Agencies,0.332,DEV29279369,android_mobile,0.022587879971229265,NG,CA,True,22,True,61.42692667448337,8,1,7.15,312,api_partner_onboarding,unverified,near_prime,40.62,100,1,2,0.21608813390125564,0.8981519606433934,True,True,0,1,1,CLUSTER1080,3,0.808213863702409,0.7939543346217866,0.8131921544186792,,,,,0,,0.010889167995052162,1,ai_phishing+account_takeover,social_engineering+access,text_generation+credential_stuffing_automation,0.955,True,synthetic
TXN279105952822,U6065559,2026-06-07 02:00:25,60.56,USD,p2p_transfer,bank_transfer,MID873687,4899,Cable / Streaming Services,0.15,DEV44113574,linux_desktop,0.18167400695801858,ID,NL,True,2,True,72.74118909833413,2,0,1.99,80,in_branch,video_verified,near_prime,30.45,286,1,1,0.2907262497321411,0.8391118698921105,True,False,1,1,2,CLUSTER8527,3,1.0348657511584007,0.7956388210063827,0.8994515526424901,,,,,0,,0.20111936763696625,1,ai_phishing+account_takeover,social_engineering+access,text_generation+credential_stuffing_automation,0.858,True,synthetic
TXN518423243491,U3869680,2026-06-15 08:59:54,218.23,USD,p2p_transfer,debit_card,MID789708,6051,Crypto / Digital Currency,0.373,DEV30820301,mac_desktop,0.03481201142615052,VN,DE,True,8,False,545.3118532861531,3,1,2.84,733,mobile_app_remote,unverified,subprime,73.21,297,2,0,0.8423617080496766,0.9163469787585754,True,True,0,1,2,CLUSTER9453,3,0.6273526945115281,0.8129810053555337,0.8265697449758183,,,,,0,,0.034796903635624266,1,ai_phishing+account_takeover,social_engineering+access,text_generation+credential_stuffing_automation,0.968,True,synthetic
TXN985954935078,U7062843,2026-08-27 12:08:28,156.67,USD,card_not_present_online,digital_wallet,MID973224,5964,Direct Marketing / Catalog,0.072,DEV50615730,ios_mobile,0.18638366517249194,VN,JP,True,12,False,205.28858580146562,7,1,24.97,641,agent_assisted,basic_document,prime,13.61,26,2,1,0.6361686241423734,0.8160651821377061,True,False,0,1,1,CLUSTER2373,2,2.5307874485010107,0.7516978884346578,0.8437591594914181,,,,,0,,0.24863599911443654,1,ai_phishing+account_takeover,social_engineering+access,text_generation+credential_stuffing_automation,0.965,True,synthetic
TXN820458097164,U3157519,2026-06-19 04:36:18,1026.25,USD,card_not_present_online,digital_wallet,MID128797,5411,Grocery Stores,0.179,DEV92988237,mac_desktop,0.18319825917004404,RU,CA,True,4,True,549.1667012779146,8,3,11.59,559,mobile_app_remote,basic_document,thin_file,88.58,288,1,0,0.38213749674484865,0.951961245681918,True,False,0,1,1,CLUSTER1143,3,2.0550406100064693,0.8753038107391498,0.9553779973651646,,,,,0,,0.08181268816010366,1,ai_phishing+account_takeover,social_engineering+access,text_generation+credential_stuffing_automation,0.878,True,synthetic
TXN690778360290,U7376811,2026-06-13 01:43:35,644.26,USD,p2p_transfer,debit_card,MID386191,5541,Fuel / Gas Stations,0.063,DEV69554966,mac_desktop,0.11606769268916652,BD,AU,True,1,False,521.2560389136179,7,0,17.54,833,in_branch,basic_document,super_prime,36.73,270,2,0,0.23723245901198983,0.9794388204887803,False,False,0,1,2,CLUSTER3664,3,1.1522312795130274,0.8669112371756182,0.863534075537434,,,,,0,,0.20189700821470705,1,ai_phishing+account_takeover,social_engineering+access,text_generation+credential_stuffing_automation,0.866,True,synthetic
TXN566086578887,U7641250,2026-08-28 10:13:51,189.74,USD,p2p_transfer,prepaid_card,MID882014,6012,Financial Institutions - Merchandise/Services,0.32,DEV61370379,windows_desktop,0.09645217577070282,ID,SE,True,10,True,583.1761105259285,4,0,1.36,351,in_branch,in_branch_verified,near_prime,139.23,109,2,1,0.3212414508724291,0.753129459455811,True,False,0,1,2,CLUSTER4382,2,1.452633639745435,0.7727448775845154,0.8940284633496076,,,,,0,,0.16920252263697025,1,ai_phishing+account_takeover,social_engineering+access,text_generation+credential_stuffing_automation,0.86,True,synthetic
TXN588052147350,U9904028,2026-08-21 11:54:26,191.57,USD,card_not_present_online,credit_card,MID719585,6012,Financial Institutions - Merchandise/Services,0.095,DEV86509241,mac_desktop,0.056999725440761345,RU,DE,True,11,True,124.48250246614813,2,0,5.17,587,mobile_app_remote,basic_document,thin_file,45.75,255,2,0,0.7694190581746483,0.8151072800332144,True,False,0,1,2,CLUSTER6384,3,0.28808538822506224,0.8225824376975048,0.91489066385335,,,,,0,,0.11636536793009666,1,ai_phishing+account_takeover,social_engineering+access,text_generation+credential_stuffing_automation,0.965,True,synthetic
TXN189051339488,U3561997,2026-08-12 15:30:04,194.4,USD,p2p_transfer,upi,MID341600,8011,Healthcare,0.459,DEV80024033,windows_desktop,0.13107052311305514,NG,GB,True,15,False,61.257245382438384,3,0,7.54,347,api_partner_onboarding,in_branch_verified,super_prime,25.78,237,2,0,0.35917566257000255,0.9177556273762953,True,False,0,1,1,CLUSTER3384,2,1.6733761416848134,0.7665634767492305,0.8384050218711258,,,,,0,,0.24215698500982685,1,ai_phishing+account_takeover,social_engineering+access,text_generation+credential_stuffing_automation,0.965,True,synthetic
TXN991597653816,U5708229,2026-06-22 09:42:26,502.19,USD,p2p_transfer,credit_card,MID325832,5661,Shoe Stores,0.135,DEV66497148,mac_desktop,0.14042716207575381,EG,NL,True,9,False,137.7163687172657,4,1,31.45,695,api_partner_onboarding,in_branch_verified,near_prime,15.97,28,1,1,0.10125706978443898,0.8312153824199455,True,False,0,1,2,CLUSTER3473,1,1.2152722757268801,0.7493043634428266,0.8180495820386389,,,,,0,,0.17666702519462602,1,ai_phishing+account_takeover,social_engineering+access,text_generation+credential_stuffing_automation,0.923,True,synthetic
TXN217158340048,U5502828,2026-08-23 02:46:44,333.14,USD,p2p_transfer,prepaid_card,MID101986,4829,Money Transfer,0.288,DEV76485558,linux_desktop,0.13701168536361372,EG,GB,True,2,False,550.8754528880255,5,0,15.65,390,in_branch,basic_document,near_prime,35.49,80,2,1,0.8443621486846363,0.7890726279971688,True,False,0,1,1,CLUSTER3464,1,1.5690485114312425,0.7907592372740857,0.8857702701046175,,,,,0,,0.17026875164967017,1,ai_phishing+account_takeover,social_engineering+access,text_generation+credential_stuffing_automation,0.901,True,synthetic
TXN337787572030,U2216783,2026-07-26 16:29:03,458.58,USD,card_not_present_online,bank_transfer,MID229948,8011,Healthcare,0.024,DEV28689801,ios_mobile,0.19469381380411283,PK,GB,True,16,False,234.08285980622725,4,2,27.76,271,api_partner_onboarding,in_branch_verified,super_prime,14.41,100,2,0,0.6142538304749412,0.9676614801192823,True,False,0,1,2,CLUSTER1895,3,2.9152556309125703,0.7603516370131089,0.8396189428355283,,,,,0,,0.021096074897990157,1,ai_phishing+account_takeover,social_engineering+access,text_generation+credential_stuffing_automation,0.964,True,synthetic
TXN846734803184,U9709144,2026-06-17 15:57:02,781.45,USD,card_not_present_online,debit_card,MID592316,5941,Sporting Goods,0.084,DEV29858394,mac_desktop,0.029662084846564962,EG,GB,True,15,False,36.42158912224591,4,1,26.18,286,web_remote,basic_document,subprime,16.77,23,1,0,0.6775993333419552,0.8108369860746913,True,False,0,1,1,CLUSTER4771,2,0.26940978232850155,0.956971432478539,0.8952146621102631,,,,,0,,0.09064769843484824,1,ai_phishing+account_takeover,social_engineering+access,text_generation+credential_stuffing_automation,0.93,True,synthetic
TXN102984907236,U4219260,2026-06-12 16:12:47,235.57,USD,card_not_present_online,credit_card,MID141997,4829,Money Transfer,0.114,DEV33302271,linux_desktop,0.1930319730460561,RU,NL,True,16,True,262.6285723914086,4,1,17.63,222,in_branch,in_branch_verified,thin_file,13.36,154,1,0,0.23661459911376329,0.8078765448879296,True,False,0,1,2,CLUSTER6839,2,2.6876315195093317,0.9691053996076964,0.9807933900701721,,,,,0,,0.21582333428993822,1,ai_phishing+account_takeover,social_engineering+access,text_generation+credential_stuffing_automation,0.844,True,synthetic
TXN302341817964,U6805223,2026-08-19 00:36:55,529.25,USD,card_not_present_online,credit_card,MID742533,4111,Transit / Transportation,0.045,DEV14994350,linux_desktop,0.09310111354738028,NG,GB,True,0,False,223.56695195672427,4,5,18.41,745,in_branch,unverified,subprime,45.15,196,1,0,0.5950053922366515,0.9314250059507662,True,True,0,1,1,CLUSTER6722,1,0.6177826476847326,0.8046652583897722,0.8296934198683366,,,,,0,,0.015692757039546833,1,ai_phishing+account_takeover,social_engineering+access,text_generation+credential_stuffing_automation,0.978,True,synthetic
TXN517684689599,U8190478,2026-06-17 20:45:46,49.85,USD,card_not_present_online,digital_wallet,MID245036,4829,Money Transfer,0.085,DEV11833255,linux_desktop,0.05173868484244125,BD,GB,True,20,True,470.58535942589657,4,3,65.53,823,agent_assisted,basic_document,subprime,6.03,67,1,0,0.7951820332173525,0.7258811494831648,True,False,0,1,2,CLUSTER2785,2,2.2275924950829387,0.867602533511826,0.9161687426147642,,,,,0,,0.14133780489731607,1,ai_phishing+account_takeover,social_engineering+access,text_generation+credential_stuffing_automation,0.955,True,synthetic
TXN340240552242,U6932474,2026-08-25 05:04:52,216.93,USD,p2p_transfer,upi,MID473685,8299,Educational Services,0.22,DEV28051756,linux_desktop,0.16727382049684048,NG,AU,True,5,False,465.7556176561541,3,1,5.36,829,agent_assisted,basic_document,subprime,28.95,152,2,0,0.5779450029107541,0.7856302811886265,True,False,0,1,1,CLUSTER3571,1,0.37444888961826683,0.7168968626786194,0.8794003352170775,,,,,0,,0.10136194659329405,1,ai_phishing+account_takeover,social_engineering+access,text_generation+credential_stuffing_automation,0.937,True,synthetic
TXN824151453505,U6901830,2026-07-21 11:59:04,392.32,USD,card_not_present_online,digital_wallet,MID266310,6051,Crypto / Digital Currency,0.084,DEV81258452,linux_desktop,0.08790464151107025,RU,JP,True,11,True,244.69295683071925,3,0,15.68,801,web_remote,unverified,thin_file,33.91,236,1,0,0.8177430468540301,0.8450073507829995,True,False,0,1,1,CLUSTER6868,1,2.835800432511885,0.7616858222289264,0.9056580018957188,,,,,0,,0.17865142777589052,1,ai_phishing+account_takeover,social_engineering+access,text_generation+credential_stuffing_automation,0.961,True,synthetic
TXN309394549474,U0244946,2026-08-29 03:56:10,888.47,USD,card_not_present_online,digital_wallet,MID451644,5999,Misc Retail,0.183,DEV30714216,linux_desktop,0.18307547337558316,BD,US,True,3,False,64.82756995314837,8,4,12.33,479,in_branch,unverified,near_prime,72.04,294,1,0,0.13696504478034288,0.7785900907298698,True,False,0,1,2,CLUSTER4480,1,0.30570777386291337,0.8463957172530053,0.8439349537877825,,,,,0,,0.057446815689138404,1,ai_phishing+account_takeover,social_engineering+access,text_generation+credential_stuffing_automation,0.936,True,synthetic
TXN523561092030,U0404054,2026-06-01 06:24:48,247.47,USD,card_not_present_online,credit_card,MID737024,7995,Betting / Gambling,0.206,DEV25368511,linux_desktop,0.11784065813057713,RU,US,True,6,False,57.3081559935046,2,0,24.75,676,web_remote,in_branch_verified,near_prime,9.77,241,1,0,0.3208002103697102,0.9105386260312458,False,True,0,1,1,CLUSTER8053,3,0.5119977702356614,0.7608513073115781,0.9343303753158021,,,,,0,,0.14794106563185042,1,ai_phishing+account_takeover,social_engineering+access,text_generation+credential_stuffing_automation,0.945,True,synthetic
TXN516986479202,U2703920,2026-08-03 08:29:42,284.73,USD,p2p_transfer,prepaid_card,MID392712,7995,Betting / Gambling,0.318,DEV58676205,ios_mobile,0.04986344595679723,NG,JP,True,8,False,590.0161637825213,4,3,56.37,501,web_remote,in_branch_verified,prime,20.45,271,1,0,0.7666512566950442,0.8694935618775399,True,False,0,1,2,CLUSTER3363,1,0.21549685157491993,0.8542819342013871,0.9259783935848473,,,,,0,,0.16752223428424898,1,ai_phishing+account_takeover,social_engineering+access,text_generation+credential_stuffing_automation,0.927,True,synthetic
TXN552299452738,U3127381,2026-08-14 04:35:36,259.14,USD,p2p_transfer,debit_card,MID215534,5541,Fuel / Gas Stations,0.267,DEV56263431,windows_desktop,0.1405249424976468,RU,NL,True,4,False,115.42159960833747,6,0,10.67,778,web_remote,video_verified,prime,29.77,225,2,0,0.8011521409329277,0.9569070881705395,True,False,0,1,2,CLUSTER8935,1,2.4818949711108007,0.8472435623343638,0.845478836345064,,,,,0,,0.1825654486949719,1,ai_phishing+account_takeover,social_engineering+access,text_generation+credential_stuffing_automation,0.97,True,synthetic
TXN471789200541,U8667682,2026-08-02 01:31:11,377.58,USD,card_not_present_online,credit_card,MID210015,5967,Direct Marketing / Adult,0.395,DEV72006756,ios_mobile,0.08174961031767394,ID,SG,True,1,True,408.9494087536014,6,1,7.63,780,agent_assisted,in_branch_verified,subprime,49.48,48,2,0,0.17725866550260683,0.9488269012001127,True,False,0,1,1,CLUSTER3447,1,0.9337113366076264,0.8934377871954153,0.7638419379130733,,,,,0,,0.1259066815381914,1,ai_phishing+account_takeover,social_engineering+access,text_generation+credential_stuffing_automation,0.884,True,synthetic
TXN656779895909,U3342597,2026-08-14 02:57:22,752.63,USD,p2p_transfer,upi,MID656332,5941,Sporting Goods,0.068,DEV95402087,ios_mobile,0.17042003041389042,RU,CA,True,2,False,404.4935855871174,8,1,26.13,601,agent_assisted,basic_document,near_prime,28.8,117,1,0,0.31900373354653266,0.7634221854167451,False,False,0,1,1,CLUSTER7686,1,0.3212180189461028,0.8708034229860123,0.8714414756222548,,,,,0,,0.2420063057741576,1,ai_phishing+account_takeover,social_engineering+access,text_generation+credential_stuffing_automation,0.916,True,synthetic
TXN324488391106,U6843963,2026-06-24 10:13:21,378.76,USD,card_not_present_online,bank_transfer,MID758309,5921,Liquor Stores,0.115,DEV67866160,ios_mobile,0.1083248062115598,EG,JP,True,10,False,71.12414451396994,7,0,8.99,743,agent_assisted,video_verified,near_prime,30.22,204,2,0,0.6325179104230545,0.7702835095267351,False,False,0,1,1,CLUSTER4478,2,1.6725339525244913,0.8467448768654642,0.8891558286120074,,,,,0,,0.1610552843460357,1,ai_phishing+account_takeover,social_engineering+access,text_generation+credential_stuffing_automation,0.947,True,synthetic
TXN904788189949,U5357414,2026-08-10 21:59:51,210.15,USD,p2p_transfer,prepaid_card,MID861890,5661,Shoe Stores,0.352,DEV69177361,android_mobile,0.16880837218261216,NG,NL,True,21,True,231.30967531851329,2,0,8.5,815,agent_assisted,basic_document,thin_file,32.55,278,1,0,0.7671086130388581,0.7504224035620155,True,False,0,1,1,CLUSTER1886,3,0.4720346323261345,0.7058967362836763,0.9747708888854036,,,,,0,,0.1381055734295062,1,ai_phishing+account_takeover,social_engineering+access,text_generation+credential_stuffing_automation,0.96,True,synthetic
TXN546351882462,U3782167,2026-08-14 02:20:46,255.55,USD,card_not_present_online,bank_transfer,MID769020,5661,Shoe Stores,0.059,DEV26545128,mac_desktop,0.12474591195566634,NG,DE,True,2,False,567.6697508379912,2,2,13.56,769,mobile_app_remote,unverified,super_prime,18.85,38,1,1,0.24837815093749446,0.7080762922450707,False,False,0,1,2,CLUSTER2962,2,0.8437515130318785,0.9214477552490375,0.9214508443683376,,,,,0,,0.21297975149444742,1,ai_phishing+account_takeover,social_engineering+access,text_generation+credential_stuffing_automation,0.847,True,synthetic
TXN317308329917,U1027428,2026-07-11 04:29:23,423.81,USD,card_not_present_online,credit_card,MID791055,8299,Educational Services,0.301,DEV58708426,ios_mobile,0.048365231890406354,PK,SG,True,4,True,114.94102401623186,6,0,4.99,789,agent_assisted,unverified,subprime,71.4,82,1,0,0.7203315343373811,0.7134269514955861,True,True,0,1,1,CLUSTER7333,1,1.0005301157555704,0.7509869272140103,0.9889166477229153,,,,,0,,0.1745543663640152,1,ai_phishing+account_takeover,social_engineering+access,text_generation+credential_stuffing_automation,0.953,True,synthetic
TXN406526773335,U1555385,2026-06-05 13:03:21,125.08,USD,card_not_present_online,credit_card,MID878182,4111,Transit / Transportation,0.235,DEV14528846,ios_mobile,0.15078809601982196,VN,DE,True,13,False,254.1955306314038,4,0,1.18,751,mobile_app_remote,basic_document,near_prime,105.6,173,2,0,0.22438502562642942,0.8247010179033837,True,False,1,1,2,CLUSTER8304,1,0.6492569388807674,0.8527166012159799,0.8240271401184639,,,,,0,,0.2954577718647149,1,ai_phishing+account_takeover,social_engineering+access,text_generation+credential_stuffing_automation,0.869,True,synthetic
TXN161030578912,U5985159,2026-08-14 22:10:45,419.01,USD,card_not_present_online,debit_card,MID318962,5732,Electronics Stores,0.097,DEV26987368,windows_desktop,0.09859557530752744,ID,JP,True,22,True,485.37347405362283,5,0,20.66,346,mobile_app_remote,in_branch_verified,near_prime,29.67,295,1,1,0.6542585520638469,0.9183799133434432,True,False,0,1,1,CLUSTER5929,1,1.2643139243775767,0.7165891958413692,0.7571733599697531,,,,,0,,0.1606214129800634,1,ai_phishing+account_takeover,social_engineering+access,text_generation+credential_stuffing_automation,0.956,True,synthetic
TXN598152839747,U2027069,2026-08-26 02:55:26,424.86,USD,card_not_present_online,bank_transfer,MID243451,7011,Hotels / Lodging,0.265,DEV60082086,windows_desktop,0.17410646647096928,BD,US,True,2,False,182.494564062857,8,5,3.53,328,mobile_app_remote,video_verified,near_prime,52.12,34,2,0,0.770073414570041,0.9396407793863374,True,True,0,1,2,CLUSTER5667,1,1.1449201437184378,0.952915232688218,0.8552993382551065,,,,,0,,0.017587313727931375,1,ai_phishing+account_takeover,social_engineering+access,text_generation+credential_stuffing_automation,0.902,True,synthetic
TXN954284902455,U2441970,2026-08-08 14:55:06,624.94,USD,card_not_present_online,credit_card,MID316407,5691,Apparel,0.195,DEV93821521,ios_mobile,0.0908256394858875,EG,SE,True,14,False,340.55765253692016,3,0,15.72,362,mobile_app_remote,video_verified,near_prime,39.75,67,1,0,0.32279140066485995,0.8440224643511813,True,False,0,1,2,CLUSTER7081,1,0.3933502498999877,0.8999811385523011,0.8243918029095546,,,,,0,,0.03647122428948727,1,ai_phishing+account_takeover,social_engineering+access,text_generation+credential_stuffing_automation,0.852,True,synthetic
TXN741441093450,U3574793,2026-08-01 18:59:22,323.8,USD,card_not_present_online,bank_transfer,MID553449,5732,Electronics Stores,0.597,DEV89686149,linux_desktop,0.1408298766626053,RU,AU,True,18,False,581.41441533494,8,0,4.76,454,api_partner_onboarding,in_branch_verified,thin_file,125.0,59,1,0,0.780605669166432,0.7622795845237371,True,True,0,1,1,CLUSTER4554,3,0.3821132077259102,0.8391275841866533,0.8553518831571462,,,,,0,,0.18915460191143596,1,ai_phishing+account_takeover,social_engineering+access,text_generation+credential_stuffing_automation,0.909,True,synthetic
TXN235120422350,U8453597,2026-08-25 20:45:41,80.4,USD,card_not_present_online,upi,MID627841,5967,Direct Marketing / Adult,0.329,DEV10938130,ios_mobile,0.02292405122342785,PK,US,True,20,False,457.1895015586715,4,2,49.07,254,web_remote,basic_document,prime,10.08,269,2,0,0.8002513030671679,0.9655333767439348,True,False,1,1,2,CLUSTER7176,1,1.1712571667947618,0.7443863779500094,0.9811294234097772,,,,,0,,0.11546612326070788,1,ai_phishing+account_takeover,social_engineering+access,text_generation+credential_stuffing_automation,0.968,True,synthetic
TXN236322991321,U4140158,2026-06-25 02:21:45,804.59,USD,card_not_present_online,credit_card,MID460082,4111,Transit / Transportation,0.017,DEV28032258,mac_desktop,0.09306705735336221,VN,DE,True,2,True,370.6107096595139,7,3,9.58,225,agent_assisted,basic_document,prime,84.02,181,2,0,0.3374403247107922,0.8851849700260864,True,True,0,1,1,CLUSTER6518,3,0.921345822001814,0.936757768365482,0.8122097188678479,,,,,0,,0.11848955645281575,1,ai_phishing+account_takeover,social_engineering+access,text_generation+credential_stuffing_automation,0.932,True,synthetic
TXN690631630982,U7539397,2026-06-29 03:41:49,358.3,USD,p2p_transfer,bank_transfer,MID818640,4829,Money Transfer,0.08,DEV40997581,windows_desktop,0.08205856868342012,VN,SE,True,3,False,32.19098075975935,8,2,12.98,356,mobile_app_remote,basic_document,thin_file,19.05,276,2,0,0.6220699430156109,0.7570518725865246,False,False,0,1,1,CLUSTER8035,1,2.2553889002126986,0.878337389940824,0.943997491588956,,,,,0,,0.2916931868010805,1,ai_phishing+account_takeover,social_engineering+access,text_generation+credential_stuffing_automation,0.915,True,synthetic
TXN176940422258,U1384511,2026-06-11 06:17:11,299.56,USD,p2p_transfer,debit_card,MID997010,4111,Transit / Transportation,0.13,DEV40968105,mac_desktop,0.05703651281039783,RU,NL,True,6,False,149.33996585562323,5,0,6.95,154,web_remote,video_verified,subprime,44.05,107,1,0,0.6918430401119491,0.8613164677763775,False,False,0,1,2,CLUSTER6606,1,2.487081029431325,0.8732162087779722,0.9094706947177491,,,,,0,,0.21494055234149778,1,ai_phishing+account_takeover,social_engineering+access,text_generation+credential_stuffing_automation,0.881,True,synthetic
TXN353878351631,U8462779,2026-06-02 01:10:20,273.15,USD,p2p_transfer,prepaid_card,MID397256,8011,Healthcare,0.263,DEV67012605,ios_mobile,0.10035807021518832,RU,SG,True,1,True,208.42679226917193,3,1,8.64,490,api_partner_onboarding,in_branch_verified,subprime,52.87,69,2,1,0.717097633339856,0.7769078096386172,False,False,0,1,2,CLUSTER7645,3,0.47541905703972387,0.8897660179238372,0.9324536650666008,,,,,0,,0.2983872768845515,1,ai_phishing+account_takeover,social_engineering+access,text_generation+credential_stuffing_automation,0.925,True,synthetic
TXN821012664150,U8614921,2026-06-07 13:55:45,279.65,USD,card_not_present_online,digital_wallet,MID269749,5921,Liquor Stores,0.225,DEV13001108,android_mobile,0.09405445604490534,ID,US,True,13,False,519.0704935408007,5,1,11.88,823,api_partner_onboarding,in_branch_verified,prime,23.54,228,2,0,0.28270169690463354,0.8467223890009005,True,False,0,1,1,CLUSTER9648,1,2.0169471549481974,0.8316531796243899,0.9065160530814165,,,,,0,,0.169210785420061,1,ai_phishing+account_takeover,social_engineering+access,text_generation+credential_stuffing_automation,0.979,True,synthetic
TXN348347760225,U7812435,2026-07-12 07:56:56,177.23,USD,p2p_transfer,prepaid_card,MID451403,6051,Crypto / Digital Currency,0.19,DEV45542542,ios_mobile,0.12134942760368875,NG,SE,True,7,True,325.49463922239164,7,3,5.27,343,in_branch,in_branch_verified,prime,55.21,200,1,1,0.7134936147113822,0.7420543333865848,True,False,0,1,1,CLUSTER5802,1,1.1635603365691098,0.7897359730565793,0.8522102336369266,,,,,0,,0.07430849533160062,1,ai_phishing+account_takeover,social_engineering+access,text_generation+credential_stuffing_automation,0.932,True,synthetic
TXN413977723274,U8202991,2026-07-20 01:48:14,316.99,USD,card_not_present_online,prepaid_card,MID114672,5411,Grocery Stores,0.159,DEV56257167,ios_mobile,0.178209125694598,PK,DE,True,1,True,526.4308973418272,4,2,2.03,172,web_remote,basic_document,near_prime,155.91,213,1,0,0.39195587017878986,0.9222874132167075,True,False,0,1,2,CLUSTER3940,3,1.0363608795657517,0.8808091826346495,0.9223684277368779,,,,,0,,0.04924224592238061,1,ai_phishing+account_takeover,social_engineering+access,text_generation+credential_stuffing_automation,0.937,True,synthetic
TXN142112514160,U7580069,2026-08-15 13:38:15,189.95,USD,card_not_present_online,debit_card,MID957159,5999,Misc Retail,0.216,DEV10098472,android_mobile,0.13628003915709588,RU,US,True,13,False,528.6272780431811,8,3,3.59,855,agent_assisted,basic_document,near_prime,52.97,59,2,1,0.12517890241307095,0.7608880770311661,True,False,0,1,2,CLUSTER3796,3,2.901283257196607,0.9239002029330246,0.8538094028464732,,,,,0,,0.098865788270631,1,ai_phishing+account_takeover,social_engineering+access,text_generation+credential_stuffing_automation,0.9,True,synthetic
TXN800527319977,U6780912,2026-06-08 21:02:29,216.3,USD,p2p_transfer,upi,MID392083,8011,Healthcare,0.132,DEV15671513,windows_desktop,0.08758411663163623,NG,US,True,21,True,247.91250864945528,2,3,12.61,246,api_partner_onboarding,basic_document,near_prime,17.15,299,1,1,0.13805748844500507,0.8880783590802344,True,False,0,1,2,CLUSTER8547,3,0.23145589640205544,0.7913153040885925,0.9570139001619082,,,,,0,,0.052466777279914355,1,ai_phishing+account_takeover,social_engineering+access,text_generation+credential_stuffing_automation,0.942,True,synthetic
TXN669309312003,U5679886,2026-07-14 13:44:59,496.44,USD,card_not_present_online,credit_card,MID847797,7995,Betting / Gambling,0.352,DEV74456430,mac_desktop,0.06606507640659126,EG,NL,True,13,False,220.7639550349324,8,0,10.26,749,api_partner_onboarding,unverified,near_prime,48.4,176,2,0,0.1787938274486341,0.7633744907245519,True,True,0,1,1,CLUSTER5963,1,0.44890450324554,0.8687116592253625,0.8313997796396622,,,,,0,,0.28391047049230433,1,ai_phishing+account_takeover,social_engineering+access,text_generation+credential_stuffing_automation,0.92,True,synthetic
TXN722960425151,U8053290,2026-06-14 19:06:49,356.95,USD,p2p_transfer,prepaid_card,MID136635,7995,Betting / Gambling,0.243,DEV16619631,android_mobile,0.19552915552592534,RU,CA,True,19,True,46.11522295292037,6,1,18.05,425,api_partner_onboarding,unverified,subprime,19.78,237,2,1,0.11853588962708567,0.8835803720453763,True,False,0,1,1,CLUSTER1622,2,1.0907760352357978,0.9183185301992222,0.917417104399356,,,,,0,,0.1588729767400938,1,ai_phishing+account_takeover,social_engineering+access,text_generation+credential_stuffing_automation,0.863,True,synthetic
TXN480307555411,U7528058,2026-06-08 20:43:22,424.16,USD,card_not_present_online,upi,MID849802,5691,Apparel,0.288,DEV66912282,android_mobile,0.030472347588333698,PK,GB,True,20,False,455.34643745990945,7,2,11.45,208,api_partner_onboarding,in_branch_verified,near_prime,35.1,167,1,0,0.6788084382049866,0.8558105906924566,True,False,0,1,2,CLUSTER2672,2,2.885709847475443,0.745172236956346,0.8771479717252577,,,,,0,,0.28127250438540663,1,ai_phishing+account_takeover,social_engineering+access,text_generation+credential_stuffing_automation,0.872,True,synthetic
TXN983404392041,U0714342,2026-06-01 05:05:08,93.71,USD,card_not_present_online,digital_wallet,MID820392,8011,Healthcare,0.213,DEV52830337,windows_desktop,0.1612107040304126,RU,SG,True,5,False,373.55486776312654,6,3,5.09,234,api_partner_onboarding,basic_document,thin_file,18.42,107,2,0,0.2823874617935803,0.769699000685278,True,False,0,1,1,CLUSTER3031,3,1.2847986459584035,0.7982729782950799,0.8230284782536185,,,,,0,,0.18971475796792228,1,ai_phishing+account_takeover,social_engineering+access,text_generation+credential_stuffing_automation,0.849,True,synthetic
TXN136038070473,U0302006,2026-07-29 15:21:15,311.11,USD,card_not_present_online,digital_wallet,MID241543,5999,Misc Retail,0.067,DEV95885259,linux_desktop,0.18447494285075233,EG,CA,True,15,True,557.6922491012458,5,3,18.63,139,api_partner_onboarding,video_verified,subprime,16.7,221,2,1,0.11772453950604711,0.7179445339485618,True,False,0,1,1,CLUSTER3182,2,1.8264854823126317,0.7032944610484876,0.8383356973023697,,,,,0,,0.2129694669625621,1,ai_phishing+account_takeover,social_engineering+access,text_generation+credential_stuffing_automation,0.953,True,synthetic
TXN727258957539,U7975755,2026-06-26 16:15:49,605.71,USD,card_not_present_online,credit_card,MID783988,5411,Grocery Stores,0.37,DEV28243952,linux_desktop,0.05274429885525185,BD,NL,True,16,False,259.19433543711716,8,0,7.72,674,mobile_app_remote,unverified,near_prime,78.42,257,1,0,0.2667224696681685,0.7451993673841272,True,False,0,1,1,CLUSTER9562,3,1.3697127204013682,0.8344334138922013,0.9813599553964834,,,,,0,,0.1504634599112563,1,ai_phishing+account_takeover,social_engineering+access,text_generation+credential_stuffing_automation,0.949,True,synthetic
TXN868942563449,U6840514,2026-08-13 12:09:22,158.61,USD,p2p_transfer,credit_card,MID567205,8011,Healthcare,0.074,DEV55432153,linux_desktop,0.19654739022821982,RU,JP,True,12,False,529.1041337419757,6,2,3.26,464,mobile_app_remote,in_branch_verified,near_prime,84.05,153,1,1,0.587278203533402,0.8093809268367271,True,False,0,1,1,CLUSTER9745,3,0.3639146628882045,0.8038352601768856,0.8494356755523574,,,,,0,,0.01707078765574598,1,ai_phishing+account_takeover,social_engineering+access,text_generation+credential_stuffing_automation,0.856,True,synthetic
TXN826605688001,U5349217,2026-07-16 18:58:53,242.95,USD,card_not_present_online,debit_card,MID963903,5967,Direct Marketing / Adult,0.231,DEV84875820,linux_desktop,0.08770102176624943,BD,GB,True,18,False,265.01266146264265,6,2,19.23,863,api_partner_onboarding,in_branch_verified,near_prime,39.04,41,1,0,0.8314742982450056,0.7825179499741846,False,False,0,1,2,CLUSTER2684,1,0.5403133686236026,0.7007942258550466,0.790208614716194,,,,,0,,0.24088752603416375,1,ai_phishing+account_takeover,social_engineering+access,text_generation+credential_stuffing_automation,0.932,True,synthetic
TXN301086305221,U0728403,2026-06-30 05:33:42,364.0,USD,card_not_present_online,prepaid_card,MID614300,5964,Direct Marketing / Catalog,0.075,DEV84254586,windows_desktop,0.13681623318556155,PK,NL,True,5,True,483.1786885625161,7,3,7.79,883,mobile_app_remote,in_branch_verified,thin_file,36.51,239,1,0,0.723505981086715,0.7529303769330061,True,False,0,1,2,CLUSTER3188,1,2.6215873120493898,0.8507526747541501,0.834236352654005,,,,,0,,0.010720776862340008,1,ai_phishing+account_takeover,social_engineering+access,text_generation+credential_stuffing_automation,0.976,True,synthetic
TXN648670220848,U4612864,2026-07-10 18:41:27,766.53,USD,p2p_transfer,bank_transfer,MID827552,4829,Money Transfer,0.217,DEV95620608,linux_desktop,0.1744084438669286,EG,DE,True,18,False,396.33967612897885,2,3,38.27,710,in_branch,basic_document,thin_file,20.03,166,1,0,0.2739689809849384,0.744764401765224,True,False,0,1,1,CLUSTER3076,1,2.9748038414849773,0.7418808147841416,0.8346896555913518,,,,,0,,0.287758320876318,1,ai_phishing+account_takeover,social_engineering+access,text_generation+credential_stuffing_automation,0.962,True,synthetic
TXN549179490554,U6050042,2026-07-30 14:07:57,106.38,USD,p2p_transfer,digital_wallet,MID427719,6012,Financial Institutions - Merchandise/Services,0.49,DEV14882132,linux_desktop,0.09269758117546419,EG,US,True,14,False,261.89185496663606,3,2,4.55,183,api_partner_onboarding,in_branch_verified,prime,87.99,53,2,1,0.8489521695413128,0.8270345294723997,True,False,0,1,2,CLUSTER5595,3,0.3584254082175078,0.8555377365940426,0.9041821534878624,,,,,0,,0.13263395729063412,1,ai_phishing+account_takeover,social_engineering+access,text_generation+credential_stuffing_automation,0.889,True,synthetic
TXN686295390245,U4967464,2026-06-11 00:37:28,186.78,USD,card_not_present_online,digital_wallet,MID452956,6011,ATM / Cash Disbursement,0.382,DEV65426960,ios_mobile,0.1127193810889385,VN,DE,True,0,False,597.5479763929924,4,0,24.45,347,api_partner_onboarding,basic_document,prime,42.99,95,1,1,0.8258124206121754,0.8626545284332611,True,True,0,1,1,CLUSTER2286,1,2.7392648524779846,0.7818866871432624,0.8075044224841301,,,,,0,,0.08189091798134158,1,ai_phishing+account_takeover,social_engineering+access,text_generation+credential_stuffing_automation,0.912,True,synthetic
TXN762946617080,U2382458,2026-06-17 04:19:10,95.12,USD,card_not_present_online,upi,MID638197,4899,Cable / Streaming Services,0.086,DEV38646751,ios_mobile,0.12212930870671802,ID,CA,True,4,True,44.540340418615735,3,2,9.74,184,web_remote,unverified,subprime,36.63,229,1,0,0.707541669269518,0.7339555293459374,True,False,0,1,1,CLUSTER3036,3,2.5474384657094067,0.8120127594911837,0.8898068568001697,,,,,0,,0.12333479322849272,1,ai_phishing+account_takeover,social_engineering+access,text_generation+credential_stuffing_automation,0.857,True,synthetic
TXN917210993556,U3447713,2026-08-21 19:19:20,198.34,USD,card_not_present_online,prepaid_card,MID334268,5311,Department Stores,0.428,DEV33058649,mac_desktop,0.046026010692290314,BD,DE,True,19,False,70.18392536103707,2,7,4.02,310,mobile_app_remote,unverified,near_prime,49.28,233,2,1,0.28747822929146605,0.8834997283379874,True,False,0,1,2,CLUSTER5598,2,0.8658282382469134,0.9551822770856686,0.8998252779570199,,,,,0,,0.256455196970127,1,ai_phishing+account_takeover,social_engineering+access,text_generation+credential_stuffing_automation,0.967,True,synthetic
TXN716855187657,U8087649,2026-08-27 13:10:05,126.96,USD,card_not_present_online,upi,MID832183,5411,Grocery Stores,0.166,DEV38489267,mac_desktop,0.11641114820291505,RU,JP,True,13,False,220.59118637294344,7,1,4.3,308,api_partner_onboarding,video_verified,super_prime,29.51,174,1,0,0.2666336533494704,0.841537729160889,True,False,0,1,2,CLUSTER1021,1,2.053471390082227,0.7037154210887642,0.86008932231917,,,,,0,,0.1417121337752127,1,ai_phishing+account_takeover,social_engineering+access,text_generation+credential_stuffing_automation,0.955,True,synthetic
TXN939948144517,U8693476,2026-06-05 04:51:23,129.3,USD,card_not_present_online,debit_card,MID940437,7995,Betting / Gambling,0.102,DEV96447807,ios_mobile,0.12559964079970565,PK,SE,True,4,False,271.67766140737547,7,0,10.53,872,agent_assisted,video_verified,near_prime,35.52,177,2,0,0.7721935415159531,0.8267092174204211,True,True,0,1,2,CLUSTER2720,3,1.4155475126115398,0.7197799772828739,0.8641842562597356,,,,,0,,0.2314607111778629,1,ai_phishing+account_takeover,social_engineering+access,text_generation+credential_stuffing_automation,0.955,True,synthetic
TXN607769351216,U2008874,2026-08-28 11:18:19,668.02,USD,card_not_present_online,upi,MID393062,6012,Financial Institutions - Merchandise/Services,0.132,DEV82473014,mac_desktop,0.09779537545736545,BD,US,True,11,False,34.57425075134707,2,1,10.5,732,agent_assisted,video_verified,thin_file,63.61,82,1,0,0.1732721760333099,0.9424490327462212,True,False,0,1,1,CLUSTER1696,1,0.5806520800835091,0.7455238108753989,0.7993453801836402,,,,,0,,0.17761770265470173,1,ai_phishing+account_takeover,social_engineering+access,text_generation+credential_stuffing_automation,0.916,True,synthetic
TXN821467518026,U2295778,2026-07-12 03:21:24,844.93,USD,p2p_transfer,upi,MID168167,8011,Healthcare,0.172,DEV48144324,mac_desktop,0.053077294669778105,BD,CA,True,3,True,214.00553939854316,6,2,26.53,273,api_partner_onboarding,basic_document,prime,31.85,105,2,2,0.3980831017305776,0.960493473051399,True,True,0,1,2,CLUSTER5005,1,2.228253748445044,0.8062330449007074,0.9761167945703472,,,,,0,,0.14596885739704452,1,ai_phishing+account_takeover,social_engineering+access,text_generation+credential_stuffing_automation,0.967,True,synthetic
TXN273652752969,U6059607,2026-07-19 06:58:26,592.43,USD,p2p_transfer,digital_wallet,MID990836,4722,Travel Agencies,0.125,DEV42597928,windows_desktop,0.166062064618535,RU,CA,True,6,False,591.8540229560392,7,3,12.04,284,mobile_app_remote,video_verified,prime,21.25,268,2,0,0.7726301186238509,0.8747380219437594,True,False,0,1,2,CLUSTER9750,1,0.8584441597504997,0.7732071113926553,0.7556833722291343,,,,,0,,0.011184834281946388,1,ai_phishing+account_takeover,social_engineering+access,text_generation+credential_stuffing_automation,0.98,True,synthetic
TXN898988320258,U1488321,2026-06-21 15:11:36,349.32,USD,card_not_present_online,prepaid_card,MID517414,6012,Financial Institutions - Merchandise/Services,0.077,DEV74871288,ios_mobile,0.17781358116199886,VN,JP,True,15,True,60.34723826235184,6,0,3.55,294,mobile_app_remote,unverified,near_prime,85.67,182,2,0,0.7109306905114889,0.7015749832229746,True,False,0,1,2,CLUSTER4352,2,2.475344114737422,0.9374149062708842,0.8996990344535525,,,,,0,,0.0945963094424588,1,ai_phishing+account_takeover,social_engineering+access,text_generation+credential_stuffing_automation,0.974,True,synthetic
TXN756722043476,U4432410,2026-07-06 00:00:11,370.14,USD,p2p_transfer,debit_card,MID576967,6011,ATM / Cash Disbursement,0.124,DEV45080361,ios_mobile,0.18725100266548136,EG,NL,True,0,False,76.32704652612013,5,1,3.01,568,api_partner_onboarding,in_branch_verified,subprime,69.19,162,1,0,0.6413095054361886,0.7428271291671275,True,False,0,1,2,CLUSTER9824,3,1.2363038537107576,0.7812037727724268,0.8652337534569,,,,,0,,0.1808968271629055,1,ai_phishing+account_takeover,social_engineering+access,text_generation+credential_stuffing_automation,0.953,True,synthetic
TXN994032770598,U1608764,2026-07-27 04:04:42,706.84,USD,p2p_transfer,debit_card,MID924414,6051,Crypto / Digital Currency,0.038,DEV53831462,linux_desktop,0.15730634265164653,PK,SE,True,4,True,511.84922396016026,5,0,4.59,797,api_partner_onboarding,unverified,near_prime,72.75,53,2,1,0.6556689670536991,0.7936554995288293,True,False,0,1,1,CLUSTER6659,3,0.8765514182571035,0.7059851017242178,0.7780631017680923,,,,,0,,0.06904853004079503,1,ai_phishing+account_takeover,social_engineering+access,text_generation+credential_stuffing_automation,0.928,True,synthetic
TXN547986027049,U3566202,2026-08-17 17:52:35,360.07,USD,p2p_transfer,bank_transfer,MID725063,5964,Direct Marketing / Catalog,0.233,DEV17538897,windows_desktop,0.1951755184632458,VN,GB,True,17,True,187.49381000545753,6,2,14.2,606,mobile_app_remote,unverified,prime,25.35,215,2,2,0.32552925076796146,0.7439053406230537,True,False,0,1,2,CLUSTER5853,2,2.100422008501437,0.7073270179063607,0.8487064560326594,,,,,0,,0.09746065021798131,1,ai_phishing+account_takeover,social_engineering+access,text_generation+credential_stuffing_automation,0.925,True,synthetic
TXN280016661446,U0842960,2026-07-13 16:57:33,314.79,USD,p2p_transfer,bank_transfer,MID904150,4722,Travel Agencies,0.247,DEV72415572,linux_desktop,0.06724953943066518,ID,GB,True,16,True,157.9630520693347,5,0,3.51,774,mobile_app_remote,video_verified,prime,89.72,266,2,2,0.3519849874732077,0.8172195104509666,True,False,0,1,2,CLUSTER4613,3,0.9375436937304311,0.7497539499283291,0.7869231536653716,,,,,0,,0.23165424964370707,1,ai_phishing+account_takeover,social_engineering+access,text_generation+credential_stuffing_automation,0.888,True,synthetic
TXN381591154393,U8750659,2026-08-21 08:17:11,523.23,USD,card_not_present_online,debit_card,MID293548,4111,Transit / Transportation,0.039,DEV19800280,mac_desktop,0.10103228248085368,PK,CA,True,8,True,58.25537208103838,4,1,5.29,377,mobile_app_remote,video_verified,super_prime,64.65,249,1,0,0.8374464888122615,0.8656468179836532,True,False,0,1,2,CLUSTER9946,2,0.5605180368640066,0.776525057618513,0.7855311166762914,,,,,0,,0.0920756738593098,1,ai_phishing+account_takeover,social_engineering+access,text_generation+credential_stuffing_automation,0.919,True,synthetic
TXN357181959645,U1552874,2026-06-04 00:57:23,716.71,USD,card_not_present_online,digital_wallet,MID795678,7011,Hotels / Lodging,0.199,DEV64239258,mac_desktop,0.18821322312976768,PK,SE,True,0,False,104.58263981378713,4,1,6.86,592,web_remote,video_verified,near_prime,104.44,114,1,0,0.2865840645379988,0.8613377717594655,True,False,0,1,1,CLUSTER6858,3,1.0457805921288892,0.9695802229116428,0.7707471765851897,,,,,0,,0.27174774433659277,1,ai_phishing+account_takeover,social_engineering+access,text_generation+credential_stuffing_automation,0.952,True,synthetic
TXN472304144164,U6986743,2026-06-18 16:34:50,362.14,USD,p2p_transfer,credit_card,MID754199,8299,Educational Services,0.363,DEV11330781,windows_desktop,0.07942987077169299,NG,GB,True,16,True,143.25791840902775,6,5,23.88,719,agent_assisted,in_branch_verified,near_prime,15.63,88,1,0,0.7291250353976608,0.7846120106302814,True,True,0,1,1,CLUSTER8153,2,1.0479795855859693,0.9028004114452974,0.971286511090009,,,,,0,,0.10423565909045455,1,ai_phishing+account_takeover,social_engineering+access,text_generation+credential_stuffing_automation,0.896,True,synthetic
TXN479593368734,U6959536,2026-06-26 13:13:34,241.04,USD,p2p_transfer,credit_card,MID113693,4829,Money Transfer,0.07,DEV28116348,android_mobile,0.03698296803814895,EG,DE,True,13,False,282.71461193227935,2,3,8.74,165,mobile_app_remote,unverified,prime,39.3,200,1,1,0.7312939720570824,0.8487104582945408,True,False,0,1,2,CLUSTER8239,2,1.9259229659689743,0.8882521147415432,0.773973968789745,,,,,0,,0.12842035256815804,1,ai_phishing+account_takeover,social_engineering+access,text_generation+credential_stuffing_automation,0.887,True,synthetic
TXN644651112955,U7001148,2026-07-09 13:39:55,195.23,USD,p2p_transfer,digital_wallet,MID622990,5999,Misc Retail,0.234,DEV46176751,android_mobile,0.02854558669458268,RU,US,True,13,True,413.5325986312806,3,3,18.44,393,mobile_app_remote,unverified,thin_file,36.33,182,2,1,0.7084066162196194,0.8387047009901678,True,False,0,1,2,CLUSTER6370,2,0.634228404122218,0.7530611655643109,0.8672619269108623,,,,,0,,0.15911901840044126,1,ai_phishing+account_takeover,social_engineering+access,text_generation+credential_stuffing_automation,0.894,True,synthetic
TXN659177731371,U1068097,2026-08-02 16:20:13,677.53,USD,p2p_transfer,credit_card,MID589404,8299,Educational Services,0.075,DEV68254309,mac_desktop,0.1647591070626747,EG,SG,True,16,False,129.95288481950556,6,2,3.54,282,web_remote,basic_document,subprime,191.35,298,1,0,0.18045422582274362,0.8443694772870542,False,False,0,1,1,CLUSTER6384,2,2.9656245480341723,0.9397263365484967,0.978513566405394,,,,,0,,0.23657985912758872,1,ai_phishing+account_takeover,social_engineering+access,text_generation+credential_stuffing_automation,0.964,True,synthetic
TXN235046570457,U0502082,2026-08-15 03:42:58,186.07,USD,card_not_present_online,debit_card,MID382344,6012,Financial Institutions - Merchandise/Services,0.295,DEV76600562,ios_mobile,0.10720447645382643,NG,DE,True,3,False,105.93099678627206,2,0,6.1,508,agent_assisted,in_branch_verified,subprime,30.52,264,2,0,0.12575382388622894,0.7030934257770879,False,False,0,1,1,CLUSTER8692,2,2.674831885610759,0.8722094932317507,0.7641528646863777,,,,,0,,0.09485045669949956,1,ai_phishing+account_takeover,social_engineering+access,text_generation+credential_stuffing_automation,0.95,True,synthetic
TXN807459130237,U3969930,2026-06-06 21:57:03,526.34,USD,card_not_present_online,debit_card,MID682788,7995,Betting / Gambling,0.173,DEV77423007,linux_desktop,0.18262506314158466,EG,SG,True,21,False,440.6925541855298,2,1,1.29,874,agent_assisted,basic_document,thin_file,144.76,220,1,1,0.5613069017530545,0.7709865900110511,False,False,0,1,2,CLUSTER7972,3,2.923750731388247,0.8346250933222008,0.7839512016087654,,,,,0,,0.16526441675267414,1,ai_phishing+account_takeover,social_engineering+access,text_generation+credential_stuffing_automation,0.885,True,synthetic
TXN381867012360,U8853491,2026-08-04 22:19:46,182.47,USD,p2p_transfer,digital_wallet,MID509683,5732,Electronics Stores,0.428,DEV84571111,android_mobile,0.13092733228364603,NG,JP,True,22,False,333.0620776851965,8,2,2.12,427,web_remote,basic_document,prime,85.95,6,2,0,0.13001562600985953,0.8870071025966217,True,False,0,1,1,CLUSTER2146,1,2.707421292678726,0.7117005884918594,0.87043940688134,,,,,0,,0.22377377901823653,1,ai_phishing+account_takeover,social_engineering+access,text_generation+credential_stuffing_automation,0.912,True,synthetic
TXN551152829585,U1758830,2026-07-28 16:03:37,146.28,USD,p2p_transfer,credit_card,MID891184,6300,Insurance,0.237,DEV13163737,windows_desktop,0.19965231043127357,PK,GB,True,16,False,582.0834926244604,8,0,11.78,398,web_remote,video_verified,subprime,59.28,112,1,0,0.7710265791819703,0.7400433914376683,True,False,0,1,1,CLUSTER2274,2,1.7049239788347403,0.9141791712296459,0.7692900760800148,,,,,0,,0.0691007631089999,1,ai_phishing+account_takeover,social_engineering+access,text_generation+credential_stuffing_automation,0.908,True,synthetic
TXN888671242264,U0676907,2026-06-30 03:09:43,409.99,USD,card_not_present_online,bank_transfer,MID473987,6012,Financial Institutions - Merchandise/Services,0.086,DEV58754403,mac_desktop,0.08148791531110343,EG,DE,True,3,True,182.01555706813951,4,2,9.34,797,web_remote,in_branch_verified,subprime,43.89,148,2,0,0.2743390694226234,0.8710797732140112,False,False,0,1,2,CLUSTER3717,2,2.0205331464967218,0.7920082633727888,0.98061186896955,,,,,0,,0.2846481624483561,1,ai_phishing+account_takeover,social_engineering+access,text_generation+credential_stuffing_automation,0.9,True,synthetic
TXN359731833298,U8017070,2026-08-22 10:54:39,192.62,USD,p2p_transfer,upi,MID448108,5661,Shoe Stores,0.338,DEV46113065,mac_desktop,0.18568532362366186,VN,GB,True,10,False,202.2547739342136,4,1,14.09,682,agent_assisted,basic_document,subprime,40.73,271,1,0,0.7950978587906479,0.8090037123770295,True,False,0,1,1,CLUSTER8868,1,2.76491761104474,0.8934429594461359,0.8808280794644874,,,,,0,,0.09037586784684945,1,ai_phishing+account_takeover,social_engineering+access,text_generation+credential_stuffing_automation,0.961,True,synthetic
TXN526062640119,U2172450,2026-07-15 14:11:40,413.29,USD,card_not_present_online,bank_transfer,MID197110,5691,Apparel,0.241,DEV57823444,ios_mobile,0.1686885192460101,RU,SE,True,14,True,441.8410648671733,7,1,13.55,158,web_remote,in_branch_verified,near_prime,30.49,24,2,0,0.274462511543437,0.8053083581433624,True,False,0,1,2,CLUSTER1055,3,2.147943750824836,0.7734207763871067,0.9456465350769464,,,,,0,,0.190622411651111,1,ai_phishing+account_takeover,social_engineering+access,text_generation+credential_stuffing_automation,0.854,True,synthetic
TXN293655515850,U0130959,2026-06-26 22:38:33,499.18,USD,card_not_present_online,upi,MID338185,5732,Electronics Stores,0.199,DEV71785570,android_mobile,0.05839446803591515,VN,US,True,22,False,268.7119361350274,4,0,32.95,726,in_branch,unverified,near_prime,15.15,17,2,2,0.3001090290001406,0.9254466943975428,True,False,0,1,2,CLUSTER4733,2,2.214141973466056,0.748787911277005,0.785524555738024,,,,,0,,0.23886573165526054,1,ai_phishing+account_takeover,social_engineering+access,text_generation+credential_stuffing_automation,0.966,True,synthetic
TXN204378664565,U0724241,2026-06-26 15:13:25,309.08,USD,card_not_present_online,bank_transfer,MID206989,8299,Educational Services,0.362,DEV22980078,windows_desktop,0.16118389834725022,ID,SG,True,15,False,159.83050461861276,2,0,4.7,579,agent_assisted,in_branch_verified,thin_file,38.58,35,2,0,0.6459890616349807,0.8123521498750957,False,False,0,1,1,CLUSTER2412,2,0.9951739056346425,0.8482667812392802,0.7884926388214277,,,,,0,,0.23406633615971695,1,ai_phishing+account_takeover,social_engineering+access,text_generation+credential_stuffing_automation,0.984,True,synthetic
TXN171580675072,U2634120,2026-07-31 17:55:32,556.66,USD,p2p_transfer,upi,MID897445,6300,Insurance,0.136,DEV73185576,android_mobile,0.1688502424161957,PK,GB,True,17,True,535.803501213755,8,2,5.05,222,in_branch,video_verified,prime,110.18,261,2,1,0.32416022956282986,0.8376959141088502,False,True,0,1,1,CLUSTER3983,3,1.2331713240495796,0.9671413908057336,0.7771182129727323,,,,,0,,0.22108354901437174,1,ai_phishing+account_takeover,social_engineering+access,text_generation+credential_stuffing_automation,0.913,True,synthetic
TXN581087484300,U8138407,2026-06-29 20:48:07,488.9,USD,p2p_transfer,digital_wallet,MID428052,6012,Financial Institutions - Merchandise/Services,0.646,DEV84165735,ios_mobile,0.030911008203620603,ID,CA,True,20,False,548.7237211444713,8,3,3.41,557,in_branch,basic_document,near_prime,143.39,141,1,0,0.3910669673309578,0.7969027675701436,False,False,0,1,2,CLUSTER9500,1,2.0436986407977544,0.8149070497849332,0.8758743967972916,,,,,0,,0.11230579255840085,1,ai_phishing+account_takeover,social_engineering+access,text_generation+credential_stuffing_automation,0.937,True,synthetic
TXN106532147384,U3965196,2026-07-17 12:46:29,672.87,USD,p2p_transfer,upi,MID521559,4899,Cable / Streaming Services,0.134,DEV60113740,android_mobile,0.09711084547826944,BD,NL,True,12,True,127.35539258432507,8,0,43.13,709,in_branch,basic_document,near_prime,15.6,296,2,1,0.15643483799582014,0.9103337528255749,True,True,0,1,2,CLUSTER7991,3,1.3032302812252523,0.9472863874551419,0.9816876981697572,,,,,0,,0.14838212317722257,1,ai_phishing+account_takeover,social_engineering+access,text_generation+credential_stuffing_automation,0.951,True,synthetic
TXN891175029776,U3320923,2026-06-11 16:31:02,420.32,USD,p2p_transfer,prepaid_card,MID895059,5411,Grocery Stores,0.081,DEV30268689,linux_desktop,0.16757831868867373,BD,SE,True,16,False,436.90203041019566,8,3,8.5,101,web_remote,video_verified,thin_file,49.44,270,1,0,0.3789508835321963,0.7901615329374356,True,False,0,1,2,CLUSTER7428,1,2.391758902332554,0.9320017454558274,0.8202997010560924,,,,,0,,0.05199536014527214,1,ai_phishing+account_takeover,social_engineering+access,text_generation+credential_stuffing_automation,0.956,True,synthetic
TXN740473295202,U4534586,2026-08-28 06:23:46,280.61,USD,card_not_present_online,prepaid_card,MID389608,5541,Fuel / Gas Stations,0.045,DEV24836218,mac_desktop,0.1098114834290274,BD,US,True,6,True,549.2525213620395,6,0,3.1,805,mobile_app_remote,basic_document,near_prime,90.47,281,2,1,0.19986724873227543,0.7771665067311622,True,False,0,1,2,CLUSTER7189,3,1.09100778048073,0.7053848764339423,0.9580765036537194,,,,,0,,0.23774693210754794,1,ai_phishing+account_takeover,social_engineering+access,text_generation+credential_stuffing_automation,0.942,True,synthetic
TXN814779379739,U9278026,2026-07-17 16:15:56,236.06,USD,p2p_transfer,bank_transfer,MID793877,5967,Direct Marketing / Adult,0.169,DEV44424799,windows_desktop,0.02323832449943789,VN,SG,True,16,True,487.21775627278583,2,1,12.39,214,agent_assisted,unverified,prime,10.74,167,1,1,0.6087594116477467,0.9125727940544751,False,False,0,1,2,CLUSTER6678,3,0.8510344815587961,0.8125217353889675,0.9146403049245233,,,,,0,,0.003941221798143257,1,ai_phishing+account_takeover,social_engineering+access,text_generation+credential_stuffing_automation,0.907,True,synthetic
TXN235832601966,U8419450,2026-06-22 11:19:12,365.07,USD,p2p_transfer,upi,MID643072,5812,Restaurants,0.266,DEV93438437,windows_desktop,0.05886052936957652,VN,DE,True,11,False,160.76915101184645,3,1,9.9,828,in_branch,video_verified,near_prime,23.58,11,1,0,0.5728784053783378,0.9450918246535837,False,False,0,1,1,CLUSTER9075,2,1.0448769674129266,0.9061006182695686,0.8273842029453438,,,,,0,,0.2097875714156918,1,ai_phishing+account_takeover,social_engineering+access,text_generation+credential_stuffing_automation,0.911,True,synthetic
TXN802734155912,U5999301,2026-06-03 02:42:13,281.09,USD,card_not_present_online,digital_wallet,MID806858,5541,Fuel / Gas Stations,0.066,DEV73198664,windows_desktop,0.09757475861380911,NG,SE,True,2,False,484.9806365393773,7,2,38.85,862,web_remote,in_branch_verified,near_prime,9.29,76,1,1,0.581440432620142,0.7729994341122494,False,False,0,1,1,CLUSTER7850,1,2.9989501982305047,0.8606579632196236,0.8093142391134769,,,,,0,,0.29878062034593367,1,ai_phishing+account_takeover,social_engineering+access,text_generation+credential_stuffing_automation,0.944,True,synthetic
TXN734645741421,U0024270,2026-06-29 20:55:01,476.54,USD,p2p_transfer,bank_transfer,MID711357,6300,Insurance,0.352,DEV27654086,android_mobile,0.14864823454569367,RU,JP,True,20,True,158.57763516882451,5,2,10.09,144,api_partner_onboarding,basic_document,prime,43.08,237,2,0,0.6348978731377689,0.8664146147146926,True,False,0,1,2,CLUSTER4540,3,1.3135156722002301,0.7538032984293815,0.8683516173150011,,,,,0,,0.13952148430586447,1,ai_phishing+account_takeover,social_engineering+access,text_generation+credential_stuffing_automation,0.929,True,synthetic
TXN342477591022,U8792523,2026-06-21 20:38:07,167.44,USD,p2p_transfer,bank_transfer,MID269159,5311,Department Stores,0.346,DEV44842405,windows_desktop,0.06050663864199579,NG,JP,True,20,False,297.33577292933717,3,0,8.96,85,in_branch,video_verified,near_prime,18.68,62,1,0,0.237533424677687,0.8603223148315132,True,False,0,1,2,CLUSTER6283,1,1.7818008711952578,0.7891147715740178,0.9451865338283416,,,,,0,,0.27541444479070326,1,ai_phishing+account_takeover,social_engineering+access,text_generation+credential_stuffing_automation,0.91,True,synthetic
TXN484225261911,U0397218,2026-08-08 06:54:19,432.88,USD,p2p_transfer,credit_card,MID952248,5691,Apparel,0.013,DEV16934483,linux_desktop,0.023623448276847838,NG,JP,True,6,False,519.9972882269622,8,3,15.67,607,agent_assisted,unverified,subprime,27.63,27,1,1,0.10475677429974191,0.786598260114188,True,True,1,1,1,CLUSTER2429,1,2.1233739620670833,0.8551798913676083,0.7753679863032366,,,,,0,,0.016249489529566386,1,ai_phishing+account_takeover,social_engineering+access,text_generation+credential_stuffing_automation,0.846,True,synthetic
TXN346144307472,U4472695,2026-08-17 15:59:20,90.71,USD,card_not_present_online,prepaid_card,MID494930,5411,Grocery Stores,0.394,DEV74720564,ios_mobile,0.14981237136907716,BD,DE,True,15,False,43.11617340760014,6,0,5.89,683,in_branch,video_verified,thin_file,17.47,140,2,0,0.7966238439624318,0.9055484151460562,False,False,0,1,1,CLUSTER6561,3,1.1626779427679144,0.7070161580615145,0.8333967110500364,,,,,0,,0.07320295666587223,1,ai_phishing+account_takeover,social_engineering+access,text_generation+credential_stuffing_automation,0.855,True,synthetic
TXN728356739439,U7921488,2026-08-01 11:38:53,69.44,USD,card_not_present_online,upi,MID944007,6012,Financial Institutions - Merchandise/Services,0.296,DEV58040965,mac_desktop,0.19248978314843232,EG,JP,True,11,False,468.29289240921673,3,0,5.93,346,api_partner_onboarding,basic_document,prime,40.09,62,1,0,0.8472394640817076,0.9168157941082603,False,False,0,1,1,CLUSTER9845,2,2.2379724561924306,0.9440112591165787,0.7632395125920676,,,,,0,,0.028287986805669407,1,ai_phishing+account_takeover,social_engineering+access,text_generation+credential_stuffing_automation,0.884,True,synthetic
TXN211698725013,U1014723,2026-07-06 03:10:54,462.33,USD,card_not_present_online,prepaid_card,MID645076,5999,Misc Retail,0.211,DEV55755168,ios_mobile,0.05752055102190887,RU,DE,True,3,False,588.2194588741742,4,0,3.33,452,agent_assisted,video_verified,subprime,69.47,203,1,0,0.6520332200057021,0.8940694024088525,True,False,0,1,1,CLUSTER8423,2,0.3773897296022345,0.7737202378797378,0.8714846904742087,,,,,0,,0.007199067547825799,1,ai_phishing+account_takeover,social_engineering+access,text_generation+credential_stuffing_automation,0.976,True,synthetic
TXN764725026778,U4450167,2026-06-09 16:38:56,987.05,USD,card_not_present_online,credit_card,MID228600,7995,Betting / Gambling,0.22,DEV73057226,windows_desktop,0.03975546688983444,RU,US,True,16,True,104.79784403525122,2,0,92.86,734,api_partner_onboarding,video_verified,subprime,10.63,65,2,0,0.3077316022815555,0.8782471390947163,True,False,0,1,2,CLUSTER9060,1,1.3393329533097265,0.8835660772131549,0.8488395821475601,,,,,0,,0.10733836376795901,1,ai_phishing+account_takeover,social_engineering+access,text_generation+credential_stuffing_automation,0.987,True,synthetic
TXN145467474276,U1893683,2026-08-27 23:29:36,462.38,USD,card_not_present_online,digital_wallet,MID198879,5411,Grocery Stores,0.038,DEV42544860,linux_desktop,0.05704029922288292,NG,DE,True,23,False,356.6402548703891,3,4,46.24,647,in_branch,in_branch_verified,near_prime,9.74,28,1,0,0.26544203776196806,0.973813221936318,True,False,0,1,1,CLUSTER8427,3,2.4788359147819223,0.8703432523930035,0.9208929375610112,,,,,0,,0.172049138348832,1,ai_phishing+account_takeover,social_engineering+access,text_generation+credential_stuffing_automation,0.924,True,synthetic
TXN381570562851,U8411714,2026-06-21 15:14:01,119.4,USD,p2p_transfer,debit_card,MID750535,6300,Insurance,0.352,DEV59957634,android_mobile,0.10167041349228954,NG,AU,True,15,True,287.95215626000686,5,2,1.21,403,agent_assisted,unverified,prime,98.6,12,1,0,0.13929891917238205,0.857338259408085,True,False,0,1,2,CLUSTER6687,3,1.4899670172937731,0.7040293620481962,0.7607037415888802,,,,,0,,0.16837422076489988,1,ai_phishing+account_takeover,social_engineering+access,text_generation+credential_stuffing_automation,0.962,True,synthetic
TXN853102379042,U2889872,2026-07-13 10:32:23,162.02,USD,card_not_present_online,prepaid_card,MID643063,8011,Healthcare,0.186,DEV51384325,linux_desktop,0.07769431033505671,VN,JP,True,10,False,194.2117951737507,2,1,1.46,136,api_partner_onboarding,unverified,super_prime,111.4,20,1,0,0.5704827073862865,0.7251702089442903,True,False,0,1,2,CLUSTER2138,1,2.427815733822135,0.7672963630425198,0.9097021148500328,,,,,0,,0.29094324855805404,1,ai_phishing+account_takeover,social_engineering+access,text_generation+credential_stuffing_automation,0.856,True,synthetic
TXN505144041614,U2351386,2026-06-06 07:21:40,355.43,USD,p2p_transfer,prepaid_card,MID671637,5541,Fuel / Gas Stations,0.442,DEV84630176,linux_desktop,0.18011765417232972,ID,CA,True,7,False,500.0365384701176,4,1,3.91,759,api_partner_onboarding,video_verified,thin_file,58.47,61,2,1,0.673657561736188,0.8157315906993063,False,True,0,1,1,CLUSTER2941,3,1.6644179918682864,0.7942747112425924,0.7709285355670574,,,,,0,,0.11122650397153135,1,ai_phishing+account_takeover,social_engineering+access,text_generation+credential_stuffing_automation,0.904,True,synthetic
TXN722611306249,U1202305,2026-06-17 09:14:02,133.37,USD,card_not_present_online,prepaid_card,MID482071,5661,Shoe Stores,0.32,DEV96646689,mac_desktop,0.1595542150744364,PK,NL,True,9,True,550.3221407850685,5,2,12.51,634,mobile_app_remote,in_branch_verified,near_prime,64.05,56,2,0,0.7860740384540299,0.7028855294762641,False,False,0,1,1,CLUSTER4634,1,1.988491711914509,0.7468958639656129,0.834575755938256,,,,,0,,0.0005203982207064528,1,ai_phishing+account_takeover,social_engineering+access,text_generation+credential_stuffing_automation,0.864,True,synthetic
TXN981206305308,U6046787,2026-08-24 09:27:59,400.35,USD,p2p_transfer,digital_wallet,MID274394,5941,Sporting Goods,0.302,DEV92184378,linux_desktop,0.052430388396828786,VN,CA,True,9,False,47.41895736170142,3,0,10.01,745,in_branch,in_branch_verified,subprime,40.0,203,1,0,0.15219965425452428,0.9680424779482913,True,True,0,1,2,CLUSTER4455,3,0.9652578125638511,0.8569106890908987,0.8121325037563852,,,,,0,,0.2800911295858379,1,ai_phishing+account_takeover,social_engineering+access,text_generation+credential_stuffing_automation,0.977,True,synthetic
TXN260112896149,U2048144,2026-08-02 05:34:17,1159.24,USD,p2p_transfer,credit_card,MID658946,5964,Direct Marketing / Catalog,0.06,DEV68521705,android_mobile,0.15868292405989798,EG,GB,True,5,True,415.449991695088,4,1,15.99,529,api_partner_onboarding,unverified,subprime,72.51,33,2,0,0.37393852410717277,0.8177192945872324,True,False,0,1,2,CLUSTER7845,1,0.6707796390754697,0.873252717001007,0.9527278007462362,,,,,0,,0.23975368570188904,1,ai_phishing+account_takeover,social_engineering+access,text_generation+credential_stuffing_automation,0.971,True,synthetic
TXN926451003567,U5221366,2026-08-16 04:47:25,362.79,USD,p2p_transfer,credit_card,MID706650,5812,Restaurants,0.174,DEV75971434,ios_mobile,0.11362536186369607,VN,SG,True,4,True,405.1199342655191,3,0,21.0,672,agent_assisted,unverified,subprime,43.23,168,1,1,0.576135779849114,0.8007051206556725,True,False,0,1,2,CLUSTER5762,1,2.545657299190607,0.7752471947128783,0.822753270301997,,,,,0,,0.2145901827993405,1,ai_phishing+account_takeover,social_engineering+access,text_generation+credential_stuffing_automation,0.959,True,synthetic
TXN505234726305,U6945642,2026-06-05 13:30:38,648.1,USD,card_not_present_online,bank_transfer,MID720942,4722,Travel Agencies,0.182,DEV61317358,mac_desktop,0.19116446687791258,RU,DE,True,13,False,48.17873864992443,4,1,4.49,544,in_branch,in_branch_verified,thin_file,144.19,40,1,0,0.31170328289751087,0.8627925957624116,True,False,0,1,1,CLUSTER3113,1,2.914801869621115,0.8785072875546251,0.9808380491084249,,,,,0,,0.014940207998348764,1,ai_phishing+account_takeover,social_engineering+access,text_generation+credential_stuffing_automation,0.91,True,synthetic
TXN924166175931,U7420856,2026-06-07 00:40:26,255.77,USD,card_not_present_online,debit_card,MID870557,5921,Liquor Stores,0.095,DEV97442416,mac_desktop,0.026088178469563225,EG,SG,True,0,False,398.39931548004523,7,1,1.9,578,agent_assisted,basic_document,subprime,134.81,182,1,1,0.19091497468499244,0.9454521253915402,True,False,0,1,2,CLUSTER1886,3,2.2639000860758207,0.7040648231615806,0.8457672846692545,,,,,0,,0.13194664998910383,1,ai_phishing+account_takeover,social_engineering+access,text_generation+credential_stuffing_automation,0.907,True,synthetic
TXN411235097108,U6025356,2026-06-03 02:11:28,194.86,USD,card_not_present_online,credit_card,MID550836,4899,Cable / Streaming Services,0.267,DEV86007858,linux_desktop,0.09928121347223225,NG,GB,True,2,True,243.8083517090834,6,1,4.1,440,agent_assisted,basic_document,super_prime,47.51,38,1,0,0.1641006262769582,0.7530050290529644,False,False,0,1,2,CLUSTER3946,3,2.76392935842474,0.7668240387595259,0.9096530432690281,,,,,0,,0.20305147536796816,1,ai_phishing+account_takeover,social_engineering+access,text_generation+credential_stuffing_automation,0.834,True,synthetic
TXN606857798241,U4707626,2026-06-08 19:36:27,395.1,USD,p2p_transfer,digital_wallet,MID491893,6051,Crypto / Digital Currency,0.085,DEV11987816,windows_desktop,0.18187795619303668,PK,US,True,19,True,291.35144703141594,3,0,5.9,840,agent_assisted,in_branch_verified,near_prime,67.01,220,1,0,0.32553020049275905,0.7670667167382741,False,True,0,1,1,CLUSTER7433,2,1.062508170628939,0.9604495281431185,0.9561565439162123,,,,,0,,0.16924648854395283,1,ai_phishing+account_takeover,social_engineering+access,text_generation+credential_stuffing_automation,0.858,True,synthetic
TXN533049121877,U7026159,2026-07-19 22:13:15,149.34,USD,p2p_transfer,credit_card,MID442031,5921,Liquor Stores,0.289,DEV60371440,ios_mobile,0.09478358977737392,NG,SG,True,22,True,388.5790775250746,3,0,4.25,401,agent_assisted,in_branch_verified,near_prime,35.12,159,1,0,0.19989370109845395,0.7342252629819896,True,False,0,1,1,CLUSTER8702,3,0.28632532224314344,0.717325771770565,0.8343439111162795,,,,,0,,0.05612027411360743,1,ai_phishing+account_takeover,social_engineering+access,text_generation+credential_stuffing_automation,0.94,True,synthetic
TXN160565689989,U9070345,2026-08-14 11:43:24,142.57,USD,p2p_transfer,credit_card,MID365453,5941,Sporting Goods,0.192,DEV85648579,mac_desktop,0.16876171491732414,NG,CA,True,11,False,205.4305812394323,6,0,20.21,167,api_partner_onboarding,unverified,subprime,15.07,110,2,0,0.5937950884703787,0.7574637070356028,False,False,0,1,2,CLUSTER5394,2,0.21212823136530445,0.8036561052483864,0.7562906068654595,,,,,0,,0.22792261019660265,1,ai_phishing+account_takeover,social_engineering+access,text_generation+credential_stuffing_automation,0.886,True,synthetic
TXN314751477901,U2537353,2026-07-26 19:07:17,283.38,USD,p2p_transfer,prepaid_card,MID121403,8011,Healthcare,0.1,DEV36167612,windows_desktop,0.05198985882046249,VN,AU,True,19,False,462.4695871121522,7,1,8.84,197,agent_assisted,video_verified,near_prime,39.81,30,2,1,0.633123085837979,0.8098121113842837,True,False,1,1,1,CLUSTER6640,3,2.0916115433505786,0.7730800482313165,0.7510536264230355,,,,,0,,0.06852911490416412,1,ai_phishing+account_takeover,social_engineering+access,text_generation+credential_stuffing_automation,0.871,True,synthetic
TXN722142137025,U6146524,2026-08-12 21:28:14,440.97,USD,p2p_transfer,debit_card,MID190348,6011,ATM / Cash Disbursement,0.126,DEV33346467,mac_desktop,0.09857146101630393,ID,GB,True,21,True,301.72991100477543,5,2,22.79,176,in_branch,video_verified,near_prime,19.35,86,1,0,0.39006339728589656,0.9050794293953484,True,False,0,1,1,CLUSTER2354,2,0.782540752820073,0.710343255147316,0.9103726170909641,,,,,0,,0.03127451502911387,1,ai_phishing+account_takeover,social_engineering+access,text_generation+credential_stuffing_automation,0.891,True,synthetic
TXN857104695908,U7929617,2026-08-07 16:04:54,189.37,USD,p2p_transfer,upi,MID720443,4111,Transit / Transportation,0.421,DEV63302642,mac_desktop,0.05772467415927132,RU,US,True,16,True,374.3252059014026,8,0,1.5,60,web_remote,video_verified,subprime,126.65,275,1,0,0.38463816875843815,0.8175833584148908,False,True,0,1,1,CLUSTER6913,3,0.6372002707971355,0.8018283955400877,0.8566937963366383,,,,,0,,0.024426547959937272,1,ai_phishing+account_takeover,social_engineering+access,text_generation+credential_stuffing_automation,0.864,True,synthetic
TXN317744859322,U6877747,2026-06-11 02:43:48,397.29,USD,p2p_transfer,prepaid_card,MID827034,6051,Crypto / Digital Currency,0.11,DEV27367231,linux_desktop,0.09215901872031358,BD,SE,True,2,False,242.66768064101103,6,1,12.69,384,in_branch,in_branch_verified,subprime,31.31,260,2,0,0.14440150822766487,0.8191606806797899,True,False,0,1,2,CLUSTER3131,1,2.274809123012851,0.9637492301367762,0.8660525741618625,,,,,0,,0.07103458915480713,1,ai_phishing+account_takeover,social_engineering+access,text_generation+credential_stuffing_automation,0.894,True,synthetic
TXN483830550243,U6184596,2026-07-23 23:10:24,161.75,USD,card_not_present_online,bank_transfer,MID871127,7995,Betting / Gambling,0.21,DEV34333169,android_mobile,0.17954993176752312,BD,SE,True,23,False,296.99730510425366,4,0,8.09,538,mobile_app_remote,video_verified,near_prime,37.84,18,2,0,0.7817282168532294,0.7779242652475771,True,True,0,1,1,CLUSTER6119,1,1.3490719204593895,0.850101404092908,0.9107316647568366,,,,,0,,0.17757323092210314,1,ai_phishing+account_takeover,social_engineering+access,text_generation+credential_stuffing_automation,0.866,True,synthetic
TXN278514006212,U3099396,2026-07-18 16:52:10,573.79,USD,p2p_transfer,debit_card,MID673751,4829,Money Transfer,0.14,DEV23894328,ios_mobile,0.14023575189243415,BD,NL,True,16,False,553.7984201319708,4,1,6.24,804,mobile_app_remote,video_verified,prime,92.01,69,1,2,0.38959753322497603,0.8995976030953234,True,False,0,1,1,CLUSTER4324,1,2.4134844927286743,0.8313247955681037,0.977008296577977,,,,,0,,0.2874607285945815,1,ai_phishing+account_takeover,social_engineering+access,text_generation+credential_stuffing_automation,0.948,True,synthetic
TXN520737286695,U6341219,2026-08-07 01:06:50,322.13,USD,p2p_transfer,debit_card,MID575159,7995,Betting / Gambling,0.111,DEV78629567,mac_desktop,0.04796200892237765,NG,SE,True,1,False,77.36754477408493,6,2,4.37,701,in_branch,in_branch_verified,near_prime,40.82,149,2,0,0.7794766108390915,0.9302059389107767,True,False,0,1,1,CLUSTER1575,2,1.8908968504064552,0.9650624954396387,0.843301866956222,,,,,0,,0.15424307111583138,1,ai_phishing+account_takeover,social_engineering+access,text_generation+credential_stuffing_automation,0.963,True,synthetic
TXN636483935165,U3690496,2026-08-17 13:05:55,461.9,USD,p2p_transfer,prepaid_card,MID431888,4829,Money Transfer,0.362,DEV95847804,mac_desktop,0.11608110739286333,RU,GB,True,13,True,315.26467786360587,4,1,15.5,842,web_remote,in_branch_verified,near_prime,18.27,130,1,0,0.8087789754948296,0.7322227900817712,True,False,0,1,1,CLUSTER8110,3,2.7318673712583363,0.8641640587094376,0.8682970654422525,,,,,0,,0.21100422627868945,1,ai_phishing+account_takeover,social_engineering+access,text_generation+credential_stuffing_automation,0.974,True,synthetic
TXN309816945797,U1482427,2026-07-19 08:36:21,117.46,USD,card_not_present_online,upi,MID419983,5732,Electronics Stores,0.39,DEV15681736,ios_mobile,0.025743110883375376,ID,CA,True,8,False,95.11537929609685,5,0,2.92,440,agent_assisted,basic_document,subprime,63.04,52,1,0,0.848548859802154,0.9351480366561801,False,False,0,1,1,CLUSTER6992,1,1.927477947537489,0.9322744811155109,0.9462323682354061,,,,,0,,0.06916397360592265,1,ai_phishing+account_takeover,social_engineering+access,text_generation+credential_stuffing_automation,0.929,True,synthetic
TXN813296115852,U9444933,2026-07-24 09:53:25,540.36,USD,card_not_present_online,prepaid_card,MID216454,6011,ATM / Cash Disbursement,0.07,DEV47319504,linux_desktop,0.06796730327964104,PK,NL,True,9,False,338.6214209498351,3,1,7.73,523,api_partner_onboarding,video_verified,subprime,40.65,297,1,0,0.7567437956927723,0.7567193313309188,True,False,0,1,1,CLUSTER8278,2,1.762690156587733,0.7400669558659437,0.8457402861135934,,,,,0,,0.024029146312975314,1,ai_phishing+account_takeover,social_engineering+access,text_generation+credential_stuffing_automation,0.925,True,synthetic
TXN154303317430,U4287107,2026-07-25 23:04:21,159.62,USD,card_not_present_online,bank_transfer,MID405380,6012,Financial Institutions - Merchandise/Services,0.159,DEV48955020,linux_desktop,0.1927563046306821,VN,NL,True,23,True,314.10458100348563,4,1,4.15,538,mobile_app_remote,unverified,near_prime,38.46,116,2,2,0.23892043481108266,0.8089425880732135,True,False,0,1,1,CLUSTER1677,3,0.7076336111325422,0.8290485959788751,0.8740724430248296,,,,,0,,0.2994411465592851,1,ai_phishing+account_takeover,social_engineering+access,text_generation+credential_stuffing_automation,0.901,True,synthetic
TXN386487921202,U4989175,2026-07-20 15:59:03,162.2,USD,card_not_present_online,bank_transfer,MID315846,5964,Direct Marketing / Catalog,0.119,DEV38469405,windows_desktop,0.03045854208244802,ID,SG,True,15,True,530.2325134110763,2,0,7.24,361,api_partner_onboarding,video_verified,subprime,31.05,235,1,0,0.6207563947396669,0.8249022931684533,True,False,0,1,2,CLUSTER7053,3,2.2943309411639343,0.7230402240764008,0.7661272223010137,,,,,0,,0.19415198157301933,1,ai_phishing+account_takeover,social_engineering+access,text_generation+credential_stuffing_automation,0.923,True,synthetic
TXN492816412734,U7038840,2026-07-20 13:58:40,504.37,USD,card_not_present_online,prepaid_card,MID227335,5812,Restaurants,0.121,DEV33859485,mac_desktop,0.042422249694321026,VN,DE,True,13,False,224.20236467641163,3,1,9.04,293,in_branch,video_verified,super_prime,55.8,88,2,0,0.34674357027131864,0.926823520768112,True,False,0,1,1,CLUSTER6714,2,0.9825949025126628,0.7621905955814985,0.9261788622390346,,,,,0,,0.15498326127579637,1,ai_phishing+account_takeover,social_engineering+access,text_generation+credential_stuffing_automation,0.867,True,synthetic
TXN491501369541,U6860798,2026-08-11 11:26:12,463.28,USD,card_not_present_online,digital_wallet,MID168462,5541,Fuel / Gas Stations,0.3,DEV79052718,linux_desktop,0.10829871177863545,NG,JP,True,11,False,361.8436355798131,5,1,12.31,97,mobile_app_remote,video_verified,subprime,37.63,31,2,1,0.26278936773929623,0.7830376860534844,False,False,0,1,2,CLUSTER5359,2,2.2536112561972055,0.728721840456881,0.7715003421414242,,,,,0,,0.15138082253630883,1,ai_phishing+account_takeover,social_engineering+access,text_generation+credential_stuffing_automation,0.86,True,synthetic
TXN702641097442,U5667377,2026-06-14 16:23:54,529.49,USD,p2p_transfer,upi,MID436199,5311,Department Stores,0.097,DEV57845103,mac_desktop,0.08193493542090009,PK,US,True,16,True,592.9377732645645,6,0,0.84,116,in_branch,unverified,subprime,231.68,77,2,2,0.5846836172864787,0.7411876490622353,True,False,0,1,2,CLUSTER3417,2,0.2999628886300738,0.7738208225387738,0.7840431549226211,,,,,0,,0.014575418729268751,1,ai_phishing+account_takeover,social_engineering+access,text_generation+credential_stuffing_automation,0.952,True,synthetic
TXN527324869364,U5257871,2026-06-08 22:03:16,482.88,USD,card_not_present_online,digital_wallet,MID769149,5941,Sporting Goods,0.08,DEV17017546,android_mobile,0.15218511513293465,EG,US,True,22,False,248.52526894893987,7,0,6.45,828,agent_assisted,unverified,prime,30.72,231,1,1,0.8384797267433349,0.9762125055960397,True,False,0,1,2,CLUSTER5679,2,0.21944146689982236,0.9503099747832151,0.8459400881311695,,,,,0,,0.21971436217057735,1,ai_phishing+account_takeover,social_engineering+access,text_generation+credential_stuffing_automation,0.912,True,synthetic
TXN402711175289,U9149123,2026-07-25 03:51:41,185.35,USD,card_not_present_online,debit_card,MID716470,5661,Shoe Stores,0.266,DEV53174743,ios_mobile,0.08754495154976706,PK,AU,True,3,False,476.8528885516234,5,0,1.56,770,agent_assisted,video_verified,subprime,119.18,58,2,0,0.3350787990657609,0.7208755069660161,True,False,0,1,2,CLUSTER3076,2,2.8007223320804706,0.8240734069012466,0.8668121274905479,,,,,0,,0.1913196069030238,1,ai_phishing+account_takeover,social_engineering+access,text_generation+credential_stuffing_automation,0.865,True,synthetic
TXN525168447591,U8529561,2026-06-30 12:52:06,209.93,USD,p2p_transfer,credit_card,MID509983,7995,Betting / Gambling,0.11,DEV31015697,android_mobile,0.1328760207382533,EG,AU,True,12,False,597.6045070265783,8,1,3.62,622,in_branch,unverified,thin_file,57.95,202,1,1,0.29574349487248963,0.819120040734265,True,False,0,1,2,CLUSTER7324,2,0.9657684213592043,0.8812552055333125,0.9600752869787104,,,,,0,,0.06296215107860137,1,ai_phishing+account_takeover,social_engineering+access,text_generation+credential_stuffing_automation,0.867,True,synthetic
TXN638860750797,U0692319,2026-07-02 18:03:13,230.65,USD,p2p_transfer,bank_transfer,MID173939,7995,Betting / Gambling,0.129,DEV38723144,windows_desktop,0.06830906842148633,ID,US,True,18,True,531.7201738381725,7,0,3.87,191,api_partner_onboarding,video_verified,subprime,94.46,223,2,0,0.7405480535123049,0.9763171843134161,True,False,0,1,2,CLUSTER2211,2,1.239394117154115,0.7691122601323787,0.8282390478335526,,,,,0,,0.05374172661361389,1,ai_phishing+account_takeover,social_engineering+access,text_generation+credential_stuffing_automation,0.911,True,synthetic
TXN840776531769,U6870701,2026-07-27 07:00:33,699.95,USD,card_not_present_online,credit_card,MID221569,5921,Liquor Stores,0.211,DEV98170191,ios_mobile,0.18755480670373995,BD,US,True,7,False,53.74629728351805,8,0,23.14,669,mobile_app_remote,unverified,near_prime,19.27,284,1,0,0.8133909957664907,0.821769721459463,True,False,0,1,1,CLUSTER7009,3,2.758101564715619,0.9417746544330936,0.9884884123001132,,,,,0,,0.2160709965106686,1,ai_phishing+account_takeover,social_engineering+access,text_generation+credential_stuffing_automation,0.913,True,synthetic
TXN385247608565,U3862456,2026-08-07 07:51:06,767.96,USD,card_not_present_online,prepaid_card,MID760835,8011,Healthcare,0.199,DEV70607486,ios_mobile,0.12346220173127984,PK,NL,True,7,True,223.70492800453272,6,0,21.98,307,agent_assisted,basic_document,prime,34.94,203,1,2,0.20510288591957546,0.8075586123975851,True,False,0,1,2,CLUSTER9806,2,1.4297374584786384,0.8123660681749867,0.8700414576727229,,,,,0,,0.00233547727734672,1,ai_phishing+account_takeover,social_engineering+access,text_generation+credential_stuffing_automation,0.885,True,synthetic
TXN942527209613,U1610888,2026-07-24 16:42:30,374.58,USD,card_not_present_online,digital_wallet,MID875052,5541,Fuel / Gas Stations,0.127,DEV83802770,android_mobile,0.18263493170341596,EG,JP,True,16,False,507.36997864740295,4,2,1.24,97,mobile_app_remote,basic_document,near_prime,76.93,236,2,0,0.5796121341209156,0.8451137928910357,False,False,0,1,2,CLUSTER6962,2,0.1079614811376377,0.907403533852275,0.8649386946219422,,,,,0,,0.09910541434806637,1,ai_phishing+account_takeover,social_engineering+access,text_generation+credential_stuffing_automation,0.904,True,synthetic
TXN766581980625,U3308131,2026-08-03 12:18:40,263.68,USD,p2p_transfer,bank_transfer,MID192288,5732,Electronics Stores,0.048,DEV81034386,windows_desktop,0.1989475903895046,PK,AU,True,12,False,555.2189110368312,2,1,3.83,829,agent_assisted,in_branch_verified,subprime,131.68,262,1,1,0.7295775613949114,0.8984587517442115,False,False,0,1,2,CLUSTER8366,3,1.6729783334202937,0.7744704891242044,0.9171216791316662,,,,,0,,0.21539543841919356,1,ai_phishing+account_takeover,social_engineering+access,text_generation+credential_stuffing_automation,0.943,True,synthetic
TXN406958383299,U6708474,2026-08-19 10:58:07,499.32,USD,card_not_present_online,upi,MID363457,5541,Fuel / Gas Stations,0.308,DEV32944137,windows_desktop,0.11910078328217726,RU,CA,True,10,False,584.6377854007131,4,3,11.73,533,in_branch,video_verified,near_prime,42.55,189,2,0,0.2590607692462402,0.8684459059011294,True,True,0,1,2,CLUSTER6197,2,0.16229985943206748,0.7974405072308,0.8264165490045602,,,,,0,,0.09305199329929646,1,ai_phishing+account_takeover,social_engineering+access,text_generation+credential_stuffing_automation,0.928,True,synthetic
TXN334838950789,U1108958,2026-06-25 05:02:57,235.15,USD,p2p_transfer,upi,MID610638,7995,Betting / Gambling,0.106,DEV44119075,ios_mobile,0.14956467854317876,NG,DE,True,5,True,597.9384700238016,6,0,6.82,727,agent_assisted,video_verified,prime,35.03,183,2,0,0.7887711624218073,0.8359931673753829,True,False,0,1,1,CLUSTER6185,3,0.6366231477574327,0.8201548636824884,0.9514975576620591,,,,,0,,0.22802354131935765,1,ai_phishing+account_takeover,social_engineering+access,text_generation+credential_stuffing_automation,0.903,True,synthetic
TXN636474582384,U0123766,2026-06-17 07:02:52,299.28,USD,p2p_transfer,credit_card,MID399774,5967,Direct Marketing / Adult,0.2,DEV18842110,ios_mobile,0.05873163769205007,PK,SE,True,7,True,285.16401916755314,5,1,4.39,286,web_remote,in_branch_verified,subprime,35.87,87,1,0,0.7764178157893561,0.9065898212137276,True,False,0,1,1,CLUSTER9437,3,0.37418893636843953,0.7501428905039811,0.9352991425323767,,,,,0,,0.12584614908945674,1,ai_phishing+account_takeover,social_engineering+access,text_generation+credential_stuffing_automation,0.916,True,synthetic
TXN538860251556,U8266694,2026-06-09 00:06:25,192.25,USD,p2p_transfer,prepaid_card,MID647902,5967,Direct Marketing / Adult,0.186,DEV39445509,linux_desktop,0.1195035979602131,EG,AU,True,0,True,30.220869960350385,2,3,3.53,345,agent_assisted,in_branch_verified,subprime,54.5,127,1,1,0.17052711666747705,0.7669372392746463,True,False,0,1,2,CLUSTER8848,3,2.353942805219252,0.866741465488313,0.8308837480021738,,,,,0,,0.2712782595697963,1,ai_phishing+account_takeover,social_engineering+access,text_generation+credential_stuffing_automation,0.845,True,synthetic
TXN855510965413,U1845659,2026-08-28 02:30:44,305.28,USD,p2p_transfer,upi,MID119042,5661,Shoe Stores,0.091,DEV77788668,mac_desktop,0.14896123618768836,ID,JP,True,2,True,57.58261107380202,2,2,14.11,544,agent_assisted,in_branch_verified,near_prime,21.64,69,2,0,0.28095640181344034,0.8457145007500776,True,True,0,1,2,CLUSTER9179,3,2.4237230925915783,0.8822015142683484,0.7692922009465183,,,,,0,,0.027164901835490717,1,ai_phishing+account_takeover,social_engineering+access,text_generation+credential_stuffing_automation,0.97,True,synthetic
TXN521751351043,U0775577,2026-07-13 06:21:27,141.36,USD,p2p_transfer,prepaid_card,MID631569,6300,Insurance,0.136,DEV62153203,linux_desktop,0.1924729613180943,PK,US,True,6,False,336.01973773821584,2,1,5.21,375,mobile_app_remote,unverified,near_prime,27.13,234,2,0,0.3952340753565241,0.8249626448315646,True,False,0,1,2,CLUSTER1562,3,2.7056943308408288,0.872641985984438,0.8004058119791505,,,,,0,,0.26778477277116375,1,ai_phishing+account_takeover,social_engineering+access,text_generation+credential_stuffing_automation,0.929,True,synthetic
TXN964118086758,U7368270,2026-07-27 07:11:33,194.79,USD,p2p_transfer,bank_transfer,MID759711,4111,Transit / Transportation,0.154,DEV23788377,mac_desktop,0.19737936428028133,BD,JP,True,7,True,34.74910176107795,5,1,2.98,736,in_branch,unverified,subprime,49.7,93,1,2,0.826457714865025,0.7269475946186407,True,False,0,1,2,CLUSTER9234,2,1.1349796649494108,0.8978218587066591,0.9584943607267175,,,,,0,,0.1260696120617084,1,ai_phishing+account_takeover,social_engineering+access,text_generation+credential_stuffing_automation,0.946,True,synthetic
TXN460563702084,U3046862,2026-08-10 06:38:30,458.29,USD,p2p_transfer,bank_transfer,MID615001,6300,Insurance,0.052,DEV88557891,mac_desktop,0.18470815108092087,BD,CA,True,6,False,324.94718664244556,7,0,3.33,250,in_branch,unverified,prime,137.45,155,2,0,0.12698294242071032,0.7886816394066118,True,False,0,1,2,CLUSTER9855,3,2.3600782298135257,0.7672446756248936,0.7521887692934638,,,,,0,,0.06509810285230022,1,ai_phishing+account_takeover,social_engineering+access,text_generation+credential_stuffing_automation,0.941,True,synthetic
TXN961470547566,U0459075,2026-07-08 16:05:01,489.17,USD,card_not_present_online,credit_card,MID794789,6051,Crypto / Digital Currency,0.134,DEV33197082,ios_mobile,0.020910322866605137,ID,GB,True,16,False,95.49526551167354,2,3,7.07,318,web_remote,unverified,subprime,44.72,114,1,1,0.6885470596758553,0.8240255274760656,True,False,0,1,1,CLUSTER5885,1,0.7942794340898366,0.7014633362969581,0.9498829269047799,,,,,0,,0.07584302817954126,1,ai_phishing+account_takeover,social_engineering+access,text_generation+credential_stuffing_automation,0.882,True,synthetic
TXN550441718685,U3613072,2026-07-06 00:51:07,354.15,USD,p2p_transfer,bank_transfer,MID610688,5967,Direct Marketing / Adult,0.112,DEV59318857,mac_desktop,0.1385873624667303,VN,CA,True,0,False,447.2680754550419,5,0,65.55,678,api_partner_onboarding,basic_document,prime,10.05,194,1,0,0.8124998738084175,0.8734675107451775,True,False,0,1,2,CLUSTER4746,1,1.8446005623997945,0.9416445637583146,0.9792426027888876,,,,,0,,0.22107338733351026,1,ai_phishing+account_takeover,social_engineering+access,text_generation+credential_stuffing_automation,0.925,True,synthetic
TXN190343586849,U8564863,2026-06-01 18:28:38,302.16,USD,card_not_present_online,bank_transfer,MID136009,7011,Hotels / Lodging,0.237,DEV97709839,ios_mobile,0.10516875191855188,RU,JP,True,18,False,61.439508996402566,4,3,9.16,765,api_partner_onboarding,unverified,thin_file,52.11,292,1,0,0.7279876428824443,0.7594903058538132,True,False,0,1,2,CLUSTER2664,2,1.673491634299467,0.7912457067401844,0.9752387867655179,,,,,0,,0.18520241007044871,1,ai_phishing+account_takeover,social_engineering+access,text_generation+credential_stuffing_automation,0.974,True,synthetic
TXN682095662100,U3142667,2026-07-26 22:39:53,141.89,USD,card_not_present_online,upi,MID171746,4899,Cable / Streaming Services,0.393,DEV54277621,ios_mobile,0.12598588985496068,VN,GB,True,22,True,393.1465451684951,2,2,3.0,266,web_remote,unverified,prime,89.8,181,1,0,0.8396114273889276,0.9589342254361788,True,False,0,1,1,CLUSTER6873,1,1.0654830448716774,0.7906773721930012,0.9186312992883343,,,,,0,,0.28224142311813993,1,ai_phishing+account_takeover,social_engineering+access,text_generation+credential_stuffing_automation,0.906,True,synthetic
TXN415158348452,U6696861,2026-07-08 03:09:51,256.16,USD,p2p_transfer,bank_transfer,MID740037,4899,Cable / Streaming Services,0.259,DEV72950869,android_mobile,0.12349844886619117,EG,AU,True,3,False,483.0753811241542,7,0,10.96,166,in_branch,unverified,near_prime,21.42,146,2,0,0.5714245063777021,0.8930724529881677,True,False,0,1,2,CLUSTER1776,2,2.334074815055078,0.8773598848369987,0.8934713087324153,,,,,0,,0.12975498162916493,1,ai_phishing+account_takeover,social_engineering+access,text_generation+credential_stuffing_automation,0.909,True,synthetic
TXN630418686809,U3499918,2026-07-08 12:56:12,549.23,USD,card_not_present_online,digital_wallet,MID426170,5964,Direct Marketing / Catalog,0.309,DEV40087847,ios_mobile,0.12297322589640443,EG,NL,True,12,True,274.3901567224864,2,2,12.36,803,web_remote,basic_document,prime,35.17,15,1,0,0.7232115402587636,0.8630965584625248,True,False,0,1,2,CLUSTER4705,3,1.1675950064827256,0.7625271050797442,0.9713367810639607,,,,,0,,0.0728068177326183,1,ai_phishing+account_takeover,social_engineering+access,text_generation+credential_stuffing_automation,0.964,True,synthetic
TXN364035566715,U6674658,2026-06-13 07:42:28,611.14,USD,p2p_transfer,prepaid_card,MID890797,4722,Travel Agencies,0.03,DEV56779399,windows_desktop,0.17816776519154126,RU,JP,True,7,False,411.4812916207304,8,1,29.65,587,mobile_app_remote,in_branch_verified,prime,20.61,14,1,0,0.25225290546999957,0.9383459487922847,True,False,0,1,2,CLUSTER9579,3,0.3113461958873138,0.8480119274485965,0.7563879979236353,,,,,0,,0.20450068735942983,1,ai_phishing+account_takeover,social_engineering+access,text_generation+credential_stuffing_automation,0.971,True,synthetic
TXN612700119725,U5202706,2026-06-20 23:44:29,346.67,USD,card_not_present_online,digital_wallet,MID194665,7011,Hotels / Lodging,0.286,DEV13427011,android_mobile,0.1567359329246015,PK,CA,True,23,False,208.22269815713037,6,0,18.24,836,web_remote,in_branch_verified,subprime,19.01,227,2,0,0.22181558939409757,0.7523037399409113,False,False,0,1,1,CLUSTER3859,2,0.9756085070492555,0.8281132194874694,0.95183547766989,,,,,0,,0.039462097035714495,1,ai_phishing+account_takeover,social_engineering+access,text_generation+credential_stuffing_automation,0.972,True,synthetic
TXN383472490842,U8137244,2026-06-07 11:12:58,176.82,USD,p2p_transfer,upi,MID341901,6011,ATM / Cash Disbursement,0.296,DEV58750882,linux_desktop,0.08320372784226868,RU,SG,True,11,True,372.4980530425276,7,2,2.5,310,mobile_app_remote,in_branch_verified,thin_file,70.64,185,1,0,0.31214412926596774,0.8949444396538684,True,False,0,1,2,CLUSTER1514,1,1.1376456279304623,0.8478151115319477,0.9096986295751929,,,,,0,,0.036757595402647614,1,ai_phishing+account_takeover,social_engineering+access,text_generation+credential_stuffing_automation,0.903,True,synthetic
TXN925192723486,U7175728,2026-06-22 21:50:32,434.34,USD,p2p_transfer,credit_card,MID925038,5732,Electronics Stores,0.062,DEV62312416,linux_desktop,0.038206163107133484,NG,US,True,21,False,550.6961197089828,7,0,12.55,761,web_remote,unverified,subprime,23.5,184,1,1,0.7178443876990303,0.7029429344197318,True,False,0,1,2,CLUSTER9275,2,1.867218692118749,0.8313751010564894,0.8208145161328084,,,,,0,,0.2759511408974258,1,ai_phishing+account_takeover,social_engineering+access,text_generation+credential_stuffing_automation,0.893,True,synthetic
TXN827385223169,U5234705,2026-07-24 13:03:21,225.35,USD,card_not_present_online,credit_card,MID176015,5691,Apparel,0.146,DEV32718717,windows_desktop,0.03981575670576613,BD,JP,True,13,False,264.0396855972481,8,1,16.24,124,in_branch,in_branch_verified,prime,13.88,79,1,0,0.16495542576351202,0.8588489219070957,True,False,0,1,1,CLUSTER4367,1,1.91588583043173,0.965321858242226,0.7600315520787355,,,,,0,,0.23882242750834282,1,ai_phishing+account_takeover,social_engineering+access,text_generation+credential_stuffing_automation,0.966,True,synthetic
TXN185140604030,U1101598,2026-06-21 11:26:18,304.7,USD,p2p_transfer,bank_transfer,MID739271,5411,Grocery Stores,0.205,DEV90213079,ios_mobile,0.1650766913046197,ID,SG,True,11,True,530.5222227059425,2,1,3.64,158,in_branch,unverified,subprime,60.15,71,2,0,0.7591243045770364,0.8558747104450997,False,True,0,1,1,CLUSTER3025,1,0.6543857864501165,0.8920450831142068,0.867348530696072,,,,,0,,0.17409263715489384,1,ai_phishing+account_takeover,social_engineering+access,text_generation+credential_stuffing_automation,0.971,True,synthetic
TXN297067077525,U7472164,2026-06-09 18:34:33,119.45,USD,card_not_present_online,digital_wallet,MID135369,5967,Direct Marketing / Adult,0.192,DEV98297325,mac_desktop,0.07616385361102734,RU,CA,True,18,False,292.0738034264681,2,0,11.0,226,agent_assisted,basic_document,thin_file,72.04,141,1,1,0.5624412031186883,0.9436976286659329,False,False,0,1,2,CLUSTER4649,2,1.6590399268695257,0.8669229865635038,0.8776864916722937,,,,,0,,0.03413187891256061,1,ai_phishing+account_takeover,social_engineering+access,text_generation+credential_stuffing_automation,0.973,True,synthetic
TXN441192728084,U8643341,2026-07-02 00:20:27,137.02,USD,card_not_present_online,prepaid_card,MID335248,5732,Electronics Stores,0.033,DEV51620881,windows_desktop,0.14346673052861902,NG,SG,True,0,False,484.0304292866092,5,3,4.85,249,mobile_app_remote,basic_document,near_prime,45.29,10,2,0,0.7057254373314794,0.9720820649159825,True,True,0,1,1,CLUSTER3571,1,0.23360052819624566,0.7384863364916097,0.8497699917667842,,,,,0,,0.2956527929285095,1,ai_phishing+account_takeover,social_engineering+access,text_generation+credential_stuffing_automation,0.914,True,synthetic
TXN220687659611,U9325152,2026-08-06 02:22:48,154.33,USD,card_not_present_online,digital_wallet,MID312978,4829,Money Transfer,0.142,DEV46886869,linux_desktop,0.19023661809760475,EG,GB,True,2,False,585.0180495168353,3,0,9.11,587,in_branch,unverified,thin_file,16.95,180,1,1,0.2801188705063256,0.7503252375334801,False,True,0,1,2,CLUSTER2185,2,1.6491547549249281,0.9418174117548415,0.8409717362233307,,,,,0,,0.14993416063784856,1,ai_phishing+account_takeover,social_engineering+access,text_generation+credential_stuffing_automation,0.913,True,synthetic
TXN397759385398,U9725442,2026-06-03 17:18:16,567.41,USD,card_not_present_online,digital_wallet,MID595159,5732,Electronics Stores,0.256,DEV57025173,linux_desktop,0.05275889975518508,NG,NL,True,17,False,314.46767071403764,3,0,18.37,131,in_branch,basic_document,prime,30.88,187,1,0,0.39116475960059816,0.7636355031271838,True,False,0,1,2,CLUSTER3116,3,0.7306742229426495,0.7562984158310198,0.8419823643088444,,,,,0,,0.11678869607979842,1,ai_phishing+account_takeover,social_engineering+access,text_generation+credential_stuffing_automation,0.974,True,synthetic
TXN245559008123,U4774923,2026-08-13 13:19:26,423.28,USD,card_not_present_online,bank_transfer,MID520462,7011,Hotels / Lodging,0.205,DEV32733977,mac_desktop,0.13030158974167308,PK,NL,True,13,True,300.59179931118297,8,1,4.32,475,agent_assisted,video_verified,prime,97.98,241,2,0,0.17002870586650692,0.7124661685799957,True,False,0,1,1,CLUSTER9972,2,1.5318371089817693,0.7708952941828291,0.8304885017929344,,,,,0,,0.23685281171260852,1,ai_phishing+account_takeover,social_engineering+access,text_generation+credential_stuffing_automation,0.973,True,synthetic
TXN976098076528,U6279910,2026-06-13 17:01:17,211.25,USD,card_not_present_online,upi,MID453721,5967,Direct Marketing / Adult,0.17,DEV91618183,android_mobile,0.03890274374923669,EG,AU,True,17,True,256.92845441107477,7,2,3.2,861,api_partner_onboarding,video_verified,subprime,65.95,250,1,1,0.1143118966886607,0.7044398175084676,True,True,0,1,2,CLUSTER2185,1,0.4358341936746567,0.905661122515025,0.9753301555224462,,,,,0,,0.11212642665775534,1,ai_phishing+account_takeover,social_engineering+access,text_generation+credential_stuffing_automation,0.986,True,synthetic
TXN317746491122,U6496201,2026-07-10 16:01:29,186.62,USD,card_not_present_online,prepaid_card,MID501882,6012,Financial Institutions - Merchandise/Services,0.138,DEV41921811,windows_desktop,0.09386212211636906,RU,SE,True,16,True,193.9724916352842,2,1,2.1,818,api_partner_onboarding,video_verified,thin_file,89.02,108,2,0,0.11380563744867293,0.8311477091991173,True,False,1,1,2,CLUSTER9279,1,2.138512398738728,0.816333971436006,0.9651851773406025,,,,,0,,0.1567376626261772,1,ai_phishing+account_takeover,social_engineering+access,text_generation+credential_stuffing_automation,0.956,True,synthetic
TXN136568004983,U2545658,2026-07-05 12:15:17,535.01,USD,card_not_present_online,debit_card,MID794622,7995,Betting / Gambling,0.046,DEV20240971,android_mobile,0.058904260251400206,EG,NL,True,12,False,351.5132093089332,4,3,22.04,408,mobile_app_remote,unverified,subprime,24.27,222,2,0,0.3272762922205986,0.937774603404349,True,False,0,1,2,CLUSTER7946,1,2.7817241235043126,0.7640700243776976,0.9544523810217802,,,,,0,,0.2896655408453654,1,ai_phishing+account_takeover,social_engineering+access,text_generation+credential_stuffing_automation,0.97,True,synthetic
TXN385985394843,U8605677,2026-06-15 08:15:28,476.83,USD,p2p_transfer,bank_transfer,MID129795,4722,Travel Agencies,0.488,DEV82040402,mac_desktop,0.06866399377475503,BD,SG,True,8,False,166.54199981409874,5,0,2.33,173,mobile_app_remote,basic_document,subprime,29.76,139,2,0,0.6092023487130974,0.7974944375078455,True,False,0,1,1,CLUSTER7237,1,2.180643687203574,0.899349439838677,0.8230337188036343,,,,,0,,0.20787295805587686,1,ai_phishing+account_takeover,social_engineering+access,text_generation+credential_stuffing_automation,0.954,True,synthetic
TXN882159733327,U8614950,2026-07-18 09:26:52,267.09,USD,card_not_present_online,prepaid_card,MID104793,7995,Betting / Gambling,0.13,DEV49659985,mac_desktop,0.08876688536553153,VN,DE,True,9,True,566.8339149804624,7,0,4.44,652,in_branch,unverified,thin_file,29.25,213,2,0,0.6072858984795341,0.8576862239826077,True,True,0,1,1,CLUSTER3536,1,1.5827579103897678,0.918211220377898,0.7524978152523559,,,,,0,,0.03421012901907698,1,ai_phishing+account_takeover,social_engineering+access,text_generation+credential_stuffing_automation,0.911,True,synthetic
TXN920165807558,U5571456,2026-08-26 18:54:45,194.51,USD,p2p_transfer,debit_card,MID646126,4899,Cable / Streaming Services,0.383,DEV15917923,windows_desktop,0.022813922039435167,VN,US,True,18,True,164.7005797938903,2,2,15.63,641,mobile_app_remote,basic_document,near_prime,16.54,156,1,1,0.7453842145651774,0.9054454313881518,True,False,0,1,2,CLUSTER3125,3,1.9918396414078188,0.755443017611778,0.8596467864644834,,,,,0,,0.0373608851654329,1,ai_phishing+account_takeover,social_engineering+access,text_generation+credential_stuffing_automation,0.96,True,synthetic
TXN663135979849,U3288321,2026-08-23 02:55:40,456.96,USD,card_not_present_online,digital_wallet,MID615667,6012,Financial Institutions - Merchandise/Services,0.238,DEV60684583,linux_desktop,0.14020991467697919,EG,NL,True,2,False,54.104016083299,3,0,7.88,619,agent_assisted,unverified,prime,58.0,203,1,0,0.13857881454947316,0.7470369082748977,True,True,0,1,1,CLUSTER5548,1,1.5415661351691923,0.87834991897243,0.8318358183258154,,,,,0,,0.12951173292545845,1,ai_phishing+account_takeover,social_engineering+access,text_generation+credential_stuffing_automation,0.98,True,synthetic
TXN196640600416,U8429231,2026-07-25 20:13:09,315.66,USD,p2p_transfer,upi,MID208224,6051,Crypto / Digital Currency,0.238,DEV54640121,windows_desktop,0.19131469859534792,PK,CA,True,20,False,347.611152735055,4,0,10.07,587,in_branch,in_branch_verified,super_prime,53.27,155,1,1,0.8471932153847086,0.8238214333116831,True,False,0,1,2,CLUSTER2735,3,1.704467237980849,0.8466827376113379,0.792843113763099,,,,,0,,0.09869827074851069,1,ai_phishing+account_takeover,social_engineering+access,text_generation+credential_stuffing_automation,0.951,True,synthetic
TXN726527289062,U1353524,2026-07-15 13:19:38,116.3,USD,p2p_transfer,upi,MID470926,6011,ATM / Cash Disbursement,0.074,DEV96486038,windows_desktop,0.029029704318308897,RU,CA,True,13,False,524.696219040263,2,2,4.0,823,agent_assisted,video_verified,thin_file,29.07,184,1,0,0.23591151644078628,0.8107537131036164,True,False,0,1,1,CLUSTER1271,2,2.360012199122022,0.8472047772177043,0.8798394110516305,,,,,0,,0.1281024470961376,1,ai_phishing+account_takeover,social_engineering+access,text_generation+credential_stuffing_automation,0.901,True,synthetic
TXN849210391011,U7050206,2026-07-14 12:53:56,176.38,USD,p2p_transfer,upi,MID607210,5732,Electronics Stores,0.143,DEV54258663,windows_desktop,0.10823211402108188,EG,NL,True,12,True,78.66085677792253,3,1,5.04,125,web_remote,basic_document,subprime,34.98,86,1,0,0.26201359358378484,0.7765296137284274,False,False,0,1,1,CLUSTER2975,3,2.1381678022485957,0.9148836478585716,0.882251704457754,,,,,0,,0.023924667009170886,1,ai_phishing+account_takeover,social_engineering+access,text_generation+credential_stuffing_automation,0.956,True,synthetic
TXN876716923731,U4792673,2026-08-04 23:30:44,530.24,USD,p2p_transfer,digital_wallet,MID399894,5732,Electronics Stores,0.08,DEV69082234,mac_desktop,0.1938945364466531,PK,AU,True,23,False,280.7100863915422,5,1,2.93,115,in_branch,in_branch_verified,thin_file,181.18,244,1,0,0.22744293829805282,0.8628595887422041,True,False,0,1,2,CLUSTER4628,2,0.8943060101142507,0.8965605383826171,0.8978965549211864,,,,,0,,0.056896813913253796,1,ai_phishing+account_takeover,social_engineering+access,text_generation+credential_stuffing_automation,0.946,True,synthetic
TXN315859699012,U9393049,2026-06-10 06:13:18,352.38,USD,card_not_present_online,debit_card,MID264758,4829,Money Transfer,0.113,DEV69864275,windows_desktop,0.09674307453845549,ID,SE,True,6,False,458.7087553480748,2,2,11.05,97,web_remote,in_branch_verified,subprime,31.88,243,2,0,0.3641737988573097,0.9407302411988047,True,False,0,1,2,CLUSTER9523,2,0.4646942554148329,0.9108900190488176,0.8712248972742873,,,,,0,,0.02776902595760916,1,ai_phishing+account_takeover,social_engineering+access,text_generation+credential_stuffing_automation,0.822,True,synthetic
TXN804418353989,U7439068,2026-08-08 05:18:42,154.51,USD,p2p_transfer,bank_transfer,MID441706,5964,Direct Marketing / Catalog,0.195,DEV65485177,ios_mobile,0.06269950137877671,NG,US,True,5,False,236.38808124242863,7,0,9.38,273,web_remote,unverified,near_prime,24.91,255,2,1,0.7720465980273552,0.8794397825919373,True,False,0,1,2,CLUSTER1118,3,2.1053585436776316,0.7461053159622303,0.9226984501997345,,,,,0,,0.27185635497325983,1,ai_phishing+account_takeover,social_engineering+access,text_generation+credential_stuffing_automation,0.912,True,synthetic
TXN294093287525,U1990236,2026-08-15 03:50:21,352.71,USD,card_not_present_online,prepaid_card,MID777780,5812,Restaurants,0.111,DEV47394115,ios_mobile,0.11894177808581631,PK,SG,True,3,False,260.3939697921372,6,1,15.48,730,agent_assisted,in_branch_verified,prime,29.99,222,1,0,0.7785661762147302,0.9382192101646177,True,False,0,1,2,CLUSTER8420,3,0.36812428170048406,0.8118291697739091,0.8447200229175434,,,,,0,,0.28059834501169223,1,ai_phishing+account_takeover,social_engineering+access,text_generation+credential_stuffing_automation,0.975,True,synthetic
TXN868831299010,U7755452,2026-07-16 18:27:34,298.95,USD,p2p_transfer,digital_wallet,MID198436,6051,Crypto / Digital Currency,0.095,DEV20235300,android_mobile,0.04673141155403719,RU,JP,True,18,False,598.6924898960616,6,3,7.51,112,agent_assisted,video_verified,near_prime,64.25,267,1,0,0.6038343840193366,0.8471294580870765,True,False,0,1,1,CLUSTER5134,3,1.9570502143920003,0.9489280456860102,0.7659632692892737,,,,,0,,0.23812270462086857,1,ai_phishing+account_takeover,social_engineering+access,text_generation+credential_stuffing_automation,0.962,True,synthetic
TXN675307098839,U5017562,2026-07-24 18:14:31,278.3,USD,p2p_transfer,credit_card,MID697190,5411,Grocery Stores,0.158,DEV23703767,mac_desktop,0.03827098897895502,PK,NL,True,18,False,182.92881330232012,2,0,23.23,872,web_remote,in_branch_verified,subprime,11.98,141,2,1,0.19677910576739072,0.7609465143646679,True,False,1,1,2,CLUSTER3589,1,2.0489068414063984,0.9229247228316061,0.9291525094131312,,,,,0,,0.17151006675734756,1,ai_phishing+account_takeover,social_engineering+access,text_generation+credential_stuffing_automation,0.86,True,synthetic
TXN560166399124,U0903034,2026-08-14 15:05:07,261.88,USD,card_not_present_online,digital_wallet,MID170753,7011,Hotels / Lodging,0.25,DEV20960361,windows_desktop,0.1694038790893999,PK,AU,True,15,True,209.80371045996802,2,2,4.34,370,api_partner_onboarding,in_branch_verified,thin_file,60.33,96,1,0,0.3424393706255233,0.7227682675161367,True,False,0,1,2,CLUSTER5174,3,1.1987332409001445,0.8845515342137741,0.8621133758464341,,,,,0,,0.2739281747225312,1,ai_phishing+account_takeover,social_engineering+access,text_generation+credential_stuffing_automation,0.849,True,synthetic
TXN875481013130,U6987264,2026-08-17 19:02:50,116.83,USD,p2p_transfer,credit_card,MID679800,5812,Restaurants,0.162,DEV92156760,windows_desktop,0.07508621626151227,EG,SG,True,19,False,181.61738423895187,5,1,19.83,257,in_branch,video_verified,prime,9.23,9,1,1,0.8167364011738331,0.7495572838391262,False,False,0,1,1,CLUSTER2492,1,0.2786713617902097,0.8294051789030121,0.7714439959924424,,,,,0,,0.1500245432843592,1,ai_phishing+account_takeover,social_engineering+access,text_generation+credential_stuffing_automation,0.967,True,synthetic
TXN169642292141,U1254021,2026-08-04 15:58:12,312.91,USD,p2p_transfer,digital_wallet,MID393219,5967,Direct Marketing / Adult,0.145,DEV12438922,windows_desktop,0.08047354705867824,ID,CA,True,15,True,331.6802991438544,8,1,5.61,415,mobile_app_remote,basic_document,prime,55.79,224,1,1,0.17706828073559366,0.8170117843031095,True,True,0,1,1,CLUSTER5116,2,1.3213649621229737,0.9528547013799127,0.8100994996076737,,,,,0,,0.012359772432372561,1,ai_phishing+account_takeover,social_engineering+access,text_generation+credential_stuffing_automation,0.973,True,synthetic
TXN125602336034,U8036995,2026-06-26 02:47:57,128.05,USD,p2p_transfer,debit_card,MID996079,4111,Transit / Transportation,0.167,DEV77840443,ios_mobile,0.14050279270613947,RU,NL,True,2,False,417.18049557710987,8,1,4.67,637,agent_assisted,basic_document,super_prime,71.35,110,1,0,0.746079814714772,0.7382789027703627,False,False,0,1,2,CLUSTER4159,2,1.457246264068806,0.9282108539113172,0.88562426041021,,,,,0,,0.018057369171320937,1,ai_phishing+account_takeover,social_engineering+access,text_generation+credential_stuffing_automation,0.943,True,synthetic
TXN118097938612,U9060606,2026-08-19 06:29:37,511.66,USD,card_not_present_online,bank_transfer,MID168411,5964,Direct Marketing / Catalog,0.322,DEV39784657,mac_desktop,0.18357110682218764,PK,AU,True,6,False,357.5452521053914,4,0,16.25,827,in_branch,basic_document,near_prime,31.48,58,2,0,0.208845330960613,0.8337771541587935,True,False,0,1,1,CLUSTER8114,2,0.7269085568156173,0.8915790034504095,0.9739945622240219,,,,,0,,0.19712155063647072,1,ai_phishing+account_takeover,social_engineering+access,text_generation+credential_stuffing_automation,0.984,True,synthetic
TXN761210208411,U0679498,2026-06-07 00:21:15,501.91,USD,card_not_present_online,upi,MID206510,5999,Misc Retail,0.49,DEV21021800,ios_mobile,0.11626704032534614,ID,SE,True,0,False,374.51416168349874,4,1,37.01,66,web_remote,basic_document,thin_file,27.6,70,2,0,0.6735893374346614,0.8676838602460972,True,False,0,1,2,CLUSTER7290,2,2.91227804700116,0.8356178021958858,0.9611814190701584,,,,,0,,0.12074667563940955,1,ai_phishing+account_takeover,social_engineering+access,text_generation+credential_stuffing_automation,0.855,True,synthetic
TXN817307806293,U6301060,2026-06-17 17:27:43,500.02,USD,card_not_present_online,credit_card,MID884154,4899,Cable / Streaming Services,0.323,DEV24275629,ios_mobile,0.16871377708998378,ID,SE,True,17,True,89.8951856440033,3,0,1.58,154,web_remote,unverified,super_prime,72.05,172,1,0,0.7717928819253479,0.9583675151294714,True,True,0,1,1,CLUSTER1737,1,2.505950557518562,0.7685271923753934,0.7989875824607156,,,,,0,,0.0027045772921689302,1,ai_phishing+account_takeover,social_engineering+access,text_generation+credential_stuffing_automation,0.875,True,synthetic
TXN248373168253,U9662878,2026-07-29 23:23:42,133.0,USD,card_not_present_online,debit_card,MID849720,5964,Direct Marketing / Catalog,0.284,DEV98229167,linux_desktop,0.10321210427781918,PK,AU,True,23,False,292.3595812492419,2,2,10.54,283,mobile_app_remote,video_verified,subprime,27.79,166,1,1,0.7296847361469233,0.7685251476484154,True,False,0,1,1,CLUSTER1187,2,0.16824706535840772,0.8285789183367722,0.7925938482232017,,,,,0,,0.04019569679940974,1,ai_phishing+account_takeover,social_engineering+access,text_generation+credential_stuffing_automation,0.871,True,synthetic
TXN401677520912,U6544363,2026-06-09 19:09:23,456.83,USD,card_not_present_online,credit_card,MID517281,8299,Educational Services,0.493,DEV69378335,ios_mobile,0.16618478108740847,EG,SG,True,19,False,70.78980300282257,7,2,3.75,895,agent_assisted,unverified,prime,121.85,272,1,0,0.31320957072395406,0.7428036922148255,False,False,0,1,2,CLUSTER6541,3,2.397035472586449,0.7154422600099604,0.8404499664539302,,,,,0,,0.1880360795447883,1,ai_phishing+account_takeover,social_engineering+access,text_generation+credential_stuffing_automation,0.915,True,synthetic
TXN786630353289,U1474112,2026-07-03 23:04:57,221.4,USD,p2p_transfer,digital_wallet,MID920335,5967,Direct Marketing / Adult,0.061,DEV25009199,mac_desktop,0.039294649127360005,NG,US,True,23,False,112.96024728014822,6,1,3.03,470,api_partner_onboarding,basic_document,near_prime,73.08,129,2,0,0.28673898850437385,0.819968050582752,False,True,0,1,1,CLUSTER2605,1,0.8297638522573937,0.7005490920141212,0.9438851173514259,,,,,0,,0.04655841475400346,1,ai_phishing+account_takeover,social_engineering+access,text_generation+credential_stuffing_automation,0.941,True,synthetic
TXN304595038064,U5771745,2026-08-15 06:24:29,127.76,USD,card_not_present_online,upi,MID158916,6300,Insurance,0.072,DEV30395328,linux_desktop,0.09714522774731647,NG,AU,True,6,False,501.5966102746913,2,0,1.47,599,web_remote,in_branch_verified,thin_file,117.58,299,1,1,0.5683604357021469,0.916004421798542,True,True,0,1,1,CLUSTER2331,1,2.090430186499751,0.7452763382697716,0.9073727441267843,,,,,0,,0.14476706202407535,1,ai_phishing+account_takeover,social_engineering+access,text_generation+credential_stuffing_automation,0.967,True,synthetic
TXN664162061513,U0857175,2026-07-20 14:45:23,313.06,USD,card_not_present_online,credit_card,MID801921,5812,Restaurants,0.351,DEV27057238,windows_desktop,0.16518580395773766,ID,NL,True,14,False,90.0344369263255,5,2,12.49,534,mobile_app_remote,video_verified,prime,41.6,99,1,1,0.8055718290086162,0.7592744419916191,True,False,0,1,1,CLUSTER8123,2,2.406846423287231,0.9222967697996508,0.9426067576745734,,,,,0,,0.060946044780341824,1,ai_phishing+account_takeover,social_engineering+access,text_generation+credential_stuffing_automation,0.87,True,synthetic
TXN524026425033,U3857492,2026-06-16 09:41:22,272.6,USD,p2p_transfer,upi,MID657734,6051,Crypto / Digital Currency,0.396,DEV41001360,linux_desktop,0.04172399319852893,RU,NL,True,9,False,238.03041360659466,2,0,14.45,650,mobile_app_remote,basic_document,near_prime,23.2,80,2,1,0.8093362829228219,0.8730596848103972,True,False,0,1,2,CLUSTER9583,2,0.47842153978573465,0.8664513215585861,0.7766414973179567,,,,,0,,0.25718996367426733,1,ai_phishing+account_takeover,social_engineering+access,text_generation+credential_stuffing_automation,0.847,True,synthetic
TXN890611611056,U0773865,2026-07-08 23:53:36,229.74,USD,card_not_present_online,bank_transfer,MID494278,4111,Transit / Transportation,0.24,DEV22960610,linux_desktop,0.1093092006108202,EG,NL,True,23,True,152.212344587132,2,1,9.92,560,api_partner_onboarding,unverified,subprime,23.16,141,2,0,0.20544980268280338,0.9501015145498395,False,False,0,1,2,CLUSTER9454,2,1.6788395210585283,0.7068713523299873,0.7909471259910358,,,,,0,,0.1646061033128697,1,ai_phishing+account_takeover,social_engineering+access,text_generation+credential_stuffing_automation,0.922,True,synthetic
TXN912924503906,U3466460,2026-06-28 01:08:54,289.24,USD,card_not_present_online,upi,MID776902,5411,Grocery Stores,0.175,DEV73924259,mac_desktop,0.05324315891108551,PK,CA,True,1,True,304.6831432285292,4,2,9.83,443,agent_assisted,in_branch_verified,near_prime,22.86,283,1,0,0.7418087871978382,0.8121847556850819,True,False,0,1,2,CLUSTER2851,1,1.6486676990614637,0.960172922301286,0.8118377134039421,,,,,0,,0.1532166686641898,1,ai_phishing+account_takeover,social_engineering+access,text_generation+credential_stuffing_automation,0.921,True,synthetic
TXN605583828260,U7235618,2026-06-11 22:26:57,393.07,USD,card_not_present_online,debit_card,MID457459,4899,Cable / Streaming Services,0.167,DEV73964446,linux_desktop,0.068067528165193,EG,DE,True,22,False,492.82852095492694,8,3,8.52,543,agent_assisted,in_branch_verified,subprime,46.11,291,1,0,0.11433699208184737,0.8981272290024878,True,False,0,1,1,CLUSTER1528,3,1.0182368544100053,0.8943956566880109,0.8234865567567593,,,,,0,,0.1929086029780087,1,ai_phishing+account_takeover,social_engineering+access,text_generation+credential_stuffing_automation,0.912,True,synthetic
TXN626449402295,U3554415,2026-07-02 07:56:01,363.36,USD,p2p_transfer,upi,MID636458,5661,Shoe Stores,0.09,DEV22812384,android_mobile,0.11189135622224143,ID,NL,True,7,True,495.5750770526545,5,1,10.03,871,agent_assisted,unverified,prime,36.22,227,1,0,0.34632632936256863,0.9667833095036769,False,False,0,1,2,CLUSTER9727,2,0.3738662019903345,0.9566960154728169,0.7609378785357221,,,,,0,,0.22609744503636792,1,ai_phishing+account_takeover,social_engineering+access,text_generation+credential_stuffing_automation,0.902,True,synthetic
TXN867343777861,U1452842,2026-07-09 06:51:04,730.08,USD,p2p_transfer,debit_card,MID778446,5661,Shoe Stores,0.348,DEV38234360,linux_desktop,0.03805351554604203,PK,SG,True,6,False,85.56979003398746,2,1,8.49,477,agent_assisted,unverified,near_prime,27.84,23,2,0,0.7315779938508732,0.8406926046635176,True,False,0,1,2,CLUSTER5042,1,1.6816045420358239,0.860313388612923,0.8572194790324554,,,,,0,,0.02063380055374907,1,ai_phishing+account_takeover,social_engineering+access,text_generation+credential_stuffing_automation,0.982,True,synthetic
TXN500314249116,U2628595,2026-08-23 03:46:11,370.32,USD,card_not_present_online,upi,MID195789,6300,Insurance,0.266,DEV28751215,android_mobile,0.08508465507722165,VN,GB,True,3,False,73.58515811114658,8,0,3.13,779,web_remote,in_branch_verified,thin_file,118.49,115,1,0,0.34809602411742546,0.7120271838008994,True,False,0,1,1,CLUSTER3184,3,2.498833653032363,0.831479581686631,0.8574593045605008,,,,,0,,0.2499798848123166,1,ai_phishing+account_takeover,social_engineering+access,text_generation+credential_stuffing_automation,0.89,True,synthetic
TXN226797021897,U6187427,2026-06-19 02:25:44,233.45,USD,card_not_present_online,credit_card,MID640605,4899,Cable / Streaming Services,0.094,DEV97768567,windows_desktop,0.03659940381410552,ID,CA,True,2,True,145.29411253036463,2,1,4.74,774,api_partner_onboarding,in_branch_verified,near_prime,54.26,34,1,2,0.6932814002251334,0.8447482736017489,True,False,0,1,1,CLUSTER3074,2,2.5660897992818974,0.8955981774440109,0.7642551710161101,,,,,0,,0.05937100517459188,1,ai_phishing+account_takeover,social_engineering+access,text_generation+credential_stuffing_automation,0.977,True,synthetic
TXN224611367446,U3520897,2026-08-29 13:49:16,210.54,USD,p2p_transfer,prepaid_card,MID530147,8299,Educational Services,0.538,DEV37943210,windows_desktop,0.0631360705022074,PK,DE,True,13,False,409.59148289249094,8,1,3.96,237,web_remote,unverified,near_prime,57.44,290,1,0,0.7846035043743721,0.8238251534761651,True,False,0,1,1,CLUSTER3811,1,1.0629641692577436,0.9309561263897149,0.9148298056487667,,,,,0,,0.2658042646365201,1,ai_phishing+account_takeover,social_engineering+access,text_generation+credential_stuffing_automation,0.913,True,synthetic
TXN288425530537,U9124064,2026-08-20 13:55:17,155.78,USD,card_not_present_online,bank_transfer,MID835728,4899,Cable / Streaming Services,0.231,DEV38528124,ios_mobile,0.0657927368237945,EG,US,True,13,True,599.2606045498471,5,0,14.3,422,api_partner_onboarding,unverified,near_prime,10.89,236,2,1,0.3907806961686763,0.9276082931837912,False,False,0,1,1,CLUSTER7171,1,1.4737511545149156,0.9442840458538191,0.9633435685132657,,,,,0,,0.029663110693057534,1,ai_phishing+account_takeover,social_engineering+access,text_generation+credential_stuffing_automation,0.931,True,synthetic
TXN574706799551,U9006308,2026-07-18 05:59:47,318.59,USD,card_not_present_online,bank_transfer,MID258799,5691,Apparel,0.259,DEV40746225,linux_desktop,0.06366978828800593,RU,DE,True,5,True,145.32875770549248,3,0,7.5,764,web_remote,basic_document,near_prime,42.48,252,2,0,0.17895535802477053,0.9214571847835623,False,False,1,1,1,CLUSTER8794,1,0.4001957407880897,0.761756347249685,0.9146732905960645,,,,,0,,0.19976481921721523,1,ai_phishing+account_takeover,social_engineering+access,text_generation+credential_stuffing_automation,0.92,True,synthetic
TXN904869511444,U6248254,2026-06-25 22:11:02,303.48,USD,p2p_transfer,digital_wallet,MID256807,5921,Liquor Stores,0.239,DEV19191615,mac_desktop,0.07386697876481607,RU,AU,True,22,False,349.08936052853545,5,2,2.23,508,in_branch,unverified,thin_file,79.33,52,1,0,0.6151749006988224,0.7589960968469254,True,False,0,1,1,CLUSTER8160,3,0.1417146314737946,0.9455725471410288,0.9715234772310762,,,,,0,,0.12291488705171769,1,ai_phishing+account_takeover,social_engineering+access,text_generation+credential_stuffing_automation,0.983,True,synthetic
TXN575844171066,U0344025,2026-06-02 19:19:47,388.52,USD,p2p_transfer,debit_card,MID363840,5691,Apparel,0.203,DEV34757634,windows_desktop,0.17484377564593326,EG,SE,True,19,False,347.4700573143076,2,1,14.33,176,web_remote,basic_document,prime,27.11,296,1,0,0.2653402502464509,0.9622225690060857,True,False,0,1,2,CLUSTER8758,2,1.3879140680302318,0.7333564240080049,0.7523788450056605,,,,,0,,0.0645180093431731,1,ai_phishing+account_takeover,social_engineering+access,text_generation+credential_stuffing_automation,0.978,True,synthetic
TXN456934602823,U7134783,2026-08-19 20:11:11,272.43,USD,p2p_transfer,digital_wallet,MID694553,5812,Restaurants,0.068,DEV20699722,android_mobile,0.022200325382294352,PK,DE,True,20,True,484.86624536985835,5,1,10.11,138,web_remote,in_branch_verified,prime,49.18,256,2,1,0.7185012126682179,0.7508861189728852,True,True,0,1,2,CLUSTER1237,3,2.9528426370570418,0.9032733148761829,0.9254074137196183,,,,,0,,0.03242670977345254,1,ai_phishing+account_takeover,social_engineering+access,text_generation+credential_stuffing_automation,0.975,True,synthetic
TXN769176662636,U9533709,2026-08-14 22:31:23,98.66,USD,p2p_transfer,upi,MID822649,5999,Misc Retail,0.063,DEV58716454,mac_desktop,0.12779179030334153,RU,DE,True,22,False,463.2639241351881,5,3,16.94,826,in_branch,in_branch_verified,near_prime,35.95,140,2,0,0.8016508801092308,0.7871755479371175,True,False,0,1,2,CLUSTER6724,1,1.3188712538721699,0.7621045057424204,0.9751179888958554,,,,,0,,0.28518654837815727,1,ai_phishing+account_takeover,social_engineering+access,text_generation+credential_stuffing_automation,0.879,True,synthetic
TXN795591660554,U9729337,2026-06-17 17:06:10,1109.07,USD,card_not_present_online,upi,MID105213,5411,Grocery Stores,0.139,DEV41465084,windows_desktop,0.13150230468588606,RU,GB,True,17,False,505.44336782175424,7,4,21.19,166,agent_assisted,video_verified,subprime,6.52,128,1,0,0.8168785099228328,0.7992805823423046,True,True,0,1,1,CLUSTER5251,3,1.6104135960861425,0.717294206131866,0.9828724525346835,,,,,0,,0.0008872111932817449,1,ai_phishing+account_takeover,social_engineering+access,text_generation+credential_stuffing_automation,0.897,True,synthetic
TXN152496043291,U9889388,2026-06-23 22:50:10,251.36,USD,card_not_present_online,prepaid_card,MID119889,5921,Liquor Stores,0.338,DEV42094397,android_mobile,0.1725206844336514,PK,CA,True,22,False,581.3223842608869,4,1,4.92,577,agent_assisted,video_verified,thin_file,51.11,252,2,1,0.25967672895884564,0.7893058187191712,True,False,0,1,2,CLUSTER6893,1,1.4338830086561793,0.7086259454195323,0.8658406404345409,,,,,0,,0.08155202451840972,1,ai_phishing+account_takeover,social_engineering+access,text_generation+credential_stuffing_automation,0.947,True,synthetic
TXN784591124001,U2127221,2026-07-25 14:04:40,326.06,USD,p2p_transfer,prepaid_card,MID691797,5691,Apparel,0.338,DEV33425958,ios_mobile,0.0678073827738706,EG,AU,True,14,True,66.57921968029285,4,1,5.54,733,mobile_app_remote,in_branch_verified,prime,58.89,289,1,0,0.12252047983394361,0.722806994704262,True,False,0,1,1,CLUSTER5910,2,2.450978563800145,0.9352920988112509,0.7749807131349874,,,,,0,,0.2913395406843923,1,ai_phishing+account_takeover,social_engineering+access,text_generation+credential_stuffing_automation,0.942,True,synthetic
TXN404720489270,U2816428,2026-06-15 11:20:26,163.12,USD,card_not_present_online,digital_wallet,MID861081,4111,Transit / Transportation,0.123,DEV54096870,windows_desktop,0.13535290125725288,BD,NL,True,11,False,349.81618833483,4,3,6.73,551,in_branch,basic_document,prime,54.3,210,1,1,0.5725523945610973,0.7833413259405478,True,False,0,1,2,CLUSTER2785,3,1.6955876359165354,0.7217823135447197,0.8624290623078397,,,,,0,,0.07015062194816067,1,ai_phishing+account_takeover,social_engineering+access,text_generation+credential_stuffing_automation,0.841,True,synthetic
TXN443402699279,U3388483,2026-08-14 16:24:19,485.75,USD,card_not_present_online,prepaid_card,MID287673,7995,Betting / Gambling,0.045,DEV89364575,mac_desktop,0.14144574282365827,BD,CA,True,16,False,281.036862685566,7,1,28.81,478,web_remote,video_verified,near_prime,20.82,201,1,1,0.7411076882788261,0.8209227080821211,False,True,0,1,1,CLUSTER3284,1,2.498981358558863,0.7022776119577133,0.8005175838985257,,,,,0,,0.0012855460533368723,1,ai_phishing+account_takeover,social_engineering+access,text_generation+credential_stuffing_automation,0.88,True,synthetic
TXN232044955269,U3136052,2026-06-26 10:06:32,85.24,USD,card_not_present_online,bank_transfer,MID761527,6300,Insurance,0.303,DEV79575331,ios_mobile,0.028500929186550256,PK,SE,True,10,True,561.439293113954,8,0,0.64,773,web_remote,basic_document,super_prime,133.29,142,1,0,0.14115412775105293,0.9494419507353935,True,False,0,1,2,CLUSTER7696,3,1.4519843375994934,0.9281043785932368,0.8667359935372714,,,,,0,,0.022912031144622202,1,ai_phishing+account_takeover,social_engineering+access,text_generation+credential_stuffing_automation,0.911,True,synthetic
TXN241673199943,U4544913,2026-07-04 19:53:59,265.81,USD,card_not_present_online,upi,MID240274,8011,Healthcare,0.291,DEV90674389,android_mobile,0.1335135360438283,VN,AU,True,19,False,582.6801497682335,3,0,2.12,782,mobile_app_remote,basic_document,prime,125.22,14,2,1,0.33216660949684385,0.869953466705463,False,False,0,1,2,CLUSTER9194,1,2.9406448375301864,0.9145503287400176,0.8455706393345584,,,,,0,,0.08240634756168928,1,ai_phishing+account_takeover,social_engineering+access,text_generation+credential_stuffing_automation,0.861,True,synthetic
TXN914293157259,U8951310,2026-07-04 06:24:43,181.01,USD,p2p_transfer,upi,MID299253,6011,ATM / Cash Disbursement,0.177,DEV33755105,ios_mobile,0.14278731719614388,ID,US,True,6,True,420.70874618185337,7,0,7.91,437,web_remote,video_verified,near_prime,22.88,38,1,0,0.1664770708549797,0.7947815513192518,True,False,0,1,1,CLUSTER6670,3,2.0243540904959065,0.7550834909039128,0.8236293665477185,,,,,0,,0.17486867994353994,1,ai_phishing+account_takeover,social_engineering+access,text_generation+credential_stuffing_automation,0.927,True,synthetic
TXN741921569132,U1116789,2026-08-16 15:07:00,311.28,USD,p2p_transfer,credit_card,MID443891,5967,Direct Marketing / Adult,0.368,DEV17868775,mac_desktop,0.09492211579199919,RU,CA,True,15,False,460.4522776765907,7,2,4.28,754,in_branch,in_branch_verified,near_prime,52.93,85,1,0,0.7074462046771467,0.7432229682453045,True,True,0,1,1,CLUSTER3188,2,2.511177477711463,0.7828274678012436,0.8783095685732547,,,,,0,,0.08180753952757665,1,ai_phishing+account_takeover,social_engineering+access,text_generation+credential_stuffing_automation,0.89,True,synthetic
TXN889655835012,U0633503,2026-08-28 00:40:38,356.59,USD,p2p_transfer,debit_card,MID190277,5691,Apparel,0.183,DEV61129644,linux_desktop,0.0824339419703697,RU,GB,True,0,True,311.37454245875875,4,1,6.9,598,in_branch,video_verified,thin_file,45.69,226,1,0,0.7322784367349353,0.7275462367264661,True,False,0,1,2,CLUSTER3241,1,2.702663937490454,0.780089267584016,0.812863344033607,,,,,0,,0.08170379726602864,1,ai_phishing+account_takeover,social_engineering+access,text_generation+credential_stuffing_automation,0.955,True,synthetic
TXN162276390175,U4211762,2026-06-16 23:03:04,250.65,USD,p2p_transfer,digital_wallet,MID122581,6300,Insurance,0.087,DEV57945950,ios_mobile,0.03765696299410892,NG,CA,True,23,False,451.72965052002985,8,3,3.49,323,api_partner_onboarding,basic_document,thin_file,71.89,240,2,0,0.20816037638463122,0.9533971401824224,True,False,1,1,2,CLUSTER4890,2,2.3902965511256986,0.9427914241430515,0.9349185873939576,,,,,0,,0.18555269365525465,1,ai_phishing+account_takeover,social_engineering+access,text_generation+credential_stuffing_automation,0.949,True,synthetic
TXN557379742807,U8985075,2026-08-22 11:53:08,88.11,USD,card_not_present_online,credit_card,MID682677,7995,Betting / Gambling,0.288,DEV56219377,android_mobile,0.1668145013533196,NG,SG,True,11,True,342.55423255586317,2,3,2.55,560,agent_assisted,in_branch_verified,near_prime,34.62,160,1,0,0.1253756519303341,0.8347769697509126,False,False,0,1,2,CLUSTER7644,1,2.898433393008553,0.8203928693119912,0.8800465662899664,,,,,0,,0.06202717766884627,1,ai_phishing+account_takeover,social_engineering+access,text_generation+credential_stuffing_automation,0.887,True,synthetic
TXN600979790663,U4303424,2026-06-25 03:57:41,212.81,USD,card_not_present_online,credit_card,MID484493,7995,Betting / Gambling,0.209,DEV11337313,ios_mobile,0.1273158377151147,PK,SG,True,3,False,49.507750949470555,6,1,3.67,231,in_branch,unverified,super_prime,61.74,201,2,0,0.6273038234189184,0.9425920374947953,True,True,0,1,1,CLUSTER6084,1,2.363984292191523,0.858458602845574,0.9165457199930235,,,,,0,,0.12185542999856525,1,ai_phishing+account_takeover,social_engineering+access,text_generation+credential_stuffing_automation,0.871,True,synthetic
TXN751712058163,U5908836,2026-06-29 12:46:29,138.11,USD,p2p_transfer,upi,MID647396,7995,Betting / Gambling,0.276,DEV56111787,android_mobile,0.08117419804846637,BD,SE,True,12,False,533.6008954541237,3,1,3.0,184,in_branch,video_verified,near_prime,46.04,174,2,1,0.3368655475424097,0.8869984829605797,True,False,0,1,1,CLUSTER6522,1,2.739641014943451,0.732657750394184,0.8359306223847921,,,,,0,,0.2958795811637426,1,ai_phishing+account_takeover,social_engineering+access,text_generation+credential_stuffing_automation,0.962,True,synthetic
TXN543541836078,U3005637,2026-08-11 23:19:30,192.01,USD,card_not_present_online,upi,MID636440,5941,Sporting Goods,0.11,DEV24775197,windows_desktop,0.12981331544742422,NG,CA,True,23,False,75.15540356829797,2,5,2.92,193,agent_assisted,unverified,subprime,65.78,278,2,0,0.2557165752777636,0.8832539030808964,False,False,0,1,1,CLUSTER6370,3,0.0930964131416514,0.8403518630390235,0.9434765130184434,,,,,0,,0.2315059455329229,1,ai_phishing+account_takeover,social_engineering+access,text_generation+credential_stuffing_automation,0.962,True,synthetic
TXN244984444550,U7548306,2026-06-20 16:28:25,410.41,USD,p2p_transfer,debit_card,MID689710,5999,Misc Retail,0.291,DEV40920932,windows_desktop,0.18769397772774904,BD,JP,True,16,True,448.4615849574885,8,1,41.04,299,web_remote,basic_document,near_prime,9.86,296,1,0,0.13312546088361893,0.9276074984451288,False,False,0,1,1,CLUSTER3448,3,2.37121845281874,0.9175841064057098,0.966877777747339,,,,,0,,0.1517105852587892,1,ai_phishing+account_takeover,social_engineering+access,text_generation+credential_stuffing_automation,0.876,True,synthetic
TXN559382586743,U7288678,2026-08-14 03:07:47,319.07,USD,card_not_present_online,digital_wallet,MID635850,4722,Travel Agencies,0.376,DEV55398363,windows_desktop,0.12055709011738637,RU,GB,True,3,False,83.27874272430316,2,0,21.98,888,in_branch,video_verified,near_prime,16.6,210,1,1,0.7321566897188442,0.715236352916356,True,True,0,1,1,CLUSTER9430,1,0.11068160826748452,0.9373077301080222,0.8834239051442954,,,,,0,,0.2849792253290053,1,ai_phishing+account_takeover,social_engineering+access,text_generation+credential_stuffing_automation,0.968,True,synthetic
TXN233320136213,U8875754,2026-06-09 07:07:55,188.98,USD,card_not_present_online,debit_card,MID237767,7995,Betting / Gambling,0.052,DEV30218696,android_mobile,0.13158741321287623,PK,NL,True,7,False,435.4492560010614,4,0,60.7,148,web_remote,in_branch_verified,thin_file,11.92,53,1,0,0.6765981522024137,0.7617507419909174,False,True,0,1,2,CLUSTER9948,2,2.643548491263211,0.862879184184526,0.9541940757777997,,,,,0,,0.2506758142020688,1,ai_phishing+account_takeover,social_engineering+access,text_generation+credential_stuffing_automation,0.879,True,synthetic
TXN800339733481,U7246937,2026-08-20 04:37:34,522.27,USD,p2p_transfer,digital_wallet,MID721094,5964,Direct Marketing / Catalog,0.11,DEV42303543,android_mobile,0.06063142750128947,VN,US,True,4,False,118.1439459420931,5,1,12.21,522,agent_assisted,unverified,prime,42.79,229,2,0,0.21566110939531608,0.8822847212027989,True,False,0,1,2,CLUSTER2039,2,2.3400972868563485,0.7493812333682105,0.9569321196725915,,,,,0,,0.012436545000997801,1,ai_phishing+account_takeover,social_engineering+access,text_generation+credential_stuffing_automation,0.971,True,synthetic
TXN366815291352,U3320256,2026-06-05 10:54:12,593.0,USD,p2p_transfer,bank_transfer,MID529005,6300,Insurance,0.144,DEV59076840,linux_desktop,0.1762202440493443,RU,AU,True,10,True,170.33498791125135,7,1,25.13,802,web_remote,basic_document,subprime,6.49,297,2,1,0.712668926994465,0.9764996652662471,False,True,0,1,2,CLUSTER5336,1,0.6764068229301037,0.8151357107644093,0.7989075201475996,,,,,0,,0.2875793263380553,1,ai_phishing+account_takeover,social_engineering+access,text_generation+credential_stuffing_automation,0.896,True,synthetic
TXN870497663284,U2645374,2026-07-02 08:58:28,145.3,USD,p2p_transfer,upi,MID366362,8011,Healthcare,0.106,DEV78005164,windows_desktop,0.13305914122557694,BD,SE,True,8,False,138.28744029031773,7,2,21.05,243,mobile_app_remote,video_verified,near_prime,85.81,134,2,1,0.5657599846368144,0.700880368160613,True,True,0,1,1,CLUSTER7377,2,2.5006530962626625,0.9523751157969151,0.8080717948787065,,,,,0,,0.07799181478395241,1,ai_phishing+account_takeover,social_engineering+access,text_generation+credential_stuffing_automation,0.961,True,synthetic
TXN623756162198,U8111550,2026-08-29 15:20:09,104.92,USD,p2p_transfer,digital_wallet,MID824913,5921,Liquor Stores,0.122,DEV41087222,linux_desktop,0.19481251450361856,EG,NL,True,15,True,529.594244181632,8,3,13.34,410,web_remote,video_verified,near_prime,20.79,219,2,1,0.8482770914251738,0.9624574735603773,True,False,0,1,2,CLUSTER7537,2,2.9065533905996386,0.81086247314517,0.8309389822477214,,,,,0,,0.2556906343502277,1,ai_phishing+account_takeover,social_engineering+access,text_generation+credential_stuffing_automation,0.935,True,synthetic
TXN753261467381,U5456758,2026-07-10 05:21:00,421.92,USD,card_not_present_online,upi,MID286207,5964,Direct Marketing / Catalog,0.134,DEV93397654,linux_desktop,0.10593557957385555,BD,US,True,5,True,183.80306177930512,3,1,23.78,339,mobile_app_remote,video_verified,subprime,26.11,89,2,0,0.7259012842347634,0.806801245013652,True,False,0,1,2,CLUSTER7517,1,1.1950735017417649,0.9318467603603691,0.941878429797815,,,,,0,,0.03701958255212042,1,ai_phishing+account_takeover,social_engineering+access,text_generation+credential_stuffing_automation,0.863,True,synthetic
TXN475755436327,U5034303,2026-07-10 06:38:18,399.54,USD,card_not_present_online,bank_transfer,MID938812,5411,Grocery Stores,0.082,DEV29247136,android_mobile,0.1554337061493155,NG,GB,True,6,False,516.8587620855403,2,1,39.95,575,agent_assisted,video_verified,thin_file,5.36,50,2,0,0.32373508833974507,0.8648963231332997,True,False,0,1,1,CLUSTER2024,3,2.850041071235437,0.8018582773967872,0.8708482385246138,,,,,0,,0.26924830256125654,1,ai_phishing+account_takeover,social_engineering+access,text_generation+credential_stuffing_automation,0.969,True,synthetic
TXN369786449902,U2534967,2026-08-02 00:08:29,659.45,USD,p2p_transfer,upi,MID377247,5964,Direct Marketing / Catalog,0.226,DEV94320538,linux_desktop,0.04419556533058025,RU,JP,True,0,True,157.40936171072414,5,0,3.64,767,mobile_app_remote,video_verified,thin_file,84.58,41,2,0,0.7326570238150295,0.8232703280970187,True,True,0,1,2,CLUSTER1796,3,2.4130103799616,0.9142605277036059,0.8270418612920752,,,,,0,,0.14276413108749364,1,ai_phishing+account_takeover,social_engineering+access,text_generation+credential_stuffing_automation,0.862,True,synthetic
TXN622566177422,U6382731,2026-06-04 11:20:06,282.48,USD,card_not_present_online,credit_card,MID675138,8011,Healthcare,0.238,DEV85731933,windows_desktop,0.1408037670652882,EG,AU,True,11,False,283.6563136564612,7,0,10.45,356,in_branch,in_branch_verified,thin_file,35.35,275,1,0,0.5685474929905754,0.8869765006032764,True,True,0,1,2,CLUSTER1796,2,2.4416112830403867,0.9495786430368797,0.8320732331976611,,,,,0,,0.29944369759968714,1,ai_phishing+account_takeover,social_engineering+access,text_generation+credential_stuffing_automation,0.936,True,synthetic
TXN395256473024,U4872525,2026-06-27 06:31:05,163.44,USD,card_not_present_online,debit_card,MID572962,4111,Transit / Transportation,0.143,DEV65962396,windows_desktop,0.10240528122908951,EG,GB,True,6,False,320.1111064839333,6,0,13.54,112,mobile_app_remote,video_verified,subprime,13.1,165,1,0,0.567242074123621,0.75175097456515,False,False,0,1,2,CLUSTER2351,1,1.4726694183418179,0.8328762525852133,0.8164442892704343,,,,,0,,0.20584778200974202,1,ai_phishing+account_takeover,social_engineering+access,text_generation+credential_stuffing_automation,0.89,True,synthetic
TXN514836280193,U8631726,2026-08-11 05:24:50,266.16,USD,card_not_present_online,bank_transfer,MID841676,8299,Educational Services,0.24,DEV74792981,linux_desktop,0.1684470522099363,BD,SG,True,5,False,561.544015333346,2,0,18.0,576,web_remote,basic_document,thin_file,14.79,147,2,0,0.26287846287326605,0.8330662658892484,False,False,0,1,1,CLUSTER3274,3,1.6240860027208064,0.902631742912083,0.9750080686775402,,,,,0,,0.2431636894435933,1,ai_phishing+account_takeover,social_engineering+access,text_generation+credential_stuffing_automation,0.9,True,synthetic
TXN648095899707,U8282479,2026-07-13 21:47:35,181.0,USD,p2p_transfer,debit_card,MID168489,6011,ATM / Cash Disbursement,0.257,DEV51661818,ios_mobile,0.026897341169634964,RU,JP,True,21,True,577.2637621350017,3,1,6.17,828,agent_assisted,unverified,super_prime,29.34,156,2,0,0.3109928130554386,0.7265015544328197,True,False,0,1,2,CLUSTER3598,3,2.378977752766278,0.8768405335029554,0.8315480765903152,,,,,0,,0.17934607376263909,1,ai_phishing+account_takeover,social_engineering+access,text_generation+credential_stuffing_automation,0.914,True,synthetic
TXN424764466758,U1641533,2026-07-21 17:21:38,375.68,USD,card_not_present_online,credit_card,MID259502,6011,ATM / Cash Disbursement,0.419,DEV19710446,ios_mobile,0.10125543959409798,PK,US,True,17,False,418.370172223991,2,2,3.17,121,in_branch,video_verified,super_prime,158.83,113,1,0,0.7918128049607944,0.7851936503255078,True,True,0,1,1,CLUSTER5475,2,0.012584320638777902,0.7347940705375459,0.9212083509359744,,,,,0,,0.2401878052222764,1,ai_phishing+account_takeover,social_engineering+access,text_generation+credential_stuffing_automation,0.91,True,synthetic
TXN319915552659,U2579292,2026-07-01 02:34:34,359.06,USD,p2p_transfer,upi,MID737483,6300,Insurance,0.213,DEV54709492,windows_desktop,0.1290191118138627,RU,GB,True,2,False,523.1641739750457,7,1,12.79,131,in_branch,basic_document,near_prime,76.78,72,2,0,0.7491626374632933,0.8805582562240166,True,False,0,1,1,CLUSTER8249,3,0.6882059758314015,0.9060793566843304,0.9524343163905931,,,,,0,,0.15283257333022496,1,ai_phishing+account_takeover,social_engineering+access,text_generation+credential_stuffing_automation,0.929,True,synthetic
TXN212734047569,U9376702,2026-07-01 08:15:10,323.24,USD,card_not_present_online,digital_wallet,MID164290,5311,Department Stores,0.096,DEV99885697,windows_desktop,0.021937043869473954,VN,CA,True,8,False,541.9046105470378,4,1,7.86,867,in_branch,video_verified,near_prime,41.13,299,2,1,0.1602550542483712,0.9471837213385432,False,False,0,1,2,CLUSTER4875,2,0.7091874773756803,0.8185900342280344,0.8577875041248874,,,,,0,,0.07425593091905143,1,ai_phishing+account_takeover,social_engineering+access,text_generation+credential_stuffing_automation,0.874,True,synthetic
TXN717973931680,U5597950,2026-08-07 17:56:39,321.57,USD,p2p_transfer,upi,MID947479,5967,Direct Marketing / Adult,0.332,DEV52531559,android_mobile,0.06668047273580105,PK,GB,True,17,False,465.67600582555923,6,1,10.12,295,web_remote,basic_document,subprime,27.07,58,1,0,0.8207523266056069,0.7074457629681513,False,False,0,1,1,CLUSTER8221,2,2.20545162195388,0.7336413884277385,0.9347991431655789,,,,,0,,0.10320935221124082,1,ai_phishing+account_takeover,social_engineering+access,text_generation+credential_stuffing_automation,0.917,True,synthetic
TXN257561976679,U3286810,2026-08-21 18:13:22,451.27,USD,p2p_transfer,bank_transfer,MID298347,8299,Educational Services,0.31,DEV33551009,linux_desktop,0.18574174468301827,VN,JP,True,18,False,518.0876224000199,4,1,4.14,735,api_partner_onboarding,basic_document,thin_file,75.16,201,2,0,0.5678260727740966,0.9335407085578321,True,False,0,1,2,CLUSTER1878,3,1.8465790557203625,0.7708582759809455,0.9058239139537748,,,,,0,,0.2966035759370569,1,ai_phishing+account_takeover,social_engineering+access,text_generation+credential_stuffing_automation,0.939,True,synthetic
TXN513023486265,U0018250,2026-06-29 10:15:47,141.52,USD,card_not_present_online,credit_card,MID496752,8299,Educational Services,0.397,DEV74009028,mac_desktop,0.12051715799002531,BD,NL,True,10,False,578.6995870737418,8,0,14.15,445,in_branch,video_verified,near_prime,9.3,69,2,0,0.33851164757424185,0.8382850407963385,True,True,0,1,2,CLUSTER7763,3,2.889543074465375,0.8272883005899406,0.8073963636342569,,,,,0,,0.06325344700972288,1,ai_phishing+account_takeover,social_engineering+access,text_generation+credential_stuffing_automation,0.973,True,synthetic
TXN428503727024,U3534616,2026-08-01 00:16:32,112.61,USD,p2p_transfer,debit_card,MID675589,6011,ATM / Cash Disbursement,0.198,DEV60926222,linux_desktop,0.08712562152080114,ID,JP,True,0,False,337.9932651854683,2,1,76.82,251,agent_assisted,basic_document,prime,15.34,15,1,0,0.5982119147515919,0.8862322567662475,True,False,0,1,2,CLUSTER4955,3,2.7702730472833124,0.711926535817335,0.8186151135712127,,,,,0,,0.18799299415724302,1,ai_phishing+account_takeover,social_engineering+access,text_generation+credential_stuffing_automation,0.97,True,synthetic
TXN971140203347,U4971539,2026-06-17 02:41:51,267.64,USD,card_not_present_online,debit_card,MID840046,8299,Educational Services,0.297,DEV75190533,ios_mobile,0.11990195826219006,RU,AU,True,2,False,475.8838279826999,7,3,6.88,391,in_branch,unverified,subprime,38.89,23,2,0,0.17696920177116698,0.7098758950834175,True,False,1,1,1,CLUSTER8606,1,1.547807475582736,0.8026288029474453,0.8220107109925632,,,,,0,,0.012204556742212047,1,ai_phishing+account_takeover,social_engineering+access,text_generation+credential_stuffing_automation,0.955,True,synthetic
TXN458892358331,U1321723,2026-08-28 09:04:51,333.0,USD,p2p_transfer,digital_wallet,MID296547,4829,Money Transfer,0.118,DEV50599298,linux_desktop,0.15133552789202787,PK,JP,True,9,False,232.11865533646247,7,2,20.7,287,web_remote,basic_document,super_prime,16.09,158,1,0,0.15746196596374307,0.9727490264440022,False,False,1,1,1,CLUSTER7255,1,0.4720320264174863,0.8206009444774227,0.8242109860070566,,,,,0,,0.2855507135877998,1,ai_phishing+account_takeover,social_engineering+access,text_generation+credential_stuffing_automation,0.958,True,synthetic
TXN808082251612,U4467947,2026-06-08 16:32:23,252.38,USD,card_not_present_online,credit_card,MID633708,5311,Department Stores,0.313,DEV71921600,android_mobile,0.10817532423400228,EG,GB,True,16,False,390.4373639293202,4,1,3.3,595,api_partner_onboarding,in_branch_verified,near_prime,72.66,194,1,0,0.5536701734135911,0.7617756404824974,True,True,0,1,1,CLUSTER1840,3,0.718532344088062,0.8357381755007762,0.7615604671261422,,,,,0,,0.2543365600410473,1,ai_phishing+account_takeover,social_engineering+access,text_generation+credential_stuffing_automation,0.983,True,synthetic
TXN566296901701,U4028726,2026-06-05 04:51:22,545.97,USD,p2p_transfer,digital_wallet,MID774190,6011,ATM / Cash Disbursement,0.15,DEV16550421,android_mobile,0.0994484157187149,ID,US,True,4,False,46.8422797547682,8,3,19.24,197,in_branch,video_verified,thin_file,16.58,230,2,0,0.727765531798346,0.8059995979912543,False,False,0,1,2,CLUSTER6699,3,2.796820255494133,0.7138327637198435,0.9108284205632633,,,,,0,,0.08468761247321949,1,ai_phishing+account_takeover,social_engineering+access,text_generation+credential_stuffing_automation,0.925,True,synthetic
TXN867656220385,U8364456,2026-07-12 11:49:25,213.72,USD,p2p_transfer,bank_transfer,MID385023,5967,Direct Marketing / Adult,0.115,DEV73874608,ios_mobile,0.034655630827788816,BD,AU,True,11,False,374.61553239610697,3,2,8.61,171,agent_assisted,basic_document,super_prime,24.81,85,2,0,0.1892282324120862,0.9798875110726679,True,False,0,1,2,CLUSTER1414,3,1.5036484484542023,0.9440553122428366,0.8330104580445324,,,,,0,,0.266048639752871,1,ai_phishing+account_takeover,social_engineering+access,text_generation+credential_stuffing_automation,0.926,True,synthetic
TXN196281834953,U7082907,2026-07-12 02:05:14,513.95,USD,card_not_present_online,digital_wallet,MID301205,7995,Betting / Gambling,0.167,DEV16243430,windows_desktop,0.09178243620839234,VN,SG,True,2,True,306.1421740119132,4,0,3.46,114,in_branch,unverified,subprime,190.62,265,1,0,0.558885105757585,0.849856810197289,False,True,0,1,2,CLUSTER7830,2,2.4689160737572284,0.9032393272630883,0.8561989405901909,,,,,0,,0.18478730665353946,1,ai_phishing+account_takeover,social_engineering+access,text_generation+credential_stuffing_automation,0.927,True,synthetic
TXN144511539392,U9193028,2026-08-27 05:37:15,116.08,USD,p2p_transfer,bank_transfer,MID535219,5732,Electronics Stores,0.155,DEV12092997,ios_mobile,0.19656732013335046,PK,US,True,5,True,98.23191504532133,6,0,1.59,711,api_partner_onboarding,basic_document,prime,50.55,127,2,0,0.6183482724424951,0.7458477543032289,True,False,0,1,1,CLUSTER4562,3,0.407279493976735,0.932013180670118,0.9873916370554501,,,,,0,,0.2321112956584801,1,ai_phishing+account_takeover,social_engineering+access,text_generation+credential_stuffing_automation,0.942,True,synthetic
TXN633498111442,U5166571,2026-06-27 23:47:27,256.8,USD,card_not_present_online,debit_card,MID728718,4111,Transit / Transportation,0.345,DEV76380086,linux_desktop,0.07680298219761908,RU,AU,True,23,False,154.85959761266844,8,1,17.81,785,mobile_app_remote,unverified,thin_file,14.42,161,1,0,0.35085874675987583,0.8345728255361664,True,False,0,1,1,CLUSTER1806,1,1.5906383476753425,0.7821179099124633,0.9231936060163369,,,,,0,,0.2354333570399036,1,ai_phishing+account_takeover,social_engineering+access,text_generation+credential_stuffing_automation,0.89,True,synthetic
TXN854770078392,U3350711,2026-06-27 02:26:34,323.97,USD,card_not_present_online,bank_transfer,MID528158,7995,Betting / Gambling,0.218,DEV45700876,ios_mobile,0.1803112257759674,BD,CA,True,2,False,33.88546285365864,2,0,16.16,326,api_partner_onboarding,in_branch_verified,subprime,20.05,228,1,0,0.15150226837921074,0.9051088990368201,True,False,0,1,2,CLUSTER3594,1,2.869208783472176,0.8240105125896214,0.9877146817540676,,,,,0,,0.16198370803720383,1,ai_phishing+account_takeover,social_engineering+access,text_generation+credential_stuffing_automation,0.935,True,synthetic
TXN690886135515,U3103966,2026-08-17 21:19:02,532.58,USD,p2p_transfer,upi,MID690378,6300,Insurance,0.066,DEV13816085,linux_desktop,0.07507145096749748,EG,SE,True,21,False,330.38223063284846,4,1,19.83,200,web_remote,basic_document,near_prime,20.97,66,2,2,0.8338793225689256,0.9771872515303289,True,False,0,1,2,CLUSTER7134,3,1.5410730515971185,0.785435448229666,0.9806122913696247,,,,,0,,0.11622300121927515,1,ai_phishing+account_takeover,social_engineering+access,text_generation+credential_stuffing_automation,0.901,True,synthetic
TXN390000510386,U6745562,2026-07-10 11:11:50,174.45,USD,p2p_transfer,digital_wallet,MID667806,5967,Direct Marketing / Adult,0.166,DEV10046995,mac_desktop,0.16289961221846577,ID,AU,True,11,False,424.11037250138395,7,2,3.33,830,agent_assisted,in_branch_verified,subprime,162.9,213,2,0,0.5615219929069136,0.8702005473810256,True,False,0,1,1,CLUSTER5023,3,0.29577204529995627,0.7766542717187679,0.894219365969035,,,,,0,,0.10682306642921847,1,ai_phishing+account_takeover,social_engineering+access,text_generation+credential_stuffing_automation,0.939,True,synthetic
TXN208081989497,U5529035,2026-08-04 17:32:10,227.55,USD,p2p_transfer,debit_card,MID260136,6051,Crypto / Digital Currency,0.262,DEV86356480,ios_mobile,0.05172450717992508,EG,JP,True,17,True,296.2342037553458,8,1,3.75,889,agent_assisted,video_verified,subprime,32.82,144,1,0,0.5781565944008316,0.8140033597991381,True,False,0,1,2,CLUSTER8606,3,1.9920641164984798,0.7972732772413342,0.8230510218627534,,,,,0,,0.26685564552446156,1,ai_phishing+account_takeover,social_engineering+access,text_generation+credential_stuffing_automation,0.811,True,synthetic
TXN876895560167,U9894237,2026-08-13 07:34:37,55.49,USD,card_not_present_online,prepaid_card,MID927150,5661,Shoe Stores,0.196,DEV12133438,android_mobile,0.0430771272482504,NG,DE,True,7,False,358.068864084257,3,1,15.31,748,mobile_app_remote,in_branch_verified,near_prime,21.71,161,1,2,0.6235336168171326,0.90778709503512,True,False,0,1,1,CLUSTER7725,3,1.6528348682973966,0.8204041810928,0.9520077466942687,,,,,0,,0.20935004680823022,1,ai_phishing+account_takeover,social_engineering+access,text_generation+credential_stuffing_automation,0.914,True,synthetic
TXN605722142241,U7274722,2026-07-23 09:15:12,251.54,USD,p2p_transfer,bank_transfer,MID547801,6011,ATM / Cash Disbursement,0.035,DEV26686733,linux_desktop,0.12352650295494783,RU,NL,True,9,False,555.783621742531,6,2,9.46,489,agent_assisted,basic_document,thin_file,37.59,150,2,0,0.7763018570036171,0.8640208322506554,False,False,0,1,1,CLUSTER2430,2,0.9676081475576692,0.9578754416883128,0.8256142392742353,,,,,0,,0.06953596088247718,1,ai_phishing+account_takeover,social_engineering+access,text_generation+credential_stuffing_automation,0.968,True,synthetic
TXN515884322869,U3940338,2026-06-21 23:58:29,103.3,USD,p2p_transfer,debit_card,MID844009,4829,Money Transfer,0.024,DEV58639177,android_mobile,0.12106626946767778,RU,JP,True,23,True,571.024359937996,5,0,3.06,133,api_partner_onboarding,video_verified,super_prime,33.81,8,2,1,0.3968211712339218,0.8881432716542681,True,False,0,1,2,CLUSTER5543,2,0.9301278159574802,0.8739988846182706,0.9707199201122101,,,,,0,,0.2108501574076225,1,ai_phishing+account_takeover,social_engineering+access,text_generation+credential_stuffing_automation,0.969,True,synthetic
TXN180284754729,U1533270,2026-07-19 14:32:38,231.25,USD,card_not_present_online,credit_card,MID252157,5812,Restaurants,0.181,DEV71998981,mac_desktop,0.1811709697565024,ID,AU,True,14,False,586.3970661626951,6,3,8.57,559,agent_assisted,in_branch_verified,thin_file,26.97,245,1,0,0.28279314514275355,0.8799254350681082,True,False,0,1,1,CLUSTER8043,2,2.073474814930243,0.8053058296025322,0.9738125265537985,,,,,0,,0.19959898611609975,1,ai_phishing+account_takeover,social_engineering+access,text_generation+credential_stuffing_automation,0.984,True,synthetic
TXN539286048219,U6245414,2026-07-23 12:47:57,46.51,USD,card_not_present_online,prepaid_card,MID950174,5812,Restaurants,0.114,DEV61285970,windows_desktop,0.036553964689173254,NG,AU,True,12,False,596.0668682838829,7,0,33.17,851,web_remote,basic_document,prime,18.84,159,2,0,0.6674373067462541,0.9441081626663087,True,False,0,1,1,CLUSTER4740,1,0.43018605418294276,0.8331167118706698,0.9088575799235229,,,,,0,,0.0885227099988969,1,ai_phishing+account_takeover,social_engineering+access,text_generation+credential_stuffing_automation,0.91,True,synthetic
TXN493012825989,U9352205,2026-08-19 21:56:14,704.98,USD,p2p_transfer,credit_card,MID535631,5311,Department Stores,0.429,DEV26377604,android_mobile,0.17425641109579762,BD,CA,True,21,False,409.6655155071454,8,2,14.01,97,agent_assisted,video_verified,near_prime,27.05,66,2,0,0.6058396730158317,0.8914584022039418,False,False,0,1,2,CLUSTER8765,1,0.23142338831455556,0.7011470790095989,0.796931429442291,,,,,0,,0.12026918875878347,1,ai_phishing+account_takeover,social_engineering+access,text_generation+credential_stuffing_automation,0.879,True,synthetic
TXN708764650909,U5935809,2026-07-29 03:23:00,444.88,USD,card_not_present_online,debit_card,MID936906,7995,Betting / Gambling,0.104,DEV14897975,linux_desktop,0.11662563957374661,ID,CA,True,3,True,515.4814402468742,4,3,6.78,65,mobile_app_remote,in_branch_verified,super_prime,63.03,261,1,0,0.7108243282618767,0.9716841855277912,True,False,0,1,1,CLUSTER6450,3,1.1360488567044973,0.7164364926773537,0.9773213431196047,,,,,0,,0.20257701872909195,1,ai_phishing+account_takeover,social_engineering+access,text_generation+credential_stuffing_automation,0.953,True,synthetic
TXN840281287600,U0984629,2026-07-27 22:18:40,177.88,USD,card_not_present_online,upi,MID196452,5812,Restaurants,0.185,DEV97768845,linux_desktop,0.18751610593193344,ID,DE,True,22,False,203.8291757383136,7,1,45.26,640,in_branch,basic_document,subprime,11.1,57,2,0,0.7982214390113633,0.8182383398438998,True,False,0,1,1,CLUSTER6447,2,0.37016761341979254,0.8381037591853173,0.8299759804259258,,,,,0,,0.1881994478119502,1,ai_phishing+account_takeover,social_engineering+access,text_generation+credential_stuffing_automation,0.912,True,synthetic
TXN150638963029,U4681992,2026-07-28 02:19:10,471.93,USD,card_not_present_online,bank_transfer,MID681872,4899,Cable / Streaming Services,0.153,DEV62942331,linux_desktop,0.1643493282249597,NG,SE,True,2,False,383.685196965391,8,2,19.78,708,mobile_app_remote,basic_document,prime,23.86,139,1,0,0.2720763498730494,0.7404667329531792,True,False,0,1,2,CLUSTER4655,2,1.5148157270456477,0.7860852962124202,0.8797293616339077,,,,,0,,0.09135273014938063,1,ai_phishing+account_takeover,social_engineering+access,text_generation+credential_stuffing_automation,0.975,True,synthetic
TXN980279186213,U0739808,2026-07-26 17:00:01,525.31,USD,p2p_transfer,bank_transfer,MID675476,5967,Direct Marketing / Adult,0.455,DEV20887646,mac_desktop,0.19653038252582003,NG,CA,True,17,False,90.86639944329734,5,3,7.99,140,api_partner_onboarding,video_verified,near_prime,65.76,222,1,1,0.22529291343687527,0.7103358310721098,True,False,0,1,2,CLUSTER3156,2,2.198862192143315,0.7497646133260527,0.842798514736602,,,,,0,,0.04169318152667451,1,ai_phishing+account_takeover,social_engineering+access,text_generation+credential_stuffing_automation,0.915,True,synthetic
TXN103437150825,U0242251,2026-08-03 14:32:17,324.49,USD,card_not_present_online,debit_card,MID798825,5311,Department Stores,0.443,DEV56314414,android_mobile,0.15262702285156582,BD,JP,True,14,False,343.01804519944267,3,1,38.85,66,mobile_app_remote,unverified,super_prime,14.67,286,1,0,0.7939036784824212,0.9698586268374134,True,False,0,1,2,CLUSTER1760,2,2.9322127437428946,0.871026932030578,0.9359642445218554,,,,,0,,0.20394161330832797,1,ai_phishing+account_takeover,social_engineering+access,text_generation+credential_stuffing_automation,0.938,True,synthetic
TXN269786652324,U4942158,2026-07-08 06:17:04,303.76,USD,card_not_present_online,prepaid_card,MID620012,5964,Direct Marketing / Catalog,0.225,DEV23005266,ios_mobile,0.09006552129456688,ID,CA,True,6,False,559.8444351729606,7,0,6.11,872,in_branch,unverified,prime,49.7,283,2,0,0.12454776535711667,0.9381977790444194,False,True,0,1,1,CLUSTER1081,3,0.7436724125313905,0.9447680396624661,0.8855596350902136,,,,,0,,0.06866951458454906,1,ai_phishing+account_takeover,social_engineering+access,text_generation+credential_stuffing_automation,0.93,True,synthetic
TXN778386044484,U8432255,2026-06-14 15:36:40,319.7,USD,p2p_transfer,debit_card,MID229337,6011,ATM / Cash Disbursement,0.179,DEV58205843,ios_mobile,0.058635679140690455,PK,DE,True,15,False,175.7289428017558,6,1,7.53,92,in_branch,in_branch_verified,near_prime,55.38,116,1,0,0.6145008166132845,0.9315260535777773,True,True,0,1,2,CLUSTER9082,3,2.6570443809582382,0.7614273636010912,0.9172521907205217,,,,,0,,0.07788122637607064,1,ai_phishing+account_takeover,social_engineering+access,text_generation+credential_stuffing_automation,0.957,True,synthetic
TXN164496947784,U4803522,2026-06-16 00:42:31,290.33,USD,p2p_transfer,prepaid_card,MID490378,6300,Insurance,0.168,DEV31892498,mac_desktop,0.08308788024640283,BD,GB,True,0,False,397.0147621816426,5,2,82.03,121,mobile_app_remote,unverified,subprime,17.45,47,1,0,0.6723924119072466,0.911361862930008,True,False,0,1,2,CLUSTER3469,2,0.3579420800223352,0.872735288969418,0.853177263245688,,,,,0,,0.04911162976871923,1,ai_phishing+account_takeover,social_engineering+access,text_generation+credential_stuffing_automation,0.913,True,synthetic
TXN791842824190,U9141553,2026-08-06 22:32:18,155.65,USD,p2p_transfer,credit_card,MID948437,5311,Department Stores,0.182,DEV17014872,android_mobile,0.06133779493022147,RU,US,True,22,True,41.52962489844234,6,2,4.42,529,mobile_app_remote,unverified,subprime,35.24,255,2,0,0.24522879936108102,0.7028726116729943,True,True,0,1,1,CLUSTER6017,1,0.3784812608890956,0.8426102783444814,0.8182916682224737,,,,,0,,0.2116590951835197,1,ai_phishing+account_takeover,social_engineering+access,text_generation+credential_stuffing_automation,0.904,True,synthetic
TXN745543017000,U2526831,2026-08-22 11:52:31,335.33,USD,card_not_present_online,upi,MID644263,6011,ATM / Cash Disbursement,0.036,DEV53153397,ios_mobile,0.14335807586602853,NG,SE,True,11,True,515.2156649750241,3,1,3.14,821,api_partner_onboarding,unverified,subprime,41.51,255,2,0,0.7661440164642928,0.9444818502090027,False,False,0,1,1,CLUSTER1751,1,1.7768442119725427,0.829389481972201,0.8191670947317442,,,,,0,,0.257412206814174,1,ai_phishing+account_takeover,social_engineering+access,text_generation+credential_stuffing_automation,0.924,True,synthetic
TXN221593911484,U2024939,2026-07-05 03:46:07,218.59,USD,p2p_transfer,prepaid_card,MID141907,4829,Money Transfer,0.122,DEV12689013,linux_desktop,0.10553792161574094,RU,AU,True,3,False,307.2748976182006,5,0,13.14,890,web_remote,in_branch_verified,near_prime,26.22,75,1,0,0.7831972404997014,0.89044808917813,True,False,0,1,1,CLUSTER3318,3,0.4220715085938138,0.7992851894990409,0.7692030837456645,,,,,0,,0.006806840751878007,1,ai_phishing+account_takeover,social_engineering+access,text_generation+credential_stuffing_automation,0.969,True,synthetic
TXN262232712615,U8268478,2026-06-15 17:49:36,692.52,USD,p2p_transfer,digital_wallet,MID580614,6051,Crypto / Digital Currency,0.151,DEV31924056,mac_desktop,0.11346645176069511,PK,CA,True,17,False,170.93691988676852,6,1,36.8,392,api_partner_onboarding,video_verified,subprime,18.82,35,2,0,0.3996031087006381,0.902680591279278,True,True,0,1,1,CLUSTER5586,1,2.929892065041242,0.7403706302386857,0.7774429688504982,,,,,0,,0.11700557097190273,1,ai_phishing+account_takeover,social_engineering+access,text_generation+credential_stuffing_automation,0.875,True,synthetic
TXN581106893242,U6128759,2026-06-24 22:33:59,1161.57,USD,p2p_transfer,upi,MID456514,8299,Educational Services,0.163,DEV48975377,mac_desktop,0.022081304771522245,VN,GB,True,22,True,363.3614875689729,3,1,38.01,388,api_partner_onboarding,in_branch_verified,near_prime,30.56,133,2,1,0.29124624793235654,0.9508090211564425,False,False,0,1,1,CLUSTER2579,1,0.3507321521939303,0.8551374358820316,0.8740150571572205,,,,,0,,0.0025503743064648754,1,ai_phishing+account_takeover,social_engineering+access,text_generation+credential_stuffing_automation,0.961,True,synthetic
TXN391816619681,U2340938,2026-08-11 19:00:55,560.71,USD,p2p_transfer,digital_wallet,MID880205,4899,Cable / Streaming Services,0.379,DEV28775388,linux_desktop,0.03833486838841646,ID,DE,True,19,True,276.18917465266367,8,2,7.19,216,web_remote,basic_document,prime,78.01,169,1,0,0.2268810526332988,0.9348887750940191,True,True,0,1,1,CLUSTER9563,1,1.1390947466873989,0.8849294985097591,0.8914039933113639,,,,,0,,0.020723315175148114,1,ai_phishing+account_takeover,social_engineering+access,text_generation+credential_stuffing_automation,0.923,True,synthetic
TXN153812679219,U3343500,2026-07-19 08:12:50,49.59,USD,p2p_transfer,prepaid_card,MID954447,8299,Educational Services,0.289,DEV67813138,ios_mobile,0.16752745259577373,PK,JP,True,8,False,122.15780698843746,2,3,4.24,572,web_remote,in_branch_verified,near_prime,60.86,97,2,0,0.721041805043292,0.9037264555549299,True,True,0,1,2,CLUSTER6115,1,1.011448410129518,0.8069885592608426,0.9656522453439994,,,,,0,,0.20262002650437796,1,ai_phishing+account_takeover,social_engineering+access,text_generation+credential_stuffing_automation,0.889,True,synthetic
TXN180754363488,U3621095,2026-08-02 19:49:56,242.78,USD,card_not_present_online,credit_card,MID688899,5967,Direct Marketing / Adult,0.301,DEV93650189,ios_mobile,0.05181356551607262,PK,SG,True,19,True,86.35617101264035,3,1,28.72,783,mobile_app_remote,in_branch_verified,near_prime,13.95,28,1,2,0.6639572944672093,0.8951941061568244,True,True,0,1,1,CLUSTER5419,3,1.7471650302644623,0.8185230232392355,0.80963688959946,,,,,0,,0.20679316273864454,1,ai_phishing+account_takeover,social_engineering+access,text_generation+credential_stuffing_automation,0.903,True,synthetic
TXN371040819415,U7982161,2026-06-24 07:16:55,414.77,USD,card_not_present_online,digital_wallet,MID130296,5941,Sporting Goods,0.132,DEV89215522,android_mobile,0.053204054606929146,RU,AU,True,7,False,67.89113489987307,3,0,14.12,70,agent_assisted,in_branch_verified,subprime,26.38,94,2,0,0.7693526483727164,0.723219736025362,True,False,0,1,1,CLUSTER9587,2,0.05917265987825093,0.7567634904128697,0.8750539185373383,,,,,0,,0.2215490227430646,1,ai_phishing+account_takeover,social_engineering+access,text_generation+credential_stuffing_automation,0.941,True,synthetic
TXN920798877235,U9829212,2026-07-25 10:59:07,128.14,USD,p2p_transfer,debit_card,MID246087,6011,ATM / Cash Disbursement,0.323,DEV44791619,android_mobile,0.14138593739502092,EG,NL,True,10,False,576.8722031524834,8,0,2.18,756,in_branch,video_verified,near_prime,58.76,131,2,1,0.24028603840919635,0.7230627076537622,True,False,0,1,1,CLUSTER9129,2,2.694748890047758,0.8612168544145267,0.7556611832885745,,,,,0,,0.2702633257837778,1,ai_phishing+account_takeover,social_engineering+access,text_generation+credential_stuffing_automation,0.904,True,synthetic
TXN779829355926,U9026439,2026-08-12 05:25:05,143.55,USD,p2p_transfer,credit_card,MID650542,5541,Fuel / Gas Stations,0.298,DEV54120088,linux_desktop,0.061417886587516055,BD,SG,True,5,True,493.41535837599923,2,0,2.29,555,agent_assisted,basic_document,near_prime,62.59,110,1,0,0.3198967545853507,0.9000836946515294,True,False,0,1,1,CLUSTER3446,2,0.2237181214854146,0.7859566070659885,0.8509421293844243,,,,,0,,0.18630681680582195,1,ai_phishing+account_takeover,social_engineering+access,text_generation+credential_stuffing_automation,0.979,True,synthetic
TXN756576110187,U8353131,2026-06-22 03:53:14,53.03,USD,p2p_transfer,debit_card,MID864980,5732,Electronics Stores,0.178,DEV40007898,windows_desktop,0.17655883397241495,ID,AU,True,3,False,376.2896619765794,3,3,20.04,667,in_branch,basic_document,super_prime,36.43,133,1,0,0.6403671816052918,0.9335246737850352,True,False,0,1,2,CLUSTER6796,3,0.47836960710336784,0.9483234773872462,0.8237939210605673,,,,,0,,0.22062400769754612,1,ai_phishing+account_takeover,social_engineering+access,text_generation+credential_stuffing_automation,0.969,True,synthetic
TXN320694179425,U5745271,2026-08-29 16:46:29,1033.56,USD,p2p_transfer,credit_card,MID695990,4829,Money Transfer,0.089,DEV97363013,ios_mobile,0.1570503576389433,BD,SG,True,16,False,192.8690856161643,4,1,26.3,513,web_remote,basic_document,near_prime,39.3,141,1,0,0.11104549870561722,0.7714978787210234,True,False,0,1,1,CLUSTER1241,1,1.9039630946444688,0.73903479691104,0.792962938159941,,,,,0,,0.09591820829612492,1,ai_phishing+account_takeover,social_engineering+access,text_generation+credential_stuffing_automation,0.932,True,synthetic
TXN859307754405,U7517217,2026-08-28 15:08:24,433.56,USD,p2p_transfer,credit_card,MID688548,6012,Financial Institutions - Merchandise/Services,0.199,DEV76455042,android_mobile,0.047451209071153376,ID,DE,True,15,False,103.74762181145958,7,1,82.48,363,in_branch,in_branch_verified,super_prime,18.63,199,2,1,0.6236441777162516,0.8383078908083057,False,False,0,1,2,CLUSTER3289,3,1.3966186707356973,0.9412328447255175,0.8430878071643544,,,,,0,,0.11198930236954172,1,ai_phishing+account_takeover,social_engineering+access,text_generation+credential_stuffing_automation,0.943,True,synthetic
TXN305104089555,U1144747,2026-06-27 00:21:26,180.81,USD,card_not_present_online,digital_wallet,MID746447,8299,Educational Services,0.272,DEV54997240,windows_desktop,0.144885835165519,EG,GB,True,0,True,338.3544775757383,7,0,22.5,523,web_remote,in_branch_verified,subprime,38.06,148,2,0,0.6201829270356525,0.7461942701060048,True,False,0,1,2,CLUSTER8233,1,0.7802046075926827,0.7858905180883531,0.8993188429288305,,,,,0,,0.21261781552057485,1,ai_phishing+account_takeover,social_engineering+access,text_generation+credential_stuffing_automation,0.928,True,synthetic
TXN699597640940,U5528098,2026-08-07 16:49:09,276.46,USD,p2p_transfer,credit_card,MID231547,4111,Transit / Transportation,0.121,DEV84433481,ios_mobile,0.1908781748348386,VN,JP,True,16,False,200.9148840067257,5,0,6.5,121,web_remote,in_branch_verified,subprime,42.5,164,2,1,0.39609695732125283,0.8308833724910765,True,False,0,1,1,CLUSTER4904,1,1.4312517871275792,0.7125169773066534,0.8791454971035131,,,,,0,,0.1685056642646229,1,ai_phishing+account_takeover,social_engineering+access,text_generation+credential_stuffing_automation,0.943,True,synthetic
TXN632990211803,U7670259,2026-06-03 02:42:04,187.45,USD,card_not_present_online,upi,MID689492,5964,Direct Marketing / Catalog,0.112,DEV96431044,windows_desktop,0.09977174091185645,EG,AU,True,2,False,285.8330496675617,4,0,3.93,340,web_remote,in_branch_verified,subprime,47.68,163,1,0,0.18185832868274404,0.9705864849115524,True,False,0,1,1,CLUSTER8614,2,1.6878169844823006,0.9331654949362725,0.9193344832168585,,,,,0,,0.15664359355226523,1,ai_phishing+account_takeover,social_engineering+access,text_generation+credential_stuffing_automation,0.89,True,synthetic
TXN728700645469,U1462929,2026-08-29 18:00:30,147.77,USD,p2p_transfer,upi,MID571379,5691,Apparel,0.291,DEV37792115,linux_desktop,0.05282003440038799,ID,GB,True,18,False,230.52263771301284,6,1,11.03,585,api_partner_onboarding,basic_document,prime,67.86,271,1,0,0.7290077119205236,0.8734515757730715,True,True,0,1,2,CLUSTER9126,1,1.0510116814942498,0.8068256924051154,0.8154605818711854,,,,,0,,0.03541234688434436,1,ai_phishing+account_takeover,social_engineering+access,text_generation+credential_stuffing_automation,0.958,True,synthetic
TXN772414741271,U9782051,2026-07-10 22:32:15,646.23,USD,p2p_transfer,credit_card,MID348986,6300,Insurance,0.036,DEV76191811,linux_desktop,0.17044113637294944,RU,US,True,22,False,374.328439143249,8,3,10.67,243,api_partner_onboarding,basic_document,subprime,60.54,49,1,2,0.2706052755550173,0.8553723145426771,True,False,0,1,1,CLUSTER4722,2,1.0248779065428273,0.7943429624555871,0.9172368671940557,,,,,0,,0.06706087988718781,1,ai_phishing+account_takeover,social_engineering+access,text_generation+credential_stuffing_automation,0.905,True,synthetic
TXN936553108398,U8072230,2026-07-05 01:45:57,354.81,USD,p2p_transfer,upi,MID259900,5921,Liquor Stores,0.345,DEV44611916,android_mobile,0.04038457227544638,PK,GB,True,1,True,62.1561341955164,3,0,2.66,294,agent_assisted,video_verified,subprime,133.38,221,2,0,0.11504388004140265,0.9201173729057818,False,True,0,1,1,CLUSTER5799,1,0.21701914915122544,0.7880217639845036,0.7773861091350953,,,,,0,,0.022048330215335064,1,ai_phishing+account_takeover,social_engineering+access,text_generation+credential_stuffing_automation,0.973,True,synthetic
TXN361925425792,U7340753,2026-08-01 21:41:27,115.53,USD,card_not_present_online,upi,MID449574,5921,Liquor Stores,0.007,DEV19017028,linux_desktop,0.04691923908003131,NG,SE,True,21,False,362.8019248422255,3,4,10.09,456,agent_assisted,unverified,prime,29.83,286,1,0,0.5996860143430826,0.7195494209930141,True,False,0,1,2,CLUSTER3681,2,2.930914101785805,0.7225621404884814,0.9464922654434051,,,,,0,,0.012219891521004634,1,ai_phishing+account_takeover,social_engineering+access,text_generation+credential_stuffing_automation,0.979,True,synthetic
TXN680695961325,U7407806,2026-08-28 02:22:42,207.89,USD,p2p_transfer,bank_transfer,MID777745,6012,Financial Institutions - Merchandise/Services,0.096,DEV57901092,windows_desktop,0.07589608306453452,NG,GB,True,2,False,455.82265494450616,6,1,19.02,797,api_partner_onboarding,unverified,prime,10.93,58,1,0,0.1300131813412362,0.9242129743567528,True,False,0,1,2,CLUSTER8386,2,0.24239855667963872,0.8264142282467648,0.9808136374890551,,,,,0,,0.16034751239872924,1,ai_phishing+account_takeover,social_engineering+access,text_generation+credential_stuffing_automation,0.871,True,synthetic
TXN135778653197,U9225545,2026-06-20 04:39:37,308.59,USD,card_not_present_online,upi,MID825360,5964,Direct Marketing / Catalog,0.164,DEV52302037,android_mobile,0.08483485358586186,PK,AU,True,4,True,78.12747972906497,5,1,4.9,92,in_branch,video_verified,super_prime,62.95,156,2,0,0.22061706394984926,0.9602662862392035,True,False,0,1,2,CLUSTER3067,3,0.6365721026955317,0.9596222508052218,0.7838182592413252,,,,,0,,0.06176872284851772,1,ai_phishing+account_takeover,social_engineering+access,text_generation+credential_stuffing_automation,0.895,True,synthetic
TXN361628408379,U0451861,2026-07-20 19:55:19,498.25,USD,card_not_present_online,upi,MID228732,7995,Betting / Gambling,0.151,DEV44029366,mac_desktop,0.12787784309367478,PK,GB,True,19,False,315.8959153107158,4,1,7.25,201,agent_assisted,basic_document,prime,37.28,120,1,2,0.6507529954130107,0.7509139914410177,True,False,0,1,2,CLUSTER4763,3,1.8828223346992523,0.8754793800293126,0.8253514370442121,,,,,0,,0.2595544889109059,1,ai_phishing+account_takeover,social_engineering+access,text_generation+credential_stuffing_automation,0.911,True,synthetic
TXN600743248825,U8899555,2026-06-07 20:26:46,255.42,USD,card_not_present_online,credit_card,MID983689,5941,Sporting Goods,0.321,DEV54756347,android_mobile,0.1293072237874538,PK,NL,True,20,False,110.57920216546965,8,0,9.32,498,mobile_app_remote,basic_document,thin_file,27.41,158,2,1,0.25764698151174015,0.9261352166326671,False,False,0,1,2,CLUSTER6370,3,0.3454783123485845,0.8471901140795571,0.9129227575855179,,,,,0,,0.04297370652934488,1,ai_phishing+account_takeover,social_engineering+access,text_generation+credential_stuffing_automation,0.89,True,synthetic
TXN563097278150,U3854932,2026-06-17 08:43:38,449.54,USD,p2p_transfer,debit_card,MID141849,5311,Department Stores,0.221,DEV50355336,windows_desktop,0.046524389862030585,PK,SG,True,8,False,428.50225945296506,6,1,9.73,302,mobile_app_remote,video_verified,near_prime,46.22,71,2,0,0.380044722468753,0.89986294433852,True,False,0,1,2,CLUSTER8443,1,0.5851195743026996,0.7672819398008281,0.9387880174983099,,,,,0,,0.2261273982834476,1,ai_phishing+account_takeover,social_engineering+access,text_generation+credential_stuffing_automation,0.934,True,synthetic
TXN993587568611,U7760735,2026-08-05 07:09:03,800.21,USD,card_not_present_online,debit_card,MID268554,8011,Healthcare,0.186,DEV24844561,android_mobile,0.1523800549507021,RU,JP,True,7,False,261.35760047331286,4,1,28.73,629,in_branch,in_branch_verified,near_prime,27.85,171,2,0,0.23376326429947572,0.8773564985861448,True,False,0,1,1,CLUSTER7766,2,0.6682988684004303,0.8081535521755023,0.845188422146986,,,,,0,,0.00830441043658906,1,ai_phishing+account_takeover,social_engineering+access,text_generation+credential_stuffing_automation,0.946,True,synthetic
TXN434161452193,U7002363,2026-08-13 14:33:35,147.04,USD,card_not_present_online,digital_wallet,MID597766,6012,Financial Institutions - Merchandise/Services,0.217,DEV38859038,mac_desktop,0.115219935017943,BD,GB,True,14,False,213.6216847745463,8,0,19.21,872,in_branch,in_branch_verified,prime,24.02,97,2,0,0.7773211213634609,0.8441199891159594,True,False,0,1,2,CLUSTER8110,3,2.361416669378821,0.7851666433905757,0.8502495116961702,,,,,0,,0.2850957461783431,1,ai_phishing+account_takeover,social_engineering+access,text_generation+credential_stuffing_automation,0.929,True,synthetic
TXN962582072090,U4980981,2026-08-01 18:42:58,792.14,USD,card_not_present_online,credit_card,MID404569,4829,Money Transfer,0.021,DEV43055047,linux_desktop,0.15724026619132164,BD,NL,True,18,False,355.1511710042872,5,2,31.35,821,web_remote,video_verified,subprime,12.23,150,2,0,0.6749411585225417,0.8750925433704356,True,False,0,1,2,CLUSTER5374,3,2.5241964292099994,0.7869675915746186,0.8703262307756936,,,,,0,,0.004479211741922095,1,ai_phishing+account_takeover,social_engineering+access,text_generation+credential_stuffing_automation,0.895,True,synthetic
TXN210255432365,U6543872,2026-08-29 16:53:40,585.48,USD,card_not_present_online,bank_transfer,MID207349,7995,Betting / Gambling,0.233,DEV74138457,mac_desktop,0.12878224200579783,PK,AU,True,16,True,261.19152750440765,8,1,5.23,749,in_branch,basic_document,near_prime,76.91,213,2,0,0.7940738396267902,0.830236045068517,True,False,0,1,2,CLUSTER8649,3,1.3967349897542267,0.723966795640442,0.8944066179196799,,,,,0,,0.19552083868108963,1,ai_phishing+account_takeover,social_engineering+access,text_generation+credential_stuffing_automation,0.973,True,synthetic
TXN743606467476,U4640897,2026-07-22 18:52:17,925.54,USD,p2p_transfer,bank_transfer,MID944051,6300,Insurance,0.17,DEV68700244,android_mobile,0.028341811658102057,EG,GB,True,18,False,557.8800423588838,7,0,8.91,276,mobile_app_remote,unverified,super_prime,25.81,21,1,0,0.6402336878085308,0.8950741549549686,True,False,0,1,1,CLUSTER5251,1,2.6180158335027572,0.8489841590165152,0.8822250005162576,,,,,0,,0.16977337353365385,1,ai_phishing+account_takeover,social_engineering+access,text_generation+credential_stuffing_automation,0.948,True,synthetic
TXN593042261899,U8948021,2026-07-16 06:28:18,151.5,USD,p2p_transfer,upi,MID909368,5812,Restaurants,0.104,DEV14521409,ios_mobile,0.16844438055697664,RU,JP,True,6,True,512.951738486315,8,0,9.49,85,mobile_app_remote,basic_document,prime,45.78,261,1,0,0.5759036067525443,0.9431190073733575,True,False,0,1,2,CLUSTER6030,1,2.43405672482994,0.8312867636893606,0.791816477637057,,,,,0,,0.25780800253213376,1,ai_phishing+account_takeover,social_engineering+access,text_generation+credential_stuffing_automation,0.915,True,synthetic
TXN832657361837,U8568843,2026-08-04 14:15:31,338.2,USD,card_not_present_online,credit_card,MID946151,5311,Department Stores,0.167,DEV38337775,ios_mobile,0.03347116553797855,NG,AU,True,14,False,535.0279005263728,5,2,11.97,126,in_branch,basic_document,super_prime,33.14,149,1,1,0.7613616242556605,0.9018481285996884,True,False,0,1,1,CLUSTER9564,3,0.3607537074336603,0.969386689557195,0.8531603487195678,,,,,0,,0.047338283353340456,1,ai_phishing+account_takeover,social_engineering+access,text_generation+credential_stuffing_automation,0.966,True,synthetic
TXN916098188220,U4779264,2026-08-25 14:23:43,152.46,USD,card_not_present_online,bank_transfer,MID426856,5967,Direct Marketing / Adult,0.183,DEV78946179,windows_desktop,0.07520894859434499,RU,US,True,14,False,50.350134137951684,8,0,1.69,527,api_partner_onboarding,unverified,thin_file,90.36,112,1,0,0.31189041157608843,0.7413851749698124,True,False,0,1,2,CLUSTER9376,3,2.28137495251292,0.9186206957855341,0.8930957646713912,,,,,0,,0.26276874006630113,1,ai_phishing+account_takeover,social_engineering+access,text_generation+credential_stuffing_automation,0.969,True,synthetic
TXN857846306830,U8414092,2026-07-24 18:04:09,252.92,USD,p2p_transfer,digital_wallet,MID509667,5311,Department Stores,0.346,DEV55547716,mac_desktop,0.07967419557367163,RU,CA,True,18,True,551.2349029990226,5,0,5.26,266,mobile_app_remote,unverified,near_prime,55.16,278,1,0,0.5992473347801285,0.9074424418975175,True,False,0,1,1,CLUSTER1428,2,0.1780078587762105,0.8016079207821427,0.8954909977095686,,,,,0,,0.020948834243558277,1,ai_phishing+account_takeover,social_engineering+access,text_generation+credential_stuffing_automation,0.941,True,synthetic
TXN946615794037,U7967334,2026-08-18 15:39:19,160.28,USD,p2p_transfer,credit_card,MID338297,4829,Money Transfer,0.128,DEV89888936,linux_desktop,0.17453955926496806,BD,JP,True,15,False,130.6091523589974,3,1,7.92,442,agent_assisted,video_verified,subprime,25.18,47,2,1,0.6882401866669835,0.8969041771059508,True,False,0,1,2,CLUSTER2112,2,0.035298209256233504,0.9694114997409189,0.8367277847604778,,,,,0,,0.27521465730547245,1,ai_phishing+account_takeover,social_engineering+access,text_generation+credential_stuffing_automation,0.92,True,synthetic
TXN886501786330,U4165934,2026-06-01 16:52:07,224.3,USD,p2p_transfer,prepaid_card,MID867345,5967,Direct Marketing / Adult,0.085,DEV97137866,android_mobile,0.16261694295468146,PK,GB,True,16,False,453.6365126252943,7,1,5.59,847,mobile_app_remote,basic_document,near_prime,33.03,121,1,1,0.5850933893984892,0.8540695716433205,True,True,0,1,2,CLUSTER5550,1,1.4012551483898223,0.889118928427225,0.7825997338448618,,,,,0,,0.030672461223494627,1,ai_phishing+account_takeover,social_engineering+access,text_generation+credential_stuffing_automation,0.946,True,synthetic
TXN954227551466,U8782622,2026-08-08 22:07:12,507.28,USD,card_not_present_online,prepaid_card,MID344870,6011,ATM / Cash Disbursement,0.312,DEV52853036,ios_mobile,0.14572302093463432,ID,DE,True,22,True,292.917855638862,3,1,23.83,123,in_branch,in_branch_verified,subprime,21.29,130,1,0,0.23604433269713623,0.8878580002720751,True,False,0,1,1,CLUSTER4091,3,2.2868693267905287,0.8290408619113527,0.9751575018015716,,,,,0,,0.1578063901218641,1,ai_phishing+account_takeover,social_engineering+access,text_generation+credential_stuffing_automation,0.958,True,synthetic
TXN446533108813,U8296690,2026-06-12 00:52:40,287.41,USD,p2p_transfer,prepaid_card,MID411956,6051,Crypto / Digital Currency,0.082,DEV74549539,windows_desktop,0.1652657907858292,EG,US,True,0,False,333.1617160756665,7,0,9.78,520,web_remote,in_branch_verified,near_prime,29.39,213,2,0,0.12965075991980707,0.8392840120594359,True,False,0,1,1,CLUSTER2360,1,0.7373492637677775,0.7441226996358152,0.9003616772948133,,,,,0,,0.2495962931705498,1,ai_phishing+account_takeover,social_engineering+access,text_generation+credential_stuffing_automation,0.951,True,synthetic
TXN571596779547,U6367054,2026-06-09 15:03:57,220.86,USD,p2p_transfer,prepaid_card,MID719144,5999,Misc Retail,0.405,DEV25739832,linux_desktop,0.09072543817630448,EG,DE,True,15,True,207.992950688703,4,1,14.37,225,mobile_app_remote,basic_document,near_prime,18.15,77,1,0,0.795333573497234,0.8168735383339336,True,False,1,1,2,CLUSTER6250,2,2.091921245989865,0.8582293711809121,0.933611334275051,,,,,0,,0.14149457557994977,1,ai_phishing+account_takeover,social_engineering+access,text_generation+credential_stuffing_automation,0.936,True,synthetic
TXN866386787463,U2485138,2026-07-01 23:37:34,440.9,USD,card_not_present_online,bank_transfer,MID957837,5661,Shoe Stores,0.23,DEV22856766,windows_desktop,0.16514509487410486,PK,SG,True,23,True,237.79949672695176,4,2,8.26,419,mobile_app_remote,in_branch_verified,prime,53.41,40,2,0,0.3299223751686915,0.7423624264669468,True,False,0,1,1,CLUSTER3605,3,1.4587547231188478,0.8909175300372,0.9213918801018813,,,,,0,,0.12517797626277427,1,ai_phishing+account_takeover,social_engineering+access,text_generation+credential_stuffing_automation,0.852,True,synthetic
TXN737863329475,U3918716,2026-06-06 17:51:42,90.4,USD,p2p_transfer,upi,MID183252,7995,Betting / Gambling,0.144,DEV30420627,mac_desktop,0.02384884810798841,RU,SG,True,17,True,463.103406646494,2,0,2.82,293,agent_assisted,basic_document,subprime,70.64,82,1,1,0.8205495484207989,0.7597697284637971,True,False,0,1,2,CLUSTER5523,2,1.3385368823106434,0.8582184377028492,0.9558589223380423,,,,,0,,0.2525683524231074,1,ai_phishing+account_takeover,social_engineering+access,text_generation+credential_stuffing_automation,0.877,True,synthetic
TXN371274177127,U6125865,2026-08-06 13:54:35,171.59,USD,p2p_transfer,digital_wallet,MID722635,6300,Insurance,0.142,DEV45967018,linux_desktop,0.03896521982107441,EG,SG,True,13,False,490.80681508734955,7,0,8.29,501,web_remote,in_branch_verified,subprime,32.57,296,2,0,0.7777355086736737,0.8273289180846015,False,False,0,1,1,CLUSTER7307,3,0.9957909413648383,0.9412390545160538,0.9833647724464949,,,,,0,,0.09322116082391368,1,ai_phishing+account_takeover,social_engineering+access,text_generation+credential_stuffing_automation,0.923,True,synthetic
TXN317463714225,U0994859,2026-06-07 22:27:18,204.13,USD,card_not_present_online,digital_wallet,MID357457,5964,Direct Marketing / Catalog,0.248,DEV39127369,android_mobile,0.16497921673628305,ID,SG,True,22,False,529.5247051288138,6,2,14.35,209,web_remote,unverified,near_prime,26.09,287,1,1,0.7736226850948592,0.877329034939706,True,False,0,1,2,CLUSTER7357,1,2.718852965838794,0.7987533652709838,0.8604376322590297,,,,,0,,0.06682766330718402,1,ai_phishing+account_takeover,social_engineering+access,text_generation+credential_stuffing_automation,0.954,True,synthetic
TXN602548036896,U9896656,2026-08-15 03:30:16,225.75,USD,p2p_transfer,prepaid_card,MID237914,5921,Liquor Stores,0.167,DEV76016554,linux_desktop,0.10262327387614362,ID,US,True,3,False,281.75847695720336,5,2,6.5,677,web_remote,video_verified,prime,34.71,73,1,0,0.2130454734643035,0.7779441106802724,True,False,0,1,1,CLUSTER2451,2,0.22538851773412938,0.948612319993813,0.8763529721948365,,,,,0,,0.1467405235506431,1,ai_phishing+account_takeover,social_engineering+access,text_generation+credential_stuffing_automation,0.965,True,synthetic
TXN208531383661,U5378524,2026-08-02 21:30:07,324.99,USD,card_not_present_online,debit_card,MID221109,5311,Department Stores,0.38,DEV53812546,linux_desktop,0.19270310384130415,ID,AU,True,21,False,32.95794648961572,3,1,4.49,75,api_partner_onboarding,video_verified,subprime,72.42,6,1,0,0.26157183499894,0.727296898440732,True,False,0,1,2,CLUSTER4913,1,0.45350514378965157,0.7034208633680651,0.7740068621089615,,,,,0,,0.16936451674111155,1,ai_phishing+account_takeover,social_engineering+access,text_generation+credential_stuffing_automation,0.916,True,synthetic
TXN626272968330,U4890810,2026-07-07 13:40:16,371.74,USD,card_not_present_online,digital_wallet,MID166574,6011,ATM / Cash Disbursement,0.11,DEV14103897,android_mobile,0.08363298831904352,BD,CA,True,13,False,526.892882726107,3,1,18.17,284,web_remote,in_branch_verified,near_prime,20.46,176,1,1,0.34265476246895465,0.7245277727774907,True,False,0,1,2,CLUSTER9345,2,1.0033999275818508,0.719201993359725,0.8310944814240033,,,,,0,,0.0445306299547313,1,ai_phishing+account_takeover,social_engineering+access,text_generation+credential_stuffing_automation,0.958,True,synthetic
TXN494926313154,U8016918,2026-06-14 22:00:17,321.74,USD,p2p_transfer,prepaid_card,MID424210,4899,Cable / Streaming Services,0.068,DEV37340803,android_mobile,0.05692581099562306,EG,JP,True,22,True,170.3438649037045,6,3,16.28,223,in_branch,in_branch_verified,thin_file,19.76,217,2,0,0.11751483237449231,0.750343293534532,True,False,0,1,1,CLUSTER5833,2,0.6132930277034626,0.7942209568362213,0.9761824850200842,,,,,0,,0.26934408782782054,1,ai_phishing+account_takeover,social_engineering+access,text_generation+credential_stuffing_automation,0.971,True,synthetic
TXN416817174822,U8764215,2026-06-18 07:33:48,449.34,USD,p2p_transfer,debit_card,MID934638,4899,Cable / Streaming Services,0.146,DEV12604254,android_mobile,0.05376613700925831,PK,CA,True,7,True,430.5263959568177,8,1,20.61,590,agent_assisted,basic_document,subprime,21.8,9,1,0,0.21694974544705214,0.8063370009221731,False,True,0,1,2,CLUSTER6237,3,0.2591560027658345,0.7052734099878929,0.8484434217200736,,,,,0,,0.13798308821754973,1,ai_phishing+account_takeover,social_engineering+access,text_generation+credential_stuffing_automation,0.884,True,synthetic
TXN237120631022,U4038456,2026-07-12 01:00:07,265.59,USD,p2p_transfer,credit_card,MID538289,8299,Educational Services,0.388,DEV18030659,linux_desktop,0.054076903497827955,RU,CA,True,1,False,65.4788441840962,7,3,12.55,454,agent_assisted,basic_document,thin_file,21.17,124,1,1,0.1465704892768697,0.9375004003064172,True,False,0,1,2,CLUSTER5294,2,1.044472269360275,0.7334091461148377,0.9236558566777819,,,,,0,,0.24879928742839336,1,ai_phishing+account_takeover,social_engineering+access,text_generation+credential_stuffing_automation,0.979,True,synthetic
TXN906882178061,U0628432,2026-07-29 22:57:39,602.56,USD,p2p_transfer,credit_card,MID728454,5999,Misc Retail,0.18,DEV14909632,mac_desktop,0.027396789258643774,VN,GB,True,22,True,523.3163234531255,5,2,4.92,677,api_partner_onboarding,in_branch_verified,subprime,105.59,286,2,0,0.6520077043007718,0.8468380828208872,False,False,0,1,2,CLUSTER5213,1,0.18355313431399778,0.788786626915307,0.7553534698678789,,,,,0,,0.034450350624789405,1,ai_phishing+account_takeover,social_engineering+access,text_generation+credential_stuffing_automation,0.917,True,synthetic
TXN677878418959,U9511174,2026-07-20 17:09:34,1283.72,USD,p2p_transfer,digital_wallet,MID924313,4899,Cable / Streaming Services,0.274,DEV98713241,windows_desktop,0.15323708372006542,EG,US,True,17,False,263.383822041263,6,2,51.64,567,in_branch,basic_document,subprime,24.86,209,1,3,0.3775029559647334,0.7298284314047658,True,False,0,1,2,CLUSTER6995,2,2.8480074030027467,0.9370338884581746,0.8311095791514764,,,,,0,,0.17877190553364347,1,ai_phishing+account_takeover,social_engineering+access,text_generation+credential_stuffing_automation,0.97,True,synthetic
TXN195488512489,U1319937,2026-06-08 10:59:16,246.67,USD,p2p_transfer,debit_card,MID125584,5311,Department Stores,0.062,DEV53021980,linux_desktop,0.19468540627746023,NG,JP,True,10,False,33.42477822851823,4,2,7.67,205,in_branch,video_verified,prime,32.16,112,2,1,0.16411766490659607,0.9211220522352832,True,False,0,1,1,CLUSTER3830,2,1.570597810277849,0.7249248591497023,0.9256854969594128,,,,,0,,0.2670081451057638,1,ai_phishing+account_takeover,social_engineering+access,text_generation+credential_stuffing_automation,0.881,True,synthetic
TXN465279841307,U7078571,2026-08-15 21:27:02,160.12,USD,p2p_transfer,credit_card,MID236361,5661,Shoe Stores,0.125,DEV15709206,mac_desktop,0.13045485716921662,BD,SE,True,21,False,510.8821459532253,2,1,18.77,340,in_branch,unverified,near_prime,24.55,131,2,1,0.7305289507987722,0.8602194107778518,False,False,0,1,1,CLUSTER7885,3,1.5441468956479816,0.8789878520163653,0.9421665521948109,,,,,0,,0.29378098442299905,1,ai_phishing+account_takeover,social_engineering+access,text_generation+credential_stuffing_automation,0.899,True,synthetic
TXN197900381975,U1927863,2026-08-09 12:20:08,685.58,USD,card_not_present_online,prepaid_card,MID531601,6011,ATM / Cash Disbursement,0.146,DEV61695620,windows_desktop,0.179972016804254,PK,GB,True,12,True,552.5188695183717,8,2,18.97,138,web_remote,in_branch_verified,thin_file,36.14,209,1,0,0.14485639807276618,0.7482195701939571,True,False,0,1,2,CLUSTER5742,2,1.6874233272891703,0.9020473386001855,0.8302280756811596,,,,,0,,0.28526468379339703,1,ai_phishing+account_takeover,social_engineering+access,text_generation+credential_stuffing_automation,0.923,True,synthetic
TXN445727847840,U9339587,2026-08-01 10:40:16,480.15,USD,p2p_transfer,upi,MID632074,5921,Liquor Stores,0.222,DEV64863867,mac_desktop,0.047733329102905606,BD,NL,True,10,True,467.3891343037751,2,2,17.33,713,web_remote,video_verified,near_prime,27.7,162,1,1,0.14726481560849233,0.8010195631870548,True,False,0,1,2,CLUSTER2110,3,2.3494094850744305,0.8726790878923312,0.7516192635119663,,,,,0,,0.18371861208432852,1,ai_phishing+account_takeover,social_engineering+access,text_generation+credential_stuffing_automation,0.906,True,synthetic
TXN356889069401,U0527494,2026-08-19 09:06:45,153.03,USD,card_not_present_online,credit_card,MID158282,5941,Sporting Goods,0.07,DEV83858624,android_mobile,0.13785978408564487,RU,JP,True,9,False,125.06356720484574,8,1,3.03,615,agent_assisted,basic_document,prime,50.49,190,2,0,0.38334683914350054,0.8710561411540784,True,False,0,1,1,CLUSTER2657,2,1.1158767731969057,0.9471255469403053,0.9217318380599804,,,,,0,,0.04461815298929667,1,ai_phishing+account_takeover,social_engineering+access,text_generation+credential_stuffing_automation,0.901,True,synthetic
TXN397939683324,U3590564,2026-07-17 18:39:56,136.04,USD,card_not_present_online,debit_card,MID401964,5311,Department Stores,0.241,DEV91527787,mac_desktop,0.06586066360989558,ID,NL,True,18,False,75.46490966930013,5,1,10.74,172,agent_assisted,in_branch_verified,prime,22.04,193,1,1,0.6574864710026868,0.7379388183653496,True,False,0,1,1,CLUSTER3622,1,2.4009828687297046,0.7928216307706898,0.8622653548624049,,,,,0,,0.13273368618804574,1,ai_phishing+account_takeover,social_engineering+access,text_generation+credential_stuffing_automation,0.911,True,synthetic
TXN839599607903,U9317486,2026-07-29 06:24:16,161.97,USD,card_not_present_online,debit_card,MID105701,6012,Financial Institutions - Merchandise/Services,0.126,DEV43941845,mac_desktop,0.09163145616775027,VN,NL,True,6,False,311.22149843355703,4,1,5.87,386,web_remote,unverified,subprime,27.6,220,2,0,0.27921712770098905,0.8680560002345762,False,False,0,1,2,CLUSTER4386,2,2.591622813784743,0.851503623528211,0.9639043850533916,,,,,0,,0.014866040820134306,1,ai_phishing+account_takeover,social_engineering+access,text_generation+credential_stuffing_automation,0.949,True,synthetic
TXN441958776513,U9206455,2026-08-27 22:55:30,127.67,USD,card_not_present_online,prepaid_card,MID751308,5967,Direct Marketing / Adult,0.066,DEV99529292,android_mobile,0.15742483592987533,VN,NL,True,22,True,194.54531002444034,6,2,14.24,83,mobile_app_remote,video_verified,prime,46.4,250,1,0,0.5680613940444357,0.9158440997325075,True,False,0,1,2,CLUSTER3456,1,1.5054377498888183,0.9173933739621954,0.91433462384729,,,,,0,,0.16234639381567453,1,ai_phishing+account_takeover,social_engineering+access,text_generation+credential_stuffing_automation,0.911,True,synthetic
TXN573798603204,U3135837,2026-08-15 11:46:48,1493.33,USD,card_not_present_online,digital_wallet,MID582991,4111,Transit / Transportation,0.243,DEV43620431,android_mobile,0.09008993350160972,RU,CA,True,11,True,217.62103480261652,2,2,90.72,292,web_remote,unverified,near_prime,16.46,23,1,0,0.3198547600712054,0.9091967260636556,True,False,0,1,1,CLUSTER7319,3,1.018563136107033,0.762849157916043,0.8377304194290873,,,,,0,,0.1531768842966246,1,ai_phishing+account_takeover,social_engineering+access,text_generation+credential_stuffing_automation,0.891,True,synthetic
TXN178809937115,U3212636,2026-07-18 00:44:10,552.91,USD,p2p_transfer,bank_transfer,MID871597,4722,Travel Agencies,0.216,DEV44622327,linux_desktop,0.0579968858521859,BD,NL,True,0,True,264.1113036626549,8,0,9.54,327,api_partner_onboarding,basic_document,super_prime,57.95,117,1,1,0.17431669752755702,0.8578778333201145,False,False,0,1,1,CLUSTER7032,2,1.5997835624567704,0.7530903637985694,0.9057482884550405,,,,,0,,0.2535981919191751,1,ai_phishing+account_takeover,social_engineering+access,text_generation+credential_stuffing_automation,0.843,True,synthetic
TXN266882795391,U0966513,2026-06-16 21:38:57,802.69,USD,p2p_transfer,prepaid_card,MID943827,5967,Direct Marketing / Adult,0.233,DEV93637336,windows_desktop,0.08914604381697531,BD,AU,True,21,True,593.7753124722077,5,3,28.16,550,in_branch,unverified,near_prime,28.5,235,1,0,0.21743127458600942,0.7419468354402499,True,False,0,1,1,CLUSTER3722,3,1.5354622963014437,0.9326654776429718,0.9576212716936459,,,,,0,,0.027234840217169164,1,ai_phishing+account_takeover,social_engineering+access,text_generation+credential_stuffing_automation,0.893,True,synthetic
TXN327787711828,U3047016,2026-07-26 07:23:15,112.93,USD,card_not_present_online,credit_card,MID798508,5812,Restaurants,0.313,DEV13153745,mac_desktop,0.042400503086965316,EG,JP,True,7,False,586.8880072249602,4,0,5.03,871,mobile_app_remote,in_branch_verified,thin_file,42.66,98,1,2,0.8073929819998652,0.7571555392956912,False,False,0,1,1,CLUSTER8713,3,0.21939892393165772,0.8572494466021736,0.9076713639829458,,,,,0,,0.1429170643782785,1,ai_phishing+account_takeover,social_engineering+access,text_generation+credential_stuffing_automation,0.926,True,synthetic
TXN317741505963,U4373957,2026-06-17 20:54:52,401.5,USD,p2p_transfer,credit_card,MID887659,5411,Grocery Stores,0.141,DEV88669201,mac_desktop,0.09707170999818707,ID,CA,True,20,False,576.2105293044149,4,0,5.39,227,in_branch,in_branch_verified,near_prime,74.45,70,1,0,0.3226353675296837,0.9480817338165121,True,False,0,1,1,CLUSTER8833,2,0.1418923170034354,0.7286888783581446,0.8384712018873466,,,,,0,,0.1892287067872323,1,ai_phishing+account_takeover,social_engineering+access,text_generation+credential_stuffing_automation,0.973,True,synthetic
TXN877351817430,U3129651,2026-06-20 12:16:14,183.15,USD,p2p_transfer,digital_wallet,MID744175,5691,Apparel,0.443,DEV51923416,mac_desktop,0.13607282689588762,BD,JP,True,12,False,168.90493885829852,4,3,1.24,413,agent_assisted,in_branch_verified,subprime,147.37,53,2,0,0.13338191732313023,0.7075081228798682,True,True,0,1,2,CLUSTER5462,3,2.5613792861905353,0.832312663480624,0.7854669180540292,,,,,0,,0.05965242080673679,1,ai_phishing+account_takeover,social_engineering+access,text_generation+credential_stuffing_automation,0.918,True,synthetic
TXN267884579355,U2268066,2026-06-26 00:48:08,129.35,USD,p2p_transfer,upi,MID214730,4722,Travel Agencies,0.328,DEV99656237,mac_desktop,0.14152894065268054,PK,SE,True,0,False,513.00035809719,8,2,5.11,599,in_branch,basic_document,prime,30.35,99,1,0,0.768902147801843,0.8532495385106432,False,False,0,1,2,CLUSTER8121,3,0.18003416634704872,0.8436645770712341,0.9605730795676453,,,,,0,,0.25935862851022057,1,ai_phishing+account_takeover,social_engineering+access,text_generation+credential_stuffing_automation,0.903,True,synthetic
TXN936111816501,U6315662,2026-06-22 00:52:40,160.12,USD,card_not_present_online,upi,MID294274,6051,Crypto / Digital Currency,0.096,DEV35181484,linux_desktop,0.03876984077851897,ID,AU,True,0,True,151.12211865056304,3,0,7.7,167,api_partner_onboarding,basic_document,super_prime,35.84,133,1,0,0.7635337758879076,0.8921680369779761,True,False,0,1,2,CLUSTER1112,3,0.251235516652883,0.8786452056310152,0.9680707912183444,,,,,0,,0.12208489217040336,1,ai_phishing+account_takeover,social_engineering+access,text_generation+credential_stuffing_automation,0.933,True,synthetic
TXN899329909417,U0562658,2026-06-11 09:20:55,579.97,USD,card_not_present_online,debit_card,MID827418,5691,Apparel,0.237,DEV22074675,ios_mobile,0.021143836437330272,VN,GB,True,9,False,278.88216177284045,7,1,6.78,758,agent_assisted,in_branch_verified,prime,85.6,130,2,1,0.25895007564871597,0.8216942332418802,False,True,0,1,1,CLUSTER2469,1,2.7398270657708723,0.910832307091387,0.8997555598335331,,,,,0,,0.04619269289189948,1,ai_phishing+account_takeover,social_engineering+access,text_generation+credential_stuffing_automation,0.932,True,synthetic
TXN488587286406,U0323312,2026-06-26 18:01:56,196.16,USD,card_not_present_online,digital_wallet,MID937311,5941,Sporting Goods,0.163,DEV79323904,android_mobile,0.030422667463013094,VN,JP,True,18,False,368.6146575774175,5,1,117.11,102,in_branch,unverified,thin_file,14.8,180,1,0,0.8400437956699912,0.7801368408464229,True,False,0,1,1,CLUSTER4779,3,0.38651846358437447,0.8149260597366925,0.8074931215972782,,,,,0,,0.14637094123455519,1,ai_phishing+account_takeover,social_engineering+access,text_generation+credential_stuffing_automation,0.945,True,synthetic
TXN904972214622,U5646945,2026-06-18 10:46:02,617.33,USD,card_not_present_online,bank_transfer,MID719777,5999,Misc Retail,0.101,DEV25641910,linux_desktop,0.08877031767122101,RU,NL,True,10,True,201.96191240402788,6,1,10.02,669,web_remote,unverified,thin_file,61.64,79,1,0,0.21850056075275673,0.944299105749188,False,False,0,1,2,CLUSTER4312,2,1.9675241902569711,0.8212105950889393,0.9628227999582394,,,,,0,,0.09139879325403703,1,ai_phishing+account_takeover,social_engineering+access,text_generation+credential_stuffing_automation,0.946,True,synthetic
TXN593030950558,U1164893,2026-06-27 21:15:05,214.61,USD,card_not_present_online,debit_card,MID634524,7995,Betting / Gambling,0.363,DEV73794218,mac_desktop,0.04848081810434672,VN,NL,True,21,True,358.2466979316983,5,0,10.37,166,mobile_app_remote,unverified,super_prime,20.19,215,2,0,0.6406703235728707,0.8560209277204306,False,False,0,1,2,CLUSTER3673,3,0.2704875051917791,0.8896039565505452,0.8725974042162248,,,,,0,,0.17840545015204193,1,ai_phishing+account_takeover,social_engineering+access,text_generation+credential_stuffing_automation,0.949,True,synthetic
TXN638835758855,U0126765,2026-06-04 22:31:26,151.22,USD,card_not_present_online,prepaid_card,MID969808,5999,Misc Retail,0.12,DEV45079874,linux_desktop,0.08637749456513763,EG,AU,True,22,True,356.5285066514327,4,1,24.18,718,api_partner_onboarding,video_verified,near_prime,25.21,27,1,0,0.7523577349473476,0.9504696024785995,True,False,0,1,1,CLUSTER8426,3,0.08572402819984604,0.8721767656555144,0.7525175343473817,,,,,0,,0.07126615279754586,1,ai_phishing+account_takeover,social_engineering+access,text_generation+credential_stuffing_automation,0.954,True,synthetic
TXN318462236048,U2463457,2026-06-10 07:05:51,479.53,USD,p2p_transfer,digital_wallet,MID688197,5661,Shoe Stores,0.049,DEV74708798,mac_desktop,0.19762020234969274,EG,JP,True,7,True,292.05867522557963,3,0,13.74,156,api_partner_onboarding,basic_document,subprime,34.91,239,1,1,0.19254015276483633,0.821257859226648,True,False,0,1,1,CLUSTER2843,2,0.15127845293968567,0.9255540016299583,0.7885253464863303,,,,,0,,0.1414279027447061,1,ai_phishing+account_takeover,social_engineering+access,text_generation+credential_stuffing_automation,0.895,True,synthetic
TXN681790618026,U5046986,2026-07-23 01:19:33,35.01,USD,p2p_transfer,upi,MID521669,5967,Direct Marketing / Adult,0.406,DEV15053454,linux_desktop,0.10283727896770464,ID,JP,True,1,False,37.159852869054596,6,1,1.66,317,mobile_app_remote,in_branch_verified,prime,96.15,125,2,0,0.7596096853403435,0.7688819827583592,True,False,0,1,2,CLUSTER8191,2,0.6770493656785693,0.7518882843477822,0.8102500956052852,,,,,0,,0.1269487494234899,1,ai_phishing+account_takeover,social_engineering+access,text_generation+credential_stuffing_automation,0.823,True,synthetic
TXN793143396233,U2496811,2026-07-26 18:51:18,377.75,USD,p2p_transfer,upi,MID273996,6051,Crypto / Digital Currency,0.25,DEV86718219,ios_mobile,0.12507079546035244,PK,DE,True,18,False,346.097724149827,3,1,6.31,580,in_branch,basic_document,thin_file,35.3,47,2,2,0.8154272365293225,0.7016408955974973,True,False,0,1,1,CLUSTER7724,3,1.6422128952635453,0.8357032665447022,0.840001819748724,,,,,0,,0.06276899921194978,1,ai_phishing+account_takeover,social_engineering+access,text_generation+credential_stuffing_automation,0.954,True,synthetic
TXN758240031220,U3356032,2026-08-16 00:27:05,185.58,USD,p2p_transfer,digital_wallet,MID444505,5964,Direct Marketing / Catalog,0.005,DEV14931688,mac_desktop,0.14067065649987545,VN,SE,True,0,True,167.01479510818885,3,1,6.65,847,mobile_app_remote,in_branch_verified,super_prime,54.31,21,1,0,0.6281300275749482,0.861608452358148,False,False,0,1,1,CLUSTER1231,1,0.28042599476154206,0.9243711406753867,0.7573405732473326,,,,,0,,0.06298593172953627,1,ai_phishing+account_takeover,social_engineering+access,text_generation+credential_stuffing_automation,0.926,True,synthetic
TXN131565177775,U8818142,2026-08-21 18:37:23,502.17,USD,card_not_present_online,prepaid_card,MID798788,6012,Financial Institutions - Merchandise/Services,0.253,DEV16896812,ios_mobile,0.10525847800114436,BD,SG,True,18,True,473.40119269675273,7,0,21.63,541,mobile_app_remote,video_verified,subprime,27.08,143,1,0,0.5802511158680153,0.7674855674470253,True,False,0,1,1,CLUSTER1006,2,1.9724083169519817,0.9206409964799679,0.955842627754294,,,,,0,,0.2526377497057755,1,ai_phishing+account_takeover,social_engineering+access,text_generation+credential_stuffing_automation,0.893,True,synthetic
TXN545324392958,U7720526,2026-08-04 05:53:53,198.32,USD,card_not_present_online,bank_transfer,MID167274,5411,Grocery Stores,0.107,DEV19993752,ios_mobile,0.07639089063854498,VN,SG,True,5,True,345.25280496411915,2,0,11.65,218,web_remote,basic_document,prime,17.03,148,2,0,0.21570928642121473,0.9375875471788717,True,False,0,1,2,CLUSTER1854,3,1.836411540057794,0.8552449368760059,0.9481346694878598,,,,,0,,0.17253057844429281,1,ai_phishing+account_takeover,social_engineering+access,text_generation+credential_stuffing_automation,0.913,True,synthetic
TXN154477367745,U6868970,2026-08-05 06:28:02,311.35,USD,p2p_transfer,credit_card,MID631800,5967,Direct Marketing / Adult,0.096,DEV52968728,android_mobile,0.034105583392238875,VN,CA,True,6,False,477.79909519236503,6,2,4.6,355,web_remote,basic_document,near_prime,67.7,213,2,1,0.3390849699981685,0.8434603859810114,False,True,0,1,1,CLUSTER9079,2,2.310225877924896,0.8056524548319175,0.8207566298620502,,,,,0,,0.11696570541166051,1,ai_phishing+account_takeover,social_engineering+access,text_generation+credential_stuffing_automation,0.91,True,synthetic
TXN978805040188,U2465288,2026-06-26 20:32:57,279.44,USD,p2p_transfer,upi,MID326083,5311,Department Stores,0.123,DEV10952854,mac_desktop,0.026140739312629214,ID,AU,True,20,False,256.11091062821436,8,0,17.63,311,api_partner_onboarding,video_verified,subprime,15.85,150,1,0,0.3024750904982757,0.8777587525304174,True,True,0,1,1,CLUSTER4951,2,1.226585057637812,0.7023184912650999,0.8695327177484732,,,,,0,,0.007042226857660361,1,ai_phishing+account_takeover,social_engineering+access,text_generation+credential_stuffing_automation,0.978,True,synthetic
TXN312171977118,U9901793,2026-06-22 04:48:29,190.24,USD,card_not_present_online,upi,MID131694,5999,Misc Retail,0.132,DEV97542414,android_mobile,0.12830110692320087,NG,JP,True,4,True,259.310594711026,7,0,7.78,662,agent_assisted,video_verified,prime,47.83,156,1,0,0.7578215704693884,0.7464591669228549,False,False,0,1,2,CLUSTER4023,2,1.9977643131936014,0.7094317991709327,0.8694992826888169,,,,,0,,0.23299039190167556,1,ai_phishing+account_takeover,social_engineering+access,text_generation+credential_stuffing_automation,0.845,True,synthetic
TXN110366772989,U5395005,2026-07-17 02:41:13,552.87,USD,p2p_transfer,debit_card,MID237229,5541,Fuel / Gas Stations,0.137,DEV73188949,mac_desktop,0.029544492028594722,ID,SE,True,2,True,33.30815122208236,3,2,53.61,295,agent_assisted,video_verified,subprime,19.31,139,1,1,0.8088822910619049,0.7979457078329606,True,False,0,1,2,CLUSTER5404,2,0.23071187223287137,0.7523014226694155,0.8472550513856182,,,,,0,,0.17398651733634077,1,ai_phishing+account_takeover,social_engineering+access,text_generation+credential_stuffing_automation,0.941,True,synthetic
TXN671849442572,U0234142,2026-06-25 20:10:21,154.2,USD,p2p_transfer,digital_wallet,MID585633,5661,Shoe Stores,0.089,DEV43594978,windows_desktop,0.18431348672163156,EG,NL,True,20,False,348.04531526509254,8,1,4.32,276,api_partner_onboarding,basic_document,super_prime,35.7,31,1,0,0.17607902016498206,0.9225970202554439,True,False,0,1,2,CLUSTER7606,1,2.9695002806472486,0.8667970030398177,0.7523041670727841,,,,,0,,0.0198151288604822,1,ai_phishing+account_takeover,social_engineering+access,text_generation+credential_stuffing_automation,0.896,True,synthetic
TXN149466770728,U6078749,2026-07-17 14:49:50,226.82,USD,card_not_present_online,bank_transfer,MID495146,5921,Liquor Stores,0.043,DEV11557509,linux_desktop,0.06587023629785906,NG,US,True,14,False,528.6285633211238,5,0,3.39,548,in_branch,unverified,thin_file,66.98,202,2,1,0.26338777891275666,0.9550575586825678,True,True,0,1,2,CLUSTER4202,2,2.0104959014816655,0.8777526240346941,0.7608853789776995,,,,,0,,0.2661324748185656,1,ai_phishing+account_takeover,social_engineering+access,text_generation+credential_stuffing_automation,0.894,True,synthetic
TXN982446327107,U0314950,2026-06-06 19:56:22,145.91,USD,card_not_present_online,debit_card,MID706171,5999,Misc Retail,0.286,DEV23426455,ios_mobile,0.14715848619235197,PK,AU,True,19,True,368.62324998763853,2,3,12.61,251,in_branch,in_branch_verified,subprime,27.96,244,1,1,0.6233519048815049,0.9355838867856654,False,False,0,1,1,CLUSTER3449,3,2.155586284276561,0.75954005632005,0.7544532347020805,,,,,0,,0.04270830677761212,1,ai_phishing+account_takeover,social_engineering+access,text_generation+credential_stuffing_automation,0.948,True,synthetic
TXN329725954832,U0649762,2026-06-14 09:44:25,151.35,USD,p2p_transfer,upi,MID624020,5967,Direct Marketing / Adult,0.37,DEV67515130,mac_desktop,0.09605317393030081,EG,AU,True,9,False,274.79353015978757,7,2,17.87,810,mobile_app_remote,in_branch_verified,prime,20.11,14,2,0,0.657337261022452,0.7769997888779229,True,True,0,1,1,CLUSTER4587,1,0.10364293612611575,0.8463766964344859,0.7927413484588669,,,,,0,,0.1419521035983223,1,ai_phishing+account_takeover,social_engineering+access,text_generation+credential_stuffing_automation,0.876,True,synthetic
TXN547535409450,U3082604,2026-08-22 06:09:23,297.85,USD,p2p_transfer,debit_card,MID805267,5411,Grocery Stores,0.205,DEV63517250,android_mobile,0.13841771703137365,EG,CA,True,6,True,276.2961426870875,4,2,7.38,133,agent_assisted,video_verified,prime,33.02,125,1,0,0.7021328511986694,0.9211494703386165,True,True,0,1,2,CLUSTER7656,2,0.13735828110948234,0.8730120004749493,0.8141702936763623,,,,,0,,0.20730158763158024,1,ai_phishing+account_takeover,social_engineering+access,text_generation+credential_stuffing_automation,0.835,True,synthetic
TXN931441913116,U1646555,2026-07-01 21:23:23,134.92,USD,card_not_present_online,credit_card,MID376136,8011,Healthcare,0.1,DEV91604715,android_mobile,0.06784158675290297,ID,SE,True,21,True,170.73321878341343,4,0,5.37,733,mobile_app_remote,video_verified,subprime,52.5,273,1,0,0.8356813242676784,0.8152494414023826,False,False,0,1,1,CLUSTER6222,3,0.20672570850266958,0.9232013140212301,0.8401891031615105,,,,,0,,0.08848220402453316,1,ai_phishing+account_takeover,social_engineering+access,text_generation+credential_stuffing_automation,0.971,True,synthetic
TXN824397895491,U3833768,2026-08-13 09:30:18,183.5,USD,p2p_transfer,upi,MID600984,7011,Hotels / Lodging,0.152,DEV98474976,linux_desktop,0.11066470691265554,PK,SG,True,9,True,125.16584291019947,7,1,1.17,251,mobile_app_remote,unverified,near_prime,156.44,25,1,0,0.1324796458842708,0.7106262351311873,True,False,0,1,2,CLUSTER6266,3,2.1784076795941996,0.938983251947316,0.7676696686365004,,,,,0,,0.23164559485363784,1,ai_phishing+account_takeover,social_engineering+access,text_generation+credential_stuffing_automation,0.938,True,synthetic
TXN139754829709,U5776993,2026-08-14 14:54:58,215.96,USD,card_not_present_online,prepaid_card,MID802888,5541,Fuel / Gas Stations,0.288,DEV33562040,linux_desktop,0.05993028049286164,VN,SE,True,14,False,437.58233225662354,7,1,4.07,264,api_partner_onboarding,unverified,near_prime,53.11,117,1,0,0.34115274215793334,0.8789549302653588,True,False,0,1,2,CLUSTER7170,2,1.6810917185997996,0.8488212402300477,0.9113992481149293,,,,,0,,0.18599892172592494,1,ai_phishing+account_takeover,social_engineering+access,text_generation+credential_stuffing_automation,0.904,True,synthetic
TXN274659267666,U5051360,2026-07-08 13:52:19,281.11,USD,card_not_present_online,prepaid_card,MID364735,5691,Apparel,0.02,DEV21125822,mac_desktop,0.0864303944643245,EG,SE,True,13,True,122.79597283172306,7,1,1.62,625,web_remote,unverified,thin_file,173.89,124,2,0,0.20624033315724916,0.8449014599614252,True,False,0,1,2,CLUSTER3030,2,2.9646923765352047,0.8812666213269373,0.9509464234160936,,,,,0,,0.22808309872520874,1,ai_phishing+account_takeover,social_engineering+access,text_generation+credential_stuffing_automation,0.894,True,synthetic
TXN747975846505,U7720601,2026-06-02 19:20:09,493.63,USD,p2p_transfer,prepaid_card,MID874960,4899,Cable / Streaming Services,0.088,DEV43262030,linux_desktop,0.16982449258623797,ID,NL,True,19,False,149.51661857458882,4,2,17.76,591,api_partner_onboarding,basic_document,prime,27.79,23,2,0,0.15034815313167227,0.975149961300309,True,False,0,1,1,CLUSTER8609,2,2.2497481363452074,0.9684666775065514,0.9499826880287151,,,,,0,,0.15804644816759889,1,ai_phishing+account_takeover,social_engineering+access,text_generation+credential_stuffing_automation,0.838,True,synthetic
TXN698975505156,U9731902,2026-08-10 08:13:04,536.33,USD,p2p_transfer,upi,MID681533,4899,Cable / Streaming Services,0.122,DEV81925447,ios_mobile,0.057194570717045645,VN,SE,True,8,False,175.79962073834335,2,2,5.41,887,agent_assisted,unverified,super_prime,99.17,193,2,0,0.34054589247208505,0.9708359154910742,True,False,0,1,2,CLUSTER2446,3,0.9179731225562242,0.9410567282939876,0.9710197511359608,,,,,0,,0.1896749557971498,1,ai_phishing+account_takeover,social_engineering+access,text_generation+credential_stuffing_automation,0.968,True,synthetic
TXN628195724822,U6472472,2026-06-22 19:15:02,110.29,USD,p2p_transfer,upi,MID644763,8299,Educational Services,0.331,DEV27897191,linux_desktop,0.08029404545696885,ID,AU,True,19,False,116.00034869993728,2,0,7.09,154,in_branch,unverified,thin_file,24.19,88,2,0,0.6328148444326753,0.7827500643479103,False,False,0,1,1,CLUSTER7350,3,2.803247419218838,0.7435178300710289,0.8978071534727574,,,,,0,,0.1450788611586538,1,ai_phishing+account_takeover,social_engineering+access,text_generation+credential_stuffing_automation,0.953,True,synthetic
TXN876222711847,U5976113,2026-08-08 01:52:25,436.65,USD,card_not_present_online,prepaid_card,MID395749,5541,Fuel / Gas Stations,0.011,DEV19680211,android_mobile,0.12013897400383705,NG,SE,True,1,False,398.88844409700533,4,1,5.71,161,agent_assisted,unverified,subprime,55.48,207,1,0,0.5867663738132737,0.7905682046189778,True,False,1,1,2,CLUSTER8802,1,2.405290943864361,0.7757467155327954,0.7650829568373813,,,,,0,,0.23420719163464998,1,ai_phishing+account_takeover,social_engineering+access,text_generation+credential_stuffing_automation,0.94,True,synthetic
TXN678858181340,U8877685,2026-06-13 05:42:02,543.38,USD,p2p_transfer,upi,MID570970,5541,Fuel / Gas Stations,0.168,DEV92563075,windows_desktop,0.15745963327011095,PK,GB,True,5,False,202.8222329182114,7,1,8.51,154,agent_assisted,video_verified,near_prime,63.83,34,1,0,0.2584001804290115,0.8800101457995604,True,False,0,1,2,CLUSTER6095,1,0.7801654390967128,0.7055438565886474,0.8060531761542588,,,,,0,,0.2764300440346013,1,ai_phishing+account_takeover,social_engineering+access,text_generation+credential_stuffing_automation,0.948,True,synthetic
TXN491351672281,U5667241,2026-06-02 15:58:23,192.93,USD,card_not_present_online,upi,MID170644,5967,Direct Marketing / Adult,0.2,DEV85626232,ios_mobile,0.07382689611558266,ID,SG,True,15,True,415.92573808125957,7,0,7.25,308,mobile_app_remote,unverified,near_prime,26.62,257,1,0,0.3143131025661017,0.88145895504396,True,False,0,1,1,CLUSTER5166,3,1.0723810654916253,0.7255353028457576,0.7866119975712255,,,,,0,,0.07382726691490406,1,ai_phishing+account_takeover,social_engineering+access,text_generation+credential_stuffing_automation,0.941,True,synthetic
TXN473299941340,U3865610,2026-07-02 08:29:57,105.95,USD,p2p_transfer,bank_transfer,MID866141,4829,Money Transfer,0.253,DEV17850593,android_mobile,0.04927829456440079,BD,CA,True,8,True,467.9188156944053,7,1,15.69,278,mobile_app_remote,basic_document,prime,39.06,76,2,0,0.5781513107638572,0.7299587756353877,False,False,0,1,2,CLUSTER2291,1,1.5765842071611316,0.7839331382529295,0.7627586427366563,,,,,0,,0.07512509669754162,1,ai_phishing+account_takeover,social_engineering+access,text_generation+credential_stuffing_automation,0.931,True,synthetic
TXN954059973611,U5546932,2026-08-13 09:21:52,257.57,USD,p2p_transfer,bank_transfer,MID125445,5661,Shoe Stores,0.055,DEV33668786,android_mobile,0.14938503671357495,ID,AU,True,9,True,455.42552165265556,7,1,3.74,479,mobile_app_remote,video_verified,subprime,68.92,165,1,0,0.24940048779678342,0.9372441263296041,False,False,0,1,2,CLUSTER5107,3,0.5837472618381987,0.9281842603756766,0.7501770873888529,,,,,0,,0.10803966159025946,1,ai_phishing+account_takeover,social_engineering+access,text_generation+credential_stuffing_automation,0.919,True,synthetic
TXN336954492732,U6623651,2026-06-05 18:11:17,225.1,USD,p2p_transfer,bank_transfer,MID655518,6011,ATM / Cash Disbursement,0.089,DEV44082856,mac_desktop,0.09490033102564197,BD,SE,True,18,False,131.85902065542783,5,0,10.56,178,web_remote,video_verified,super_prime,41.4,280,1,2,0.7660205394727827,0.9063619934146575,False,False,0,1,1,CLUSTER1838,3,2.5237953298267453,0.9155602488723081,0.7751885306925939,,,,,0,,0.11357048204638888,1,ai_phishing+account_takeover,social_engineering+access,text_generation+credential_stuffing_automation,0.888,True,synthetic
TXN288728416845,U0257745,2026-06-23 10:39:17,173.58,USD,card_not_present_online,bank_transfer,MID466240,7995,Betting / Gambling,0.168,DEV79674359,mac_desktop,0.18830301873772387,RU,AU,True,10,False,292.51452188921246,3,2,13.98,110,in_branch,basic_document,subprime,12.42,284,1,0,0.16438819705304925,0.8285862112567095,True,False,0,1,2,CLUSTER5528,2,2.6054406931004297,0.7886102041012373,0.9144729906861783,,,,,0,,0.23722895213158363,1,ai_phishing+account_takeover,social_engineering+access,text_generation+credential_stuffing_automation,0.913,True,synthetic
TXN678946421362,U8456086,2026-08-06 07:08:03,134.49,USD,p2p_transfer,credit_card,MID507135,8299,Educational Services,0.316,DEV28080565,mac_desktop,0.17445638996353072,BD,NL,True,7,True,471.65303633338675,6,0,1.24,441,web_remote,in_branch_verified,thin_file,108.72,287,2,0,0.3439155929790244,0.8641389753820563,True,False,0,1,1,CLUSTER3594,1,0.06456435893325796,0.9486745808235608,0.774715990624401,,,,,0,,0.2841199581482405,1,ai_phishing+account_takeover,social_engineering+access,text_generation+credential_stuffing_automation,0.898,True,synthetic
TXN710565696231,U6135566,2026-06-15 07:52:54,320.57,USD,p2p_transfer,bank_transfer,MID925370,5311,Department Stores,0.419,DEV97813445,ios_mobile,0.05903599780860222,BD,CA,True,7,True,414.5424607764208,5,3,6.4,709,agent_assisted,video_verified,subprime,57.09,114,2,1,0.7479625975375058,0.7518028762088409,True,False,0,1,1,CLUSTER4695,1,0.19350146634669008,0.9384306555645487,0.7594240980825474,,,,,0,,0.25953878352384646,1,ai_phishing+account_takeover,social_engineering+access,text_generation+credential_stuffing_automation,0.844,True,synthetic
TXN887044961630,U8462079,2026-07-01 19:03:35,263.63,USD,card_not_present_online,digital_wallet,MID217337,5411,Grocery Stores,0.11,DEV71124653,windows_desktop,0.10772168464309442,ID,SG,True,19,True,496.99539902988954,4,2,18.11,531,api_partner_onboarding,unverified,prime,27.94,188,2,0,0.6047238776276059,0.8997052155565145,True,False,0,1,1,CLUSTER8614,1,0.09711018885709133,0.7949557516800861,0.9300394995585347,,,,,0,,0.1670325152298823,1,ai_phishing+account_takeover,social_engineering+access,text_generation+credential_stuffing_automation,0.902,True,synthetic
TXN571461333995,U2813259,2026-06-21 09:47:33,100.26,USD,card_not_present_online,credit_card,MID178178,4111,Transit / Transportation,0.21,DEV77243453,ios_mobile,0.16138810055977093,RU,US,True,9,False,378.66302455729533,3,1,3.95,104,api_partner_onboarding,unverified,near_prime,25.37,167,2,0,0.17547239604579568,0.8226156456453019,False,False,0,1,1,CLUSTER2310,1,0.722999747178374,0.8728034203065418,0.8920577448091702,,,,,0,,0.022864690897196192,1,ai_phishing+account_takeover,social_engineering+access,text_generation+credential_stuffing_automation,0.919,True,synthetic
TXN463260948166,U7824734,2026-07-23 14:59:16,131.96,USD,card_not_present_online,bank_transfer,MID443335,5311,Department Stores,0.296,DEV82936860,ios_mobile,0.10556247172619064,BD,US,True,14,False,316.1345898477348,7,1,17.88,899,web_remote,unverified,prime,34.75,183,2,1,0.7918524264816187,0.7225257900305961,True,False,0,1,1,CLUSTER2004,1,0.8402867483720454,0.8933429245206519,0.8473710372910831,,,,,0,,0.26514041559982804,1,ai_phishing+account_takeover,social_engineering+access,text_generation+credential_stuffing_automation,0.862,True,synthetic
TXN142650649557,U7057403,2026-08-20 17:21:53,1202.92,USD,p2p_transfer,prepaid_card,MID307919,7995,Betting / Gambling,0.103,DEV60203071,ios_mobile,0.1960012243272427,EG,NL,True,17,False,134.89806445406435,6,1,120.29,277,api_partner_onboarding,in_branch_verified,near_prime,9.26,173,2,0,0.3244476859034027,0.8337579191244294,False,False,0,1,2,CLUSTER4319,1,0.38731244458144964,0.9406003256903881,0.7925660738859333,,,,,0,,0.08891230086000249,1,ai_phishing+account_takeover,social_engineering+access,text_generation+credential_stuffing_automation,0.881,True,synthetic
TXN485375218349,U7394143,2026-08-20 00:56:31,552.73,USD,card_not_present_online,prepaid_card,MID898898,7011,Hotels / Lodging,0.124,DEV70869089,linux_desktop,0.0289958168191954,EG,GB,True,0,True,447.5359893511489,6,1,35.99,546,mobile_app_remote,basic_document,super_prime,8.53,202,2,1,0.7506731702171856,0.8646684987709963,True,True,0,1,1,CLUSTER4843,2,2.7098475623443985,0.7422390445143364,0.8751470636224067,,,,,0,,0.17859176814818412,1,ai_phishing+account_takeover,social_engineering+access,text_generation+credential_stuffing_automation,0.928,True,synthetic
TXN992722461033,U2679013,2026-08-17 06:59:44,85.19,USD,p2p_transfer,credit_card,MID410209,7011,Hotels / Lodging,0.062,DEV86974387,mac_desktop,0.17130526597320883,ID,DE,True,6,True,510.09986582046974,4,1,3.2,550,api_partner_onboarding,basic_document,near_prime,62.06,253,2,1,0.5590100055747962,0.872147372828588,True,True,0,1,1,CLUSTER3984,1,2.3658594811370817,0.7454906565303876,0.9789015289232968,,,,,0,,0.1716318022044239,1,ai_phishing+account_takeover,social_engineering+access,text_generation+credential_stuffing_automation,0.976,True,synthetic
TXN826432709676,U3518371,2026-08-27 18:54:00,271.03,USD,card_not_present_online,prepaid_card,MID205191,6011,ATM / Cash Disbursement,0.067,DEV60387644,windows_desktop,0.08029007613399806,VN,NL,True,18,False,255.63795019141884,2,2,11.25,879,web_remote,unverified,near_prime,19.61,257,1,2,0.7869216403204903,0.9661037756681936,True,False,0,1,1,CLUSTER8887,1,0.42038940886756826,0.7388315455220341,0.8496820885890384,,,,,0,,0.16659672695874314,1,ai_phishing+account_takeover,social_engineering+access,text_generation+credential_stuffing_automation,0.906,True,synthetic
TXN973922362237,U1903272,2026-08-03 06:15:35,771.74,USD,p2p_transfer,digital_wallet,MID714094,6300,Insurance,0.06,DEV82190202,linux_desktop,0.10900832785945316,NG,NL,True,6,True,126.4833112053581,4,0,12.28,552,mobile_app_remote,unverified,subprime,61.92,137,1,0,0.8154706778087842,0.86764958493406,True,False,0,1,2,CLUSTER5375,2,2.678893039074074,0.7568775137161304,0.9213743561402761,,,,,0,,0.14217111899197385,1,ai_phishing+account_takeover,social_engineering+access,text_generation+credential_stuffing_automation,0.846,True,synthetic
TXN786135456663,U1399425,2026-08-05 13:43:45,158.65,USD,p2p_transfer,digital_wallet,MID432124,5691,Apparel,0.465,DEV36560075,android_mobile,0.13299443093366017,RU,AU,True,13,True,108.51370077176375,7,2,7.27,252,api_partner_onboarding,unverified,thin_file,56.24,284,2,0,0.7381789745637051,0.9745867369064238,True,False,0,1,2,CLUSTER5067,2,2.8595295292515504,0.8123626122323206,0.9136099419878266,,,,,0,,0.2155566631610885,1,ai_phishing+account_takeover,social_engineering+access,text_generation+credential_stuffing_automation,0.914,True,synthetic
TXN918136795333,U6909214,2026-06-27 23:47:25,328.28,USD,p2p_transfer,bank_transfer,MID301494,5311,Department Stores,0.36,DEV11215167,linux_desktop,0.09956312419738231,NG,GB,True,23,False,264.0063439440123,5,2,14.64,418,api_partner_onboarding,basic_document,thin_file,10.38,175,2,1,0.7544628414416434,0.7364051085649009,False,False,0,1,2,CLUSTER2201,3,2.001551081994081,0.781194524527995,0.8488325087524464,,,,,0,,0.2662827825565352,1,ai_phishing+account_takeover,social_engineering+access,text_generation+credential_stuffing_automation,0.925,True,synthetic
TXN112738010405,U9514294,2026-07-30 16:17:34,629.44,USD,p2p_transfer,prepaid_card,MID546745,5999,Misc Retail,0.28,DEV88582976,windows_desktop,0.02283869493995147,NG,US,True,16,False,598.0185675238621,6,0,4.49,259,in_branch,video_verified,subprime,86.21,96,1,0,0.7202469261316862,0.9099184631635566,False,False,0,1,1,CLUSTER1217,3,0.6425984931320967,0.8620811115978869,0.872965479443784,,,,,0,,0.08906720537367839,1,ai_phishing+account_takeover,social_engineering+access,text_generation+credential_stuffing_automation,0.906,True,synthetic
TXN581875981870,U3577786,2026-07-24 07:49:39,298.61,USD,card_not_present_online,digital_wallet,MID388633,5311,Department Stores,0.2,DEV44533891,linux_desktop,0.022509575824287403,RU,GB,True,7,False,302.5560887312117,2,2,8.24,751,agent_assisted,video_verified,near_prime,36.26,60,1,0,0.3576006803114036,0.9768709908977246,True,False,0,1,1,CLUSTER8364,1,2.717501136139571,0.7256738937185623,0.8403151164396081,,,,,0,,0.09364294753312198,1,ai_phishing+account_takeover,social_engineering+access,text_generation+credential_stuffing_automation,0.95,True,synthetic
TXN656792448609,U3919444,2026-08-26 22:12:10,799.09,USD,card_not_present_online,debit_card,MID489636,4899,Cable / Streaming Services,0.222,DEV24275281,windows_desktop,0.05176806975930866,VN,GB,True,22,False,409.724607860702,5,0,2.84,456,api_partner_onboarding,basic_document,thin_file,123.32,126,2,0,0.6307828442051864,0.8340121280615422,True,True,0,1,2,CLUSTER6096,1,1.107924916146127,0.7282773565431093,0.9702706871192868,,,,,0,,0.2145538669476436,1,ai_phishing+account_takeover,social_engineering+access,text_generation+credential_stuffing_automation,0.904,True,synthetic
TXN498872985376,U1420071,2026-06-25 20:13:19,102.76,USD,p2p_transfer,digital_wallet,MID665942,5967,Direct Marketing / Adult,0.455,DEV12219676,linux_desktop,0.14986501695882054,RU,GB,True,20,True,219.25862871112835,7,1,7.9,526,agent_assisted,in_branch_verified,subprime,41.55,285,1,1,0.5972149455017478,0.797440172701406,False,False,0,1,1,CLUSTER5816,2,2.0266984079197323,0.8250451309069577,0.9582324619774806,,,,,0,,0.22067503848284659,1,ai_phishing+account_takeover,social_engineering+access,text_generation+credential_stuffing_automation,0.92,True,synthetic
TXN971577350291,U9370213,2026-06-18 18:11:43,301.7,USD,p2p_transfer,digital_wallet,MID261401,7995,Betting / Gambling,0.165,DEV76668256,ios_mobile,0.16969920834755428,VN,AU,True,18,True,515.9282237879427,7,2,10.43,393,api_partner_onboarding,unverified,subprime,28.94,168,1,1,0.1777124084509079,0.7518755285740419,False,False,0,1,1,CLUSTER2189,3,0.9420773943965444,0.8845992512395981,0.7530267435650443,,,,,0,,0.04977208525831543,1,ai_phishing+account_takeover,social_engineering+access,text_generation+credential_stuffing_automation,0.917,True,synthetic
TXN103504312024,U7400878,2026-07-07 02:39:40,611.77,USD,card_not_present_online,digital_wallet,MID397536,5661,Shoe Stores,0.321,DEV39724993,ios_mobile,0.046968965471561694,PK,SE,True,2,True,47.62354729210457,5,1,4.35,351,in_branch,basic_document,prime,67.48,105,2,0,0.7910605888538387,0.8148870357676199,True,False,0,1,2,CLUSTER7674,1,1.9405297817729485,0.8070240047124089,0.7852537764638311,,,,,0,,0.20437093125035102,1,ai_phishing+account_takeover,social_engineering+access,text_generation+credential_stuffing_automation,0.919,True,synthetic
TXN342775504832,U8966781,2026-07-21 21:10:32,551.09,USD,card_not_present_online,digital_wallet,MID376184,5967,Direct Marketing / Adult,0.428,DEV94047771,linux_desktop,0.16479364201327193,RU,US,True,21,False,352.2919445563527,6,0,5.8,733,in_branch,basic_document,near_prime,62.54,36,1,0,0.5658042997362075,0.9091768059066233,True,True,0,1,2,CLUSTER5197,3,1.8291383238822074,0.7870429031230645,0.9744934271884973,,,,,0,,0.15607370565100404,1,ai_phishing+account_takeover,social_engineering+access,text_generation+credential_stuffing_automation,0.885,True,synthetic
TXN716624632293,U5278036,2026-07-19 15:04:33,478.66,USD,card_not_present_online,credit_card,MID187147,5941,Sporting Goods,0.063,DEV57396265,linux_desktop,0.16864338514826221,ID,AU,True,15,False,505.2961047385358,3,1,4.51,474,mobile_app_remote,basic_document,prime,104.54,157,1,0,0.8441269006066271,0.8076124657143695,True,False,1,1,2,CLUSTER2702,3,0.05374218744230663,0.715792385011882,0.7905446206887121,,,,,0,,0.04500398683612088,1,ai_phishing+account_takeover,social_engineering+access,text_generation+credential_stuffing_automation,0.926,True,synthetic
TXN793521471635,U9931643,2026-06-26 01:27:44,263.17,USD,p2p_transfer,debit_card,MID408803,4722,Travel Agencies,0.358,DEV16373168,ios_mobile,0.07614438962612062,EG,US,True,1,True,194.89619385992472,2,1,15.74,62,api_partner_onboarding,in_branch_verified,subprime,16.72,71,2,0,0.2928231373547119,0.9663025572414483,True,False,0,1,2,CLUSTER1205,1,1.8767790384986438,0.8424203231853267,0.9102330709964536,,,,,0,,0.2509304013531854,1,ai_phishing+account_takeover,social_engineering+access,text_generation+credential_stuffing_automation,0.951,True,synthetic
TXN977659292564,U9529966,2026-06-27 09:08:23,1350.92,USD,p2p_transfer,digital_wallet,MID793673,5999,Misc Retail,0.077,DEV99751480,mac_desktop,0.10637004149569701,VN,GB,True,9,False,117.53200381003836,6,2,24.76,249,agent_assisted,basic_document,prime,54.55,165,2,0,0.24231721702205336,0.9635239754883667,False,False,1,1,1,CLUSTER4887,3,0.3580249644603728,0.7329574577549027,0.852314313788335,,,,,0,,0.27226489816522154,1,ai_phishing+account_takeover,social_engineering+access,text_generation+credential_stuffing_automation,0.813,True,synthetic
TXN867547814411,U9923145,2026-06-30 09:07:35,373.63,USD,card_not_present_online,prepaid_card,MID728571,7995,Betting / Gambling,0.276,DEV11181334,ios_mobile,0.038077959386776744,VN,AU,True,9,False,478.92079221232586,8,1,7.04,641,agent_assisted,unverified,subprime,53.04,154,2,0,0.29485327819233886,0.8063137899289607,True,False,0,1,1,CLUSTER7684,1,2.564963071379486,0.8849699122003221,0.9715696913076812,,,,,0,,0.2917724253730476,1,ai_phishing+account_takeover,social_engineering+access,text_generation+credential_stuffing_automation,0.905,True,synthetic
TXN407222121684,U1573542,2026-07-24 00:53:19,462.67,USD,card_not_present_online,debit_card,MID958599,6051,Crypto / Digital Currency,0.047,DEV74721419,android_mobile,0.18729748835787496,NG,SE,True,0,False,90.92487207766084,7,1,19.69,723,web_remote,video_verified,subprime,15.1,151,1,1,0.811273854177251,0.964834720177876,True,True,0,1,2,CLUSTER1393,3,1.4091355766825246,0.8355984870969129,0.8487287506201183,,,,,0,,0.10753219094275876,1,ai_phishing+account_takeover,social_engineering+access,text_generation+credential_stuffing_automation,0.837,True,synthetic
TXN433805226979,U1901187,2026-06-13 19:50:27,187.82,USD,p2p_transfer,prepaid_card,MID709613,4722,Travel Agencies,0.221,DEV74882793,mac_desktop,0.04977201893548934,ID,CA,True,19,False,98.46506557871125,5,1,41.12,337,in_branch,in_branch_verified,prime,12.49,78,1,0,0.5648062389465759,0.8427565797881266,True,False,0,1,1,CLUSTER7791,2,1.176401422973125,0.7670542487968475,0.834306030434088,,,,,0,,0.1947096621730053,1,ai_phishing+account_takeover,social_engineering+access,text_generation+credential_stuffing_automation,0.971,True,synthetic
TXN231528768779,U5684440,2026-07-26 08:29:44,589.14,USD,card_not_present_online,upi,MID916083,7011,Hotels / Lodging,0.169,DEV86930708,ios_mobile,0.1344670670004635,RU,CA,True,8,True,588.3625267500506,6,0,40.08,259,api_partner_onboarding,unverified,subprime,14.7,23,2,1,0.12199182386877909,0.9231832786025823,True,False,0,1,2,CLUSTER3877,3,1.1960791954214192,0.7446744793067911,0.7806402551802101,,,,,0,,0.05186368582760661,1,ai_phishing+account_takeover,social_engineering+access,text_generation+credential_stuffing_automation,0.889,True,synthetic
TXN458534317872,U9262528,2026-08-22 14:13:44,616.24,USD,card_not_present_online,debit_card,MID281482,5541,Fuel / Gas Stations,0.566,DEV27586540,mac_desktop,0.19551780334713192,RU,SE,True,14,False,282.3253116885512,6,2,7.8,565,web_remote,video_verified,thin_file,78.97,81,2,0,0.16297957320665696,0.7549804800734695,False,True,0,1,2,CLUSTER4094,2,1.18499013735756,0.9621991118713599,0.8114641773945656,,,,,0,,0.009845340017258663,1,ai_phishing+account_takeover,social_engineering+access,text_generation+credential_stuffing_automation,0.966,True,synthetic
TXN848941761527,U7388940,2026-06-25 03:38:03,318.68,USD,p2p_transfer,upi,MID858812,5967,Direct Marketing / Adult,0.287,DEV74145354,mac_desktop,0.05845598918974029,BD,US,True,3,True,416.7738199671741,6,1,14.27,469,agent_assisted,basic_document,prime,11.91,295,2,0,0.5818283004601089,0.7938708442919669,True,False,0,1,1,CLUSTER4323,2,1.0890024609557667,0.8718426424515134,0.9263133181402007,,,,,0,,0.2976148569861826,1,ai_phishing+account_takeover,social_engineering+access,text_generation+credential_stuffing_automation,0.883,True,synthetic
TXN907015183851,U7760668,2026-07-10 00:14:24,242.7,USD,card_not_present_online,upi,MID425556,6011,ATM / Cash Disbursement,0.101,DEV56638483,linux_desktop,0.05469049727051398,BD,US,True,0,False,67.33252406653699,5,0,17.31,238,agent_assisted,in_branch_verified,prime,14.02,103,1,0,0.3618699678603624,0.7739306469800772,True,False,0,1,2,CLUSTER3854,1,1.1736298729206935,0.8923057795305518,0.854390400906537,,,,,0,,0.03322730064431453,1,ai_phishing+account_takeover,social_engineering+access,text_generation+credential_stuffing_automation,0.902,True,synthetic
TXN987128424639,U9931416,2026-07-26 04:30:15,132.62,USD,card_not_present_online,upi,MID206413,5311,Department Stores,0.1,DEV48920417,android_mobile,0.07358932437071217,ID,SE,True,4,True,179.20134748982767,2,1,2.55,476,mobile_app_remote,unverified,thin_file,52.76,254,2,0,0.7718468887048812,0.7081412833802185,False,False,0,1,2,CLUSTER7221,2,0.46432329170465614,0.7064089503200321,0.7591137705681084,,,,,0,,0.2983112297261674,1,ai_phishing+account_takeover,social_engineering+access,text_generation+credential_stuffing_automation,0.892,True,synthetic
TXN192738697941,U9749334,2026-08-20 18:06:38,260.15,USD,card_not_present_online,bank_transfer,MID757602,6011,ATM / Cash Disbursement,0.089,DEV38530274,android_mobile,0.04621638145316244,RU,CA,True,18,True,426.90666101375507,7,3,31.18,580,in_branch,video_verified,thin_file,39.36,107,2,0,0.8418392004989006,0.7399817126166144,True,False,0,1,1,CLUSTER7657,3,0.008599461593027713,0.8858162067925338,0.9559845840391825,,,,,0,,0.032553029465499206,1,ai_phishing+account_takeover,social_engineering+access,text_generation+credential_stuffing_automation,0.86,True,synthetic
TXN772819498817,U2347449,2026-08-25 15:26:03,285.01,USD,card_not_present_online,prepaid_card,MID280116,5411,Grocery Stores,0.203,DEV43589025,ios_mobile,0.15140971780542517,VN,CA,True,15,False,115.42801137892587,6,0,6.21,781,web_remote,video_verified,near_prime,45.89,160,2,0,0.1952170864909669,0.7242887542935647,True,False,0,1,2,CLUSTER7252,1,0.7511301160918189,0.7380661152365383,0.9893376000942427,,,,,0,,0.18451242901120363,1,ai_phishing+account_takeover,social_engineering+access,text_generation+credential_stuffing_automation,0.878,True,synthetic
TXN931845042658,U2764007,2026-06-17 11:30:07,623.9,USD,p2p_transfer,debit_card,MID983889,5967,Direct Marketing / Adult,0.08,DEV60952041,linux_desktop,0.1668896354027384,BD,DE,True,11,False,591.4270900371328,5,0,24.41,742,agent_assisted,basic_document,thin_file,25.56,282,1,0,0.30408713161253725,0.8415674260403012,True,False,0,1,2,CLUSTER8339,3,2.4936537312010842,0.8387233722180637,0.8017322297092623,,,,,0,,0.09615196222658985,1,ai_phishing+account_takeover,social_engineering+access,text_generation+credential_stuffing_automation,0.832,True,synthetic
TXN990342128758,U4413050,2026-06-27 09:45:10,396.39,USD,p2p_transfer,credit_card,MID502063,5941,Sporting Goods,0.361,DEV65910377,android_mobile,0.16732885529282562,EG,US,True,9,False,115.03842306485477,8,3,2.44,817,agent_assisted,unverified,prime,162.19,234,2,0,0.27237638237275397,0.9313895934801152,False,False,0,1,2,CLUSTER3983,3,0.12126101544777823,0.7549008609449457,0.9773890878318787,,,,,0,,0.23063116850898713,1,ai_phishing+account_takeover,social_engineering+access,text_generation+credential_stuffing_automation,0.839,True,synthetic
TXN428859215573,U0641460,2026-08-05 07:39:33,179.08,USD,card_not_present_online,digital_wallet,MID569357,6051,Crypto / Digital Currency,0.243,DEV57928146,mac_desktop,0.13484094833334095,VN,JP,True,7,False,80.96303436672898,7,1,1.23,710,agent_assisted,in_branch_verified,prime,146.1,85,1,0,0.1506042020766131,0.8047425188405605,False,False,2,1,2,CLUSTER8335,1,0.24000826712233658,0.9048427274412104,0.8850960856448156,,,,,0,,0.1934451480588405,1,ai_phishing+account_takeover,social_engineering+access,text_generation+credential_stuffing_automation,0.92,True,synthetic
TXN116356312164,U3422124,2026-07-03 06:29:06,343.23,USD,p2p_transfer,digital_wallet,MID238062,8299,Educational Services,0.11,DEV28758342,mac_desktop,0.02562035301530098,RU,JP,True,6,True,579.9316790744743,2,2,11.95,652,mobile_app_remote,basic_document,prime,28.73,197,2,0,0.23124088458692527,0.7319182336870409,True,False,0,1,2,CLUSTER7253,2,1.8281876891537934,0.9134316752958983,0.9142322160323914,,,,,0,,0.23375069451018243,1,ai_phishing+account_takeover,social_engineering+access,text_generation+credential_stuffing_automation,0.912,True,synthetic
TXN578437322755,U1743852,2026-08-13 07:09:42,284.89,USD,card_not_present_online,bank_transfer,MID455441,5732,Electronics Stores,0.227,DEV22036180,linux_desktop,0.15653713995872207,NG,DE,True,7,False,547.8832010939445,3,2,16.41,389,mobile_app_remote,in_branch_verified,subprime,33.75,66,2,0,0.6440156518432499,0.8847976043291215,True,False,2,1,2,CLUSTER2568,1,1.6774228010317946,0.9639114315274263,0.9288374230105423,,,,,0,,0.07340664002928785,1,ai_phishing+account_takeover,social_engineering+access,text_generation+credential_stuffing_automation,0.925,True,synthetic
TXN681092941475,U8503791,2026-07-22 02:42:45,295.6,USD,card_not_present_online,debit_card,MID990571,6051,Crypto / Digital Currency,0.273,DEV87887660,ios_mobile,0.06054960850248878,ID,SE,True,2,False,202.67260752516546,2,0,10.39,510,agent_assisted,in_branch_verified,prime,28.44,57,1,0,0.11960063015839212,0.8330482522710487,False,False,0,1,1,CLUSTER1070,3,0.2038389946151008,0.9630771605288286,0.9149908946564969,,,,,0,,0.24824630951961713,1,ai_phishing+account_takeover,social_engineering+access,text_generation+credential_stuffing_automation,0.966,True,synthetic
TXN575372115874,U2630085,2026-07-16 05:58:14,358.39,USD,p2p_transfer,upi,MID591473,5964,Direct Marketing / Catalog,0.21,DEV97563241,android_mobile,0.12658024154191252,BD,DE,True,5,False,500.1468950802566,3,1,9.35,336,agent_assisted,video_verified,subprime,38.34,286,2,0,0.5525681990199615,0.8766039186518761,True,False,0,1,1,CLUSTER5037,3,2.3722206338311986,0.961343377387814,0.9814678955959832,,,,,0,,0.269950667015993,1,ai_phishing+account_takeover,social_engineering+access,text_generation+credential_stuffing_automation,0.918,True,synthetic
TXN914667378559,U7340618,2026-07-02 14:43:52,216.31,USD,p2p_transfer,credit_card,MID895095,5661,Shoe Stores,0.19,DEV21471445,android_mobile,0.08566035676398102,EG,GB,True,14,False,579.4271022391808,8,1,13.72,197,agent_assisted,unverified,near_prime,31.9,120,1,0,0.6563421506701674,0.9150357656242076,True,False,0,1,1,CLUSTER6880,2,2.721617548805174,0.7378993661924417,0.8159998113425183,,,,,0,,0.22676310593122,1,ai_phishing+account_takeover,social_engineering+access,text_generation+credential_stuffing_automation,0.915,True,synthetic
TXN516819054820,U9934810,2026-07-25 20:49:37,1274.67,USD,card_not_present_online,upi,MID269506,5941,Sporting Goods,0.045,DEV56313037,ios_mobile,0.12005496387636648,EG,NL,True,20,False,394.3104335866443,3,0,54.99,635,mobile_app_remote,basic_document,prime,23.18,159,1,0,0.12672931180789393,0.8026436664725862,True,True,0,1,2,CLUSTER1027,3,1.3517205041641844,0.8302196409720789,0.8406224172025787,,,,,0,,0.18069071393197444,1,ai_phishing+account_takeover,social_engineering+access,text_generation+credential_stuffing_automation,0.937,True,synthetic
TXN624986051321,U7816829,2026-06-12 00:03:55,577.09,USD,p2p_transfer,debit_card,MID545792,4899,Cable / Streaming Services,0.083,DEV50129928,mac_desktop,0.153394119300648,NG,AU,True,0,False,280.4279616292306,8,0,10.91,85,agent_assisted,in_branch_verified,super_prime,52.89,292,1,0,0.302605225197854,0.7640849550807474,True,False,0,1,1,CLUSTER4889,3,2.549705498317426,0.8223645196856061,0.8059034759690885,,,,,0,,0.08534394391366674,1,ai_phishing+account_takeover,social_engineering+access,text_generation+credential_stuffing_automation,0.919,True,synthetic
TXN420634841321,U5123983,2026-06-27 18:09:37,396.31,USD,p2p_transfer,debit_card,MID722664,5411,Grocery Stores,0.212,DEV31781234,ios_mobile,0.13374048367675892,BD,JP,True,18,False,525.6648758659499,6,1,6.6,233,in_branch,video_verified,prime,60.01,181,1,0,0.3306565590426749,0.9196829990777248,True,False,0,1,2,CLUSTER1525,1,2.134137244919041,0.906962577815166,0.9323039956452333,,,,,0,,0.09484044892184158,1,ai_phishing+account_takeover,social_engineering+access,text_generation+credential_stuffing_automation,0.926,True,synthetic
TXN292547234503,U6582179,2026-06-13 06:07:20,384.1,USD,card_not_present_online,bank_transfer,MID107332,5812,Restaurants,0.12,DEV92861465,linux_desktop,0.18722141195441375,EG,JP,True,6,False,351.69947494695543,6,2,3.82,491,web_remote,video_verified,near_prime,40.69,273,1,0,0.6040228701178043,0.7144502328649633,True,True,0,1,1,CLUSTER3542,3,1.8083118924667816,0.9270350575910037,0.8514448503247646,,,,,0,,0.11477331158656767,1,ai_phishing+account_takeover,social_engineering+access,text_generation+credential_stuffing_automation,0.944,True,synthetic
TXN974015752066,U7924732,2026-08-21 01:11:09,518.32,USD,card_not_present_online,credit_card,MID804143,5541,Fuel / Gas Stations,0.108,DEV27660112,linux_desktop,0.14462112781784955,PK,CA,True,1,False,201.31806818714472,7,0,51.83,506,in_branch,basic_document,near_prime,9.49,181,1,0,0.3780568015023006,0.728839555029114,True,False,0,1,2,CLUSTER6581,3,2.788461629626582,0.8603816101010043,0.8702648199868399,,,,,0,,0.18582175806500248,1,ai_phishing+account_takeover,social_engineering+access,text_generation+credential_stuffing_automation,0.858,True,synthetic
TXN128007406552,U4546332,2026-08-23 07:07:17,299.32,USD,card_not_present_online,credit_card,MID816874,5921,Liquor Stores,0.106,DEV14508260,windows_desktop,0.08126992666818744,RU,SE,True,7,False,433.56446069242037,6,2,1.81,755,in_branch,video_verified,thin_file,63.23,35,1,1,0.5562394597459596,0.894117622421285,True,False,0,1,1,CLUSTER3933,3,2.2564556907382576,0.8387197048565402,0.9174091130815638,,,,,0,,0.2820798712290129,1,ai_phishing+account_takeover,social_engineering+access,text_generation+credential_stuffing_automation,0.864,True,synthetic
TXN319504749688,U4286735,2026-06-06 12:56:27,152.12,USD,card_not_present_online,upi,MID236486,5541,Fuel / Gas Stations,0.028,DEV58301775,linux_desktop,0.08743401525345132,PK,NL,True,12,True,421.64260381836357,4,2,0.97,818,agent_assisted,basic_document,near_prime,110.32,56,2,0,0.66293007980918,0.9718090647407109,True,False,0,1,2,CLUSTER8253,3,0.2659960132779039,0.8965513901467357,0.8116322900392413,,,,,0,,0.26481549465140614,1,ai_phishing+account_takeover,social_engineering+access,text_generation+credential_stuffing_automation,0.941,True,synthetic
TXN993954352750,U4561110,2026-07-15 05:27:12,523.5,USD,card_not_present_online,digital_wallet,MID735987,6011,ATM / Cash Disbursement,0.253,DEV36465931,linux_desktop,0.19345557435060406,ID,DE,True,5,True,491.3603896980384,2,1,23.4,263,web_remote,basic_document,near_prime,22.37,74,1,0,0.3809927045142246,0.8780711562723493,True,False,0,1,1,CLUSTER3168,1,0.4192898471378558,0.7532645006889274,0.7726646532633356,,,,,0,,0.26002728704561073,1,ai_phishing+account_takeover,social_engineering+access,text_generation+credential_stuffing_automation,0.953,True,synthetic
TXN338160501030,U6450939,2026-06-01 18:45:42,299.64,USD,p2p_transfer,bank_transfer,MID625764,4722,Travel Agencies,0.15,DEV86485941,ios_mobile,0.04880181104034896,RU,US,True,18,True,460.76187139707116,6,1,13.05,215,web_remote,in_branch_verified,thin_file,22.96,110,2,0,0.36507856616056367,0.783421971839671,True,False,0,1,1,CLUSTER7620,3,0.09750271017150147,0.8937413665690008,0.9251748446272152,,,,,0,,0.06715134421715678,1,ai_phishing+account_takeover,social_engineering+access,text_generation+credential_stuffing_automation,0.985,True,synthetic
TXN338682649615,U2741445,2026-07-16 07:02:47,413.42,USD,card_not_present_online,prepaid_card,MID796183,4829,Money Transfer,0.032,DEV83554820,windows_desktop,0.11672371125141671,VN,NL,True,7,True,37.995302301651236,2,2,11.97,611,mobile_app_remote,basic_document,prime,34.54,126,1,0,0.35080988711502825,0.7324786463731674,True,False,0,1,1,CLUSTER5169,2,0.9746826758687813,0.8319413299577988,0.8018475976383964,,,,,0,,0.1778874462435285,1,ai_phishing+account_takeover,social_engineering+access,text_generation+credential_stuffing_automation,0.892,True,synthetic
TXN578307120621,U3959012,2026-07-05 08:34:32,128.53,USD,p2p_transfer,debit_card,MID828297,5411,Grocery Stores,0.381,DEV34158413,linux_desktop,0.18406442516828525,BD,GB,True,8,True,188.92212596116516,6,1,29.65,203,api_partner_onboarding,video_verified,near_prime,41.05,166,2,1,0.5931209480567905,0.8754638241724031,True,False,0,1,2,CLUSTER3248,2,0.06927419431661186,0.8850560835674086,0.793053148454537,,,,,0,,0.12454410024768321,1,ai_phishing+account_takeover,social_engineering+access,text_generation+credential_stuffing_automation,0.946,True,synthetic
TXN582323088288,U8260441,2026-07-03 04:57:42,251.65,USD,p2p_transfer,debit_card,MID194569,7995,Betting / Gambling,0.298,DEV73009184,mac_desktop,0.08090881557858376,VN,SE,True,4,False,263.69236728488914,2,2,2.02,337,agent_assisted,basic_document,subprime,124.7,69,1,0,0.209712905641113,0.824721928578762,True,False,0,1,1,CLUSTER7728,2,0.7075385947667858,0.8894838395794411,0.8490971545611945,,,,,0,,0.22782123545272623,1,ai_phishing+account_takeover,social_engineering+access,text_generation+credential_stuffing_automation,0.975,True,synthetic
TXN981772230897,U0175807,2026-07-07 07:10:57,746.72,USD,card_not_present_online,bank_transfer,MID761883,5921,Liquor Stores,0.165,DEV24551555,linux_desktop,0.11158580542777487,NG,JP,True,7,True,90.18636825340718,6,2,32.52,404,agent_assisted,unverified,subprime,22.96,134,2,2,0.1323732841105304,0.7456376195732451,True,True,0,1,1,CLUSTER8898,1,0.9986797178600134,0.878175411522853,0.8977127524112222,,,,,0,,0.24629917833548465,1,ai_phishing+account_takeover,social_engineering+access,text_generation+credential_stuffing_automation,0.951,True,synthetic
TXN599532882561,U1119720,2026-08-20 07:30:14,507.29,USD,p2p_transfer,debit_card,MID919778,7011,Hotels / Lodging,0.076,DEV94372434,mac_desktop,0.18077803223417707,ID,NL,True,7,False,131.0577919223699,5,1,26.93,159,api_partner_onboarding,video_verified,subprime,30.29,128,2,1,0.7586376443133565,0.857944190275287,True,False,0,1,1,CLUSTER5820,3,1.5520296046929067,0.8611062527633074,0.7766115689655465,,,,,0,,0.0963332988598163,1,ai_phishing+account_takeover,social_engineering+access,text_generation+credential_stuffing_automation,0.851,True,synthetic
TXN121084230639,U4231164,2026-06-10 01:17:32,71.37,USD,card_not_present_online,digital_wallet,MID126277,5964,Direct Marketing / Catalog,0.286,DEV91594832,ios_mobile,0.12000998694071081,PK,AU,True,1,False,81.55729336513387,3,1,2.64,876,web_remote,video_verified,super_prime,26.99,227,2,0,0.3728432172965781,0.8210232803743418,False,False,0,1,2,CLUSTER8197,2,0.5711295763885523,0.8354886540894791,0.8229870297695662,,,,,0,,0.08050267644057363,1,ai_phishing+account_takeover,social_engineering+access,text_generation+credential_stuffing_automation,0.984,True,synthetic
TXN243585824137,U5627465,2026-06-16 01:56:55,301.37,USD,card_not_present_online,bank_transfer,MID330389,5732,Electronics Stores,0.122,DEV87249063,linux_desktop,0.1260225604299015,EG,DE,True,1,False,272.30397318779694,6,1,5.31,513,mobile_app_remote,video_verified,thin_file,56.8,130,2,0,0.17684688602488863,0.8251398372105663,True,False,0,1,1,CLUSTER7282,3,1.709354901731901,0.8090300621423445,0.7658412444676121,,,,,0,,0.1867314586864155,1,ai_phishing+account_takeover,social_engineering+access,text_generation+credential_stuffing_automation,0.979,True,synthetic
TXN578768873132,U0123223,2026-08-07 01:01:11,248.45,USD,p2p_transfer,debit_card,MID761595,5999,Misc Retail,0.247,DEV30778828,ios_mobile,0.09751670321688251,EG,AU,True,1,False,94.88299816734951,2,2,4.31,205,api_partner_onboarding,video_verified,super_prime,57.62,92,1,1,0.19010313399211026,0.7096282138654323,False,False,0,1,2,CLUSTER3571,2,0.2982789628292244,0.8926957603975475,0.9537252364582951,,,,,0,,0.04346841421639388,1,ai_phishing+account_takeover,social_engineering+access,text_generation+credential_stuffing_automation,0.955,True,synthetic
TXN397050881228,U4046876,2026-06-01 17:28:51,212.7,USD,card_not_present_online,prepaid_card,MID615146,6011,ATM / Cash Disbursement,0.117,DEV33606435,windows_desktop,0.07404827096294565,BD,NL,True,17,False,58.65818681386373,3,4,2.96,746,in_branch,basic_document,super_prime,71.89,198,1,1,0.3731566531706858,0.8672296708861278,True,False,0,1,1,CLUSTER6753,2,1.9224394157427716,0.9406135185944061,0.8786690201454886,,,,,0,,0.22494566632703686,1,ai_phishing+account_takeover,social_engineering+access,text_generation+credential_stuffing_automation,0.834,True,synthetic
TXN548456963076,U8834080,2026-07-26 02:48:47,103.79,USD,p2p_transfer,digital_wallet,MID388313,7011,Hotels / Lodging,0.156,DEV28003043,ios_mobile,0.07244457829380843,RU,AU,True,2,False,356.42012229088886,5,3,9.43,597,mobile_app_remote,basic_document,near_prime,10.02,282,2,0,0.6503787650217449,0.7076582093191308,True,False,0,1,2,CLUSTER7145,3,2.321114209174786,0.8029503583629887,0.8517537106503111,,,,,0,,0.07821226993724754,1,ai_phishing+account_takeover,social_engineering+access,text_generation+credential_stuffing_automation,0.915,True,synthetic
TXN600924842296,U4275892,2026-08-09 11:50:29,287.38,USD,p2p_transfer,credit_card,MID349734,4111,Transit / Transportation,0.234,DEV61821744,linux_desktop,0.13440650991752753,EG,US,True,11,True,140.9820237201361,6,0,3.48,858,mobile_app_remote,unverified,near_prime,82.4,57,2,0,0.6406561937072934,0.8480698976171835,True,False,0,1,1,CLUSTER1675,3,1.3095689684495277,0.7712008564591958,0.9791024728583152,,,,,0,,0.024853080935295545,1,ai_phishing+account_takeover,social_engineering+access,text_generation+credential_stuffing_automation,0.889,True,synthetic
TXN884284183884,U6493790,2026-06-01 23:52:46,450.72,USD,card_not_present_online,upi,MID133429,5967,Direct Marketing / Adult,0.044,DEV97517605,windows_desktop,0.07572634701894064,PK,JP,True,23,False,455.4034343339411,6,2,45.07,481,web_remote,unverified,subprime,9.75,213,2,2,0.21707427681628672,0.828688653928045,False,True,0,1,2,CLUSTER3072,3,0.2452092416017162,0.9101506657231921,0.9452166604070076,,,,,0,,0.08042540104892328,1,ai_phishing+account_takeover,social_engineering+access,text_generation+credential_stuffing_automation,0.908,True,synthetic
TXN617502480720,U3740821,2026-08-16 11:52:05,241.75,USD,p2p_transfer,credit_card,MID604160,7011,Hotels / Lodging,0.124,DEV28161880,ios_mobile,0.041322375747212384,NG,SE,True,11,False,79.62967710961001,3,3,6.15,134,in_branch,basic_document,prime,39.3,17,2,0,0.317327032560427,0.7514706259553119,True,True,0,1,1,CLUSTER9374,1,2.6904566523609565,0.7903125604715044,0.7872452494355191,,,,,0,,0.07594484531211786,1,ai_phishing+account_takeover,social_engineering+access,text_generation+credential_stuffing_automation,0.961,True,synthetic
TXN674094190029,U9351901,2026-08-07 00:55:35,274.63,USD,p2p_transfer,credit_card,MID563602,6011,ATM / Cash Disbursement,0.152,DEV74606968,android_mobile,0.1149231897610827,EG,SG,True,0,False,252.7930446319108,8,4,1.53,95,in_branch,in_branch_verified,subprime,180.04,27,2,0,0.2105744231397184,0.8988680463963483,True,False,0,1,1,CLUSTER4423,2,2.5999943267815375,0.7861282017885132,0.786762069743912,,,,,0,,0.24480566820210395,1,ai_phishing+account_takeover,social_engineering+access,text_generation+credential_stuffing_automation,0.845,True,synthetic
TXN845333333369,U5861374,2026-07-24 07:03:24,202.95,USD,card_not_present_online,debit_card,MID330806,6051,Crypto / Digital Currency,0.11,DEV42057844,mac_desktop,0.02977467103389991,BD,SE,True,7,False,108.46722865928984,4,3,9.06,586,in_branch,unverified,near_prime,39.37,13,2,0,0.8073976070519493,0.7128963649510353,False,True,0,1,1,CLUSTER3240,1,2.1022112859580044,0.8160012869829767,0.8895219304442072,,,,,0,,0.1672759672526914,1,ai_phishing+account_takeover,social_engineering+access,text_generation+credential_stuffing_automation,0.909,True,synthetic
TXN479204886090,U1289957,2026-07-30 23:17:44,674.39,USD,card_not_present_online,bank_transfer,MID537325,5732,Electronics Stores,0.119,DEV14620008,windows_desktop,0.10997173853268119,VN,US,True,23,False,204.5419002536041,8,1,8.26,463,agent_assisted,basic_document,subprime,74.32,221,1,1,0.6363507119155435,0.8934682605382598,True,True,0,1,2,CLUSTER1560,1,2.9707193926371134,0.7622339517683651,0.9042534129628564,,,,,0,,0.02213811936526322,1,ai_phishing+account_takeover,social_engineering+access,text_generation+credential_stuffing_automation,0.846,True,synthetic
TXN237412512083,U8112532,2026-07-06 23:26:53,115.7,USD,p2p_transfer,upi,MID416522,6011,ATM / Cash Disbursement,0.11,DEV55786965,windows_desktop,0.18358873840445783,RU,JP,True,23,False,522.6175687597932,3,0,39.48,590,in_branch,in_branch_verified,thin_file,31.51,215,2,0,0.7998596781273565,0.7604928037868599,True,False,0,1,2,CLUSTER4192,3,2.5706825561663402,0.7862628117264423,0.8729869619352827,,,,,0,,0.019904984043688265,1,ai_phishing+account_takeover,social_engineering+access,text_generation+credential_stuffing_automation,0.85,True,synthetic
TXN272722839388,U6007771,2026-08-27 16:22:18,1007.55,USD,card_not_present_online,digital_wallet,MID387520,4829,Money Transfer,0.4,DEV73797272,mac_desktop,0.0764211251025772,NG,US,True,16,True,132.9178175259886,7,0,15.87,657,mobile_app_remote,basic_document,prime,63.49,129,1,2,0.37947541795036765,0.9317099768045158,False,False,0,1,1,CLUSTER9360,1,0.6544999497939995,0.8213262770840222,0.8239699657249329,,,,,0,,0.11861297719030417,1,ai_phishing+account_takeover,social_engineering+access,text_generation+credential_stuffing_automation,0.978,True,synthetic
TXN543896941431,U3356576,2026-07-20 10:10:40,386.54,USD,p2p_transfer,debit_card,MID474938,7995,Betting / Gambling,0.038,DEV10122104,windows_desktop,0.11210497412053405,PK,US,True,10,False,428.42522067975034,2,0,0.96,562,agent_assisted,unverified,near_prime,213.85,195,2,0,0.7399497864005034,0.8425014244586113,True,False,0,1,2,CLUSTER2953,1,1.7025931095893831,0.70237258570452,0.7934580711237336,,,,,0,,0.001558838001835805,1,ai_phishing+account_takeover,social_engineering+access,text_generation+credential_stuffing_automation,0.891,True,synthetic
TXN315538836129,U7152632,2026-06-20 12:02:29,242.24,USD,card_not_present_online,credit_card,MID895658,4722,Travel Agencies,0.245,DEV23745146,linux_desktop,0.13917051253252927,EG,US,True,12,False,537.4501784035656,4,1,10.91,337,mobile_app_remote,basic_document,subprime,22.85,110,1,0,0.763918488989362,0.9340845149623248,True,False,0,1,2,CLUSTER2862,3,1.5680108441571012,0.7735385503535203,0.7786664876327982,,,,,0,,0.26149849054322044,1,ai_phishing+account_takeover,social_engineering+access,text_generation+credential_stuffing_automation,0.914,True,synthetic
TXN272902101606,U7349026,2026-08-16 04:25:29,420.13,USD,card_not_present_online,prepaid_card,MID312390,5541,Fuel / Gas Stations,0.013,DEV75478835,ios_mobile,0.18361091748227945,PK,NL,True,4,False,244.76198231536245,2,0,20.37,891,mobile_app_remote,basic_document,near_prime,18.38,24,1,1,0.6876138595458836,0.897937902395799,False,True,1,1,2,CLUSTER6157,2,0.3895803768313967,0.9226628992145078,0.7893262826104599,,,,,0,,0.12858655467278196,1,ai_phishing+account_takeover,social_engineering+access,text_generation+credential_stuffing_automation,0.932,True,synthetic
TXN454955903098,U5742064,2026-06-21 23:17:26,325.62,USD,p2p_transfer,prepaid_card,MID451316,5921,Liquor Stores,0.239,DEV37456096,ios_mobile,0.14547243366137863,BD,AU,True,23,False,263.0691011382286,7,2,4.34,772,in_branch,video_verified,subprime,47.69,85,1,0,0.6819192973236633,0.7184605415376712,True,False,0,1,2,CLUSTER5732,1,1.9867825452408039,0.9204507629964943,0.8187606993115935,,,,,0,,0.17439710254377336,1,ai_phishing+account_takeover,social_engineering+access,text_generation+credential_stuffing_automation,0.917,True,synthetic
TXN659502898987,U2123949,2026-08-28 03:03:23,472.31,USD,p2p_transfer,upi,MID981547,5999,Misc Retail,0.145,DEV41583260,android_mobile,0.140266720400056,ID,AU,True,3,False,189.29416697875268,4,2,5.11,271,agent_assisted,basic_document,prime,92.4,114,1,1,0.27872398196476295,0.8538973633617125,False,True,0,1,2,CLUSTER3865,3,1.1640702265220353,0.9292661595781245,0.9242061935705921,,,,,0,,0.27289678637671644,1,ai_phishing+account_takeover,social_engineering+access,text_generation+credential_stuffing_automation,0.951,True,synthetic
TXN885922647739,U9883165,2026-08-19 13:02:22,386.44,USD,card_not_present_online,prepaid_card,MID650953,6051,Crypto / Digital Currency,0.22,DEV27366416,linux_desktop,0.10372064850675478,NG,AU,True,13,False,388.59165960657356,4,2,23.43,669,api_partner_onboarding,video_verified,near_prime,16.49,283,2,1,0.30320441960747146,0.7811225082571002,True,True,0,1,1,CLUSTER3168,1,2.8377292966677308,0.7715434846867086,0.8989183954397544,,,,,0,,0.1729673946498375,1,ai_phishing+account_takeover,social_engineering+access,text_generation+credential_stuffing_automation,0.926,True,synthetic
TXN668588746335,U5728364,2026-08-15 02:04:18,621.55,USD,card_not_present_online,prepaid_card,MID542015,5812,Restaurants,0.332,DEV83791089,mac_desktop,0.1969788016820716,NG,GB,True,2,False,31.972426390735322,6,1,16.88,260,in_branch,unverified,subprime,36.83,59,1,0,0.3734386256990706,0.9698068595361367,False,False,1,1,1,CLUSTER6430,1,0.1328380763948741,0.8707190986497266,0.7570627226021006,,,,,0,,0.08635186741644003,1,ai_phishing+account_takeover,social_engineering+access,text_generation+credential_stuffing_automation,0.941,True,synthetic
TXN419087390259,U7403221,2026-07-24 10:34:50,299.45,USD,card_not_present_online,digital_wallet,MID521999,4829,Money Transfer,0.351,DEV52140279,linux_desktop,0.02897774762003192,RU,DE,True,10,False,296.7305711703756,3,2,5.24,117,agent_assisted,unverified,super_prime,57.16,164,2,0,0.10251593551315641,0.9101942460300607,True,False,0,1,2,CLUSTER2147,1,2.052507257610682,0.7530357969422861,0.7764444920084754,,,,,0,,0.08899451065540981,1,ai_phishing+account_takeover,social_engineering+access,text_generation+credential_stuffing_automation,0.9,True,synthetic
TXN885164490482,U5972852,2026-06-19 15:16:54,414.62,USD,card_not_present_online,credit_card,MID237055,5661,Shoe Stores,0.27,DEV69769828,mac_desktop,0.17020854558666274,ID,AU,True,15,True,75.18543951857967,5,1,2.31,134,api_partner_onboarding,in_branch_verified,near_prime,179.82,32,1,0,0.13758471543676065,0.8200556497982521,False,False,0,1,1,CLUSTER6246,1,0.5619398657275225,0.7425923843074131,0.9196000073099538,,,,,0,,0.012686966384425057,1,ai_phishing+account_takeover,social_engineering+access,text_generation+credential_stuffing_automation,0.917,True,synthetic
TXN178427292221,U7914296,2026-06-14 11:09:13,805.71,USD,card_not_present_online,credit_card,MID999900,6011,ATM / Cash Disbursement,0.327,DEV78393110,mac_desktop,0.05465845031722025,ID,DE,True,11,True,209.0253291452606,5,2,25.39,333,agent_assisted,in_branch_verified,subprime,31.73,41,1,0,0.23464809560219782,0.7990577440037545,True,False,0,1,2,CLUSTER1920,3,1.8474943215322739,0.7388178798172866,0.9499976571172628,,,,,0,,0.11613680383316777,1,ai_phishing+account_takeover,social_engineering+access,text_generation+credential_stuffing_automation,0.965,True,synthetic
TXN764136636350,U9070978,2026-08-25 23:47:37,334.93,USD,card_not_present_online,digital_wallet,MID769257,6051,Crypto / Digital Currency,0.196,DEV76937112,linux_desktop,0.09073047053280477,PK,GB,True,23,False,219.66195943502677,8,1,20.26,466,api_partner_onboarding,in_branch_verified,prime,23.62,144,1,1,0.8047441554392838,0.7730841221763893,True,False,0,1,1,CLUSTER5192,3,1.4900488164242436,0.9607546142685729,0.9365376748035072,,,,,0,,0.08724978429212195,1,ai_phishing+account_takeover,social_engineering+access,text_generation+credential_stuffing_automation,0.952,True,synthetic
TXN624015727006,U4552522,2026-07-23 11:02:19,461.03,USD,p2p_transfer,prepaid_card,MID144244,8299,Educational Services,0.198,DEV46773005,mac_desktop,0.024688714920615425,RU,AU,True,11,False,381.171346237622,5,0,12.53,131,mobile_app_remote,unverified,near_prime,33.94,205,1,0,0.7121122124726948,0.7433315746065908,True,False,0,1,2,CLUSTER8349,1,1.625722086534273,0.8425228571403247,0.8726537005900894,,,,,0,,0.16434879898471233,1,ai_phishing+account_takeover,social_engineering+access,text_generation+credential_stuffing_automation,0.93,True,synthetic
TXN710675044042,U1793048,2026-06-14 09:47:29,424.62,USD,p2p_transfer,prepaid_card,MID224678,6051,Crypto / Digital Currency,0.273,DEV34870078,windows_desktop,0.049852392006965354,EG,CA,True,9,True,260.6058204867248,5,1,6.0,330,web_remote,basic_document,thin_file,27.87,199,2,0,0.6346935834052309,0.9594931360042932,True,True,0,1,1,CLUSTER5462,2,0.40412701661252326,0.7184681994984861,0.9399331116314222,,,,,0,,0.171579583444753,1,ai_phishing+account_takeover,social_engineering+access,text_generation+credential_stuffing_automation,0.944,True,synthetic
TXN740507294759,U5504017,2026-07-09 06:49:33,456.59,USD,card_not_present_online,credit_card,MID404130,5732,Electronics Stores,0.304,DEV11647431,linux_desktop,0.02894166758357918,NG,JP,True,6,False,387.1616242015057,7,4,4.13,726,mobile_app_remote,in_branch_verified,near_prime,110.48,248,1,0,0.26212482554643424,0.7190567778440955,True,True,0,1,1,CLUSTER6792,3,0.12019182589859101,0.824972069729871,0.8605344897850189,,,,,0,,0.1430565701761023,1,ai_phishing+account_takeover,social_engineering+access,text_generation+credential_stuffing_automation,0.96,True,synthetic
TXN253450463968,U7955414,2026-07-08 04:55:14,125.46,USD,card_not_present_online,upi,MID596256,6011,ATM / Cash Disbursement,0.28,DEV32609936,android_mobile,0.12822850578932488,BD,SG,True,4,False,237.98567534100783,3,1,3.03,662,web_remote,unverified,subprime,41.39,170,2,0,0.25535760461444595,0.8648594463454674,True,False,0,1,2,CLUSTER6759,3,2.130928625918261,0.9527960023118689,0.9352173330187616,,,,,0,,0.2599331180689493,1,ai_phishing+account_takeover,social_engineering+access,text_generation+credential_stuffing_automation,0.917,True,synthetic
TXN526863032430,U6911310,2026-08-05 03:19:45,266.45,USD,card_not_present_online,bank_transfer,MID114795,8011,Healthcare,0.239,DEV83319762,android_mobile,0.07390239622205853,NG,JP,True,3,True,118.96431651993589,3,1,4.32,736,agent_assisted,video_verified,near_prime,61.69,132,2,1,0.19183022973488148,0.8490113521124361,False,True,0,1,2,CLUSTER5919,1,2.820232310225638,0.742139890231961,0.8730464246652434,,,,,0,,0.2216314705094963,1,ai_phishing+account_takeover,social_engineering+access,text_generation+credential_stuffing_automation,0.914,True,synthetic
TXN261781284339,U1067492,2026-08-17 16:14:35,618.98,USD,card_not_present_online,credit_card,MID981406,5999,Misc Retail,0.092,DEV96226052,mac_desktop,0.1829414550174111,PK,AU,True,16,False,455.55387752993437,5,3,18.72,675,web_remote,in_branch_verified,near_prime,18.49,293,1,1,0.6158781344625563,0.9691404183354675,True,False,0,1,2,CLUSTER9936,3,2.516850398130231,0.9129118057495083,0.9042040105419487,,,,,0,,0.15816833313027792,1,ai_phishing+account_takeover,social_engineering+access,text_generation+credential_stuffing_automation,0.918,True,synthetic
TXN362735594584,U4318577,2026-07-27 22:46:27,309.64,USD,p2p_transfer,credit_card,MID380414,5661,Shoe Stores,0.233,DEV30831693,mac_desktop,0.09871684316919717,NG,AU,True,22,False,156.8491849042498,7,1,4.22,556,api_partner_onboarding,basic_document,near_prime,73.37,277,2,1,0.200106091604682,0.9197240124489494,True,False,0,1,1,CLUSTER9601,3,0.020565041468073142,0.904047547296702,0.8700181261052479,,,,,0,,0.1087689062031217,1,ai_phishing+account_takeover,social_engineering+access,text_generation+credential_stuffing_automation,0.9,True,synthetic
TXN910009767857,U9137264,2026-07-13 09:50:02,323.33,USD,card_not_present_online,prepaid_card,MID491127,7995,Betting / Gambling,0.03,DEV19817008,linux_desktop,0.0638921838057102,NG,AU,True,9,False,519.9243439448785,6,0,8.54,155,api_partner_onboarding,video_verified,prime,37.84,79,1,0,0.15639455360383475,0.794691474924863,False,False,0,1,2,CLUSTER7809,1,2.305520758388557,0.7946147981795979,0.9461131007214207,,,,,0,,0.1710661462342599,1,ai_phishing+account_takeover,social_engineering+access,text_generation+credential_stuffing_automation,0.883,True,synthetic
TXN890717981529,U0642280,2026-07-16 17:29:26,1301.1,USD,p2p_transfer,debit_card,MID204470,6300,Insurance,0.015,DEV15678900,android_mobile,0.13834877299044138,BD,NL,True,17,False,443.8123543377985,3,2,34.79,343,web_remote,video_verified,super_prime,37.4,210,2,0,0.17161534004588413,0.834180109962738,True,True,0,1,1,CLUSTER9934,3,0.6703761883942073,0.7580395723860177,0.7891044306188637,,,,,0,,0.2620197454664468,1,ai_phishing+account_takeover,social_engineering+access,text_generation+credential_stuffing_automation,0.938,True,synthetic
TXN680141317472,U8590837,2026-06-03 04:20:39,458.51,USD,card_not_present_online,digital_wallet,MID185275,6300,Insurance,0.038,DEV22780565,android_mobile,0.03625532132720806,ID,AU,True,4,False,78.57729711925063,7,1,4.55,293,in_branch,basic_document,super_prime,100.74,256,1,0,0.30184590158244096,0.81891135242528,True,False,0,1,2,CLUSTER7489,1,2.8222467478954245,0.7660228057203134,0.9634079614275988,,,,,0,,0.22644251841148175,1,ai_phishing+account_takeover,social_engineering+access,text_generation+credential_stuffing_automation,0.949,True,synthetic
TXN508031389639,U0480208,2026-08-15 08:47:48,353.54,USD,p2p_transfer,digital_wallet,MID276022,6011,ATM / Cash Disbursement,0.149,DEV15728493,ios_mobile,0.06551323489733038,ID,SE,True,8,True,471.86118996392133,4,4,35.35,445,api_partner_onboarding,in_branch_verified,thin_file,7.4,121,1,0,0.21735888616295485,0.9785619685668334,False,False,0,1,1,CLUSTER7022,2,0.03767836699189231,0.8448517782516243,0.9868479030908268,,,,,0,,0.28004951627593855,1,ai_phishing+account_takeover,social_engineering+access,text_generation+credential_stuffing_automation,0.892,True,synthetic
TXN316165613045,U8539308,2026-08-24 16:12:16,135.96,USD,p2p_transfer,bank_transfer,MID460384,5967,Direct Marketing / Adult,0.198,DEV30139015,ios_mobile,0.11481060771590852,ID,SE,True,16,False,415.0833005765077,7,1,7.33,860,api_partner_onboarding,video_verified,prime,34.06,67,1,0,0.5695391793617607,0.7387338175221383,True,False,0,1,2,CLUSTER7401,1,1.2965314802013361,0.7669694074894616,0.972110819217012,,,,,0,,0.034780997753963545,1,ai_phishing+account_takeover,social_engineering+access,text_generation+credential_stuffing_automation,0.969,True,synthetic
TXN689662139982,U9962024,2026-07-12 01:45:44,150.07,USD,p2p_transfer,digital_wallet,MID904523,5541,Fuel / Gas Stations,0.069,DEV63735494,ios_mobile,0.0738138558572987,PK,US,True,1,False,583.8960913975205,2,0,4.21,654,in_branch,in_branch_verified,subprime,105.05,92,1,0,0.5752427534258562,0.76456553695572,True,False,0,1,1,CLUSTER3881,3,0.39154543498104,0.8757561325386111,0.8507420837651067,,,,,0,,0.12434292477129955,1,ai_phishing+account_takeover,social_engineering+access,text_generation+credential_stuffing_automation,0.901,True,synthetic
TXN998803729531,U2280147,2026-08-12 00:35:31,106.01,USD,p2p_transfer,upi,MID528189,5311,Department Stores,0.166,DEV77830712,mac_desktop,0.08560224060452504,ID,SG,True,0,False,64.37789584339166,2,3,4.98,367,api_partner_onboarding,basic_document,subprime,21.28,108,2,1,0.24964795881095272,0.8052265550793589,False,False,0,1,2,CLUSTER1156,2,0.10922006854431965,0.8425322602631095,0.8998758793447946,,,,,0,,0.2174105457349359,1,ai_phishing+account_takeover,social_engineering+access,text_generation+credential_stuffing_automation,0.855,True,synthetic
TXN323590473721,U9353939,2026-07-28 15:08:04,170.71,USD,p2p_transfer,bank_transfer,MID465869,8011,Healthcare,0.252,DEV13798658,windows_desktop,0.07681143157310061,EG,SG,True,15,False,131.24100581003762,3,0,9.01,553,web_remote,video_verified,prime,18.95,246,1,0,0.3615173981638571,0.8820120313706976,True,False,0,1,1,CLUSTER5861,1,0.6898787729130548,0.9537496985545943,0.7880873885413604,,,,,0,,0.014123735703814465,1,ai_phishing+account_takeover,social_engineering+access,text_generation+credential_stuffing_automation,0.912,True,synthetic
TXN583577408415,U6439954,2026-08-09 08:01:53,439.06,USD,p2p_transfer,debit_card,MID794139,6011,ATM / Cash Disbursement,0.094,DEV51299314,linux_desktop,0.11112545232014696,BD,JP,True,8,False,43.972716657562856,4,4,10.22,563,in_branch,in_branch_verified,thin_file,42.98,266,1,0,0.2565068063904983,0.8884645184609826,False,False,0,1,2,CLUSTER1304,2,1.9039290702725684,0.8492396913116136,0.8229511394029777,,,,,0,,0.07588193018909958,1,ai_phishing+account_takeover,social_engineering+access,text_generation+credential_stuffing_automation,0.977,True,synthetic
TXN431837343459,U3655560,2026-08-04 20:32:41,324.87,USD,p2p_transfer,credit_card,MID632651,5411,Grocery Stores,0.081,DEV76641842,windows_desktop,0.05498408338808741,VN,DE,True,20,False,396.993306703038,7,1,13.41,508,in_branch,unverified,super_prime,24.22,166,1,1,0.13426075042724742,0.7178414900951384,True,False,1,1,1,CLUSTER5067,1,0.5081028715446644,0.9226768843017293,0.8075839300788685,,,,,0,,0.0483859263325089,1,ai_phishing+account_takeover,social_engineering+access,text_generation+credential_stuffing_automation,0.927,True,synthetic
TXN284141928780,U9854677,2026-07-04 15:10:47,1293.65,USD,p2p_transfer,prepaid_card,MID673984,6011,ATM / Cash Disbursement,0.23,DEV67734552,mac_desktop,0.038288518284984675,ID,SE,True,15,False,31.373628762560102,2,1,28.39,333,web_remote,video_verified,super_prime,45.57,279,2,1,0.3648430002227149,0.8819221462821102,True,False,0,1,1,CLUSTER7708,2,0.14645151314439264,0.714413016888079,0.9373135001328594,,,,,0,,0.2692900799327866,1,ai_phishing+account_takeover,social_engineering+access,text_generation+credential_stuffing_automation,0.915,True,synthetic
TXN640705882779,U6777532,2026-06-01 01:10:40,149.77,USD,card_not_present_online,upi,MID810925,6012,Financial Institutions - Merchandise/Services,0.083,DEV48898544,ios_mobile,0.0802448837591783,NG,US,True,1,False,61.572287095465384,8,2,5.66,496,web_remote,video_verified,prime,36.53,274,2,0,0.6987296196698379,0.8981202779982291,True,False,1,1,2,CLUSTER8618,2,2.6488632664186142,0.7123692356327138,0.8796954913482183,,,,,0,,0.20027121392816893,1,ai_phishing+account_takeover,social_engineering+access,text_generation+credential_stuffing_automation,0.854,True,synthetic
TXN111251647292,U1663551,2026-06-12 01:26:36,321.11,USD,p2p_transfer,upi,MID555813,5691,Apparel,0.155,DEV99316013,windows_desktop,0.13863427339269835,RU,SE,True,1,False,401.12552936100803,4,2,29.7,820,agent_assisted,unverified,super_prime,15.98,42,2,0,0.6709660821363099,0.8861784688935244,False,False,0,1,2,CLUSTER9915,1,2.0241677834564866,0.8898317115391274,0.93147494100426,,,,,0,,0.08972478604134765,1,ai_phishing+account_takeover,social_engineering+access,text_generation+credential_stuffing_automation,0.92,True,synthetic
TXN309586318049,U5929429,2026-08-24 12:23:13,157.87,USD,p2p_transfer,digital_wallet,MID538813,5541,Fuel / Gas Stations,0.157,DEV91819218,windows_desktop,0.03192781750692182,PK,SG,True,12,True,380.87693551718075,3,3,5.35,668,web_remote,in_branch_verified,super_prime,74.03,32,1,0,0.7981406639030071,0.8249474803605619,True,False,0,1,1,CLUSTER3885,2,0.8064723846683121,0.9644593706575402,0.8353827561302092,,,,,0,,0.09562181975731103,1,ai_phishing+account_takeover,social_engineering+access,text_generation+credential_stuffing_automation,0.914,True,synthetic
TXN887303149915,U1184096,2026-06-06 07:28:21,485.03,USD,card_not_present_online,bank_transfer,MID364411,8011,Healthcare,0.233,DEV63996638,linux_desktop,0.18735031201193292,EG,AU,True,7,False,505.8112723446521,5,1,17.37,676,api_partner_onboarding,basic_document,subprime,27.93,289,1,0,0.3702924718197642,0.9588095180479272,False,True,0,1,2,CLUSTER2403,2,0.512430925891298,0.852094845124154,0.7790604857604663,,,,,0,,0.22818771379289957,1,ai_phishing+account_takeover,social_engineering+access,text_generation+credential_stuffing_automation,0.92,True,synthetic
TXN251711540268,U5038452,2026-06-22 15:08:24,774.06,USD,p2p_transfer,upi,MID842714,5661,Shoe Stores,0.633,DEV44847321,android_mobile,0.1506532476790209,BD,AU,True,15,False,595.690318066691,5,2,22.09,368,mobile_app_remote,video_verified,subprime,35.04,241,2,1,0.3613073555859774,0.8211148146133845,True,False,0,1,2,CLUSTER4474,3,0.8154834957203412,0.7517516490577363,0.7608877902173666,,,,,0,,0.12586388703479878,1,ai_phishing+account_takeover,social_engineering+access,text_generation+credential_stuffing_automation,0.937,True,synthetic
TXN156660103688,U6796682,2026-08-27 12:29:07,386.03,USD,p2p_transfer,prepaid_card,MID209837,4829,Money Transfer,0.271,DEV68814508,ios_mobile,0.0645759761088426,BD,JP,True,12,True,468.1571677677173,4,1,4.1,725,web_remote,basic_document,near_prime,41.92,143,1,1,0.7758232646158827,0.7385286225686818,True,False,0,1,1,CLUSTER2880,1,2.4909078912773324,0.7480856775377301,0.909800107451663,,,,,0,,0.14143865958439636,1,ai_phishing+account_takeover,social_engineering+access,text_generation+credential_stuffing_automation,0.889,True,synthetic
TXN463980070812,U1325434,2026-08-29 22:50:32,518.24,USD,p2p_transfer,credit_card,MID759714,5964,Direct Marketing / Catalog,0.428,DEV33220350,linux_desktop,0.05369252542109054,EG,JP,True,22,True,74.67418994640474,8,2,8.99,154,mobile_app_remote,basic_document,thin_file,57.66,185,1,0,0.36756989386065275,0.9698633785569375,True,False,0,1,1,CLUSTER6080,3,1.9637854518791489,0.750219368171675,0.9651930702939255,,,,,0,,0.2886377330164984,1,ai_phishing+account_takeover,social_engineering+access,text_generation+credential_stuffing_automation,0.973,True,synthetic
TXN876786025957,U8377486,2026-08-15 13:10:05,412.43,USD,p2p_transfer,upi,MID867719,5964,Direct Marketing / Catalog,0.138,DEV68364813,ios_mobile,0.020022098163469577,ID,AU,True,13,False,148.82309968827883,2,0,28.03,211,api_partner_onboarding,basic_document,super_prime,22.85,19,1,0,0.6145390774813225,0.748628045851409,True,True,0,1,2,CLUSTER6985,3,2.0763890685020217,0.9590426037313917,0.8503765278953207,,,,,0,,0.2281878864861671,1,ai_phishing+account_takeover,social_engineering+access,text_generation+credential_stuffing_automation,0.939,True,synthetic
TXN406779058742,U1323497,2026-06-20 01:09:12,405.28,USD,card_not_present_online,upi,MID254449,6012,Financial Institutions - Merchandise/Services,0.187,DEV17287893,android_mobile,0.11793755976108102,NG,SG,True,1,False,412.04313264694827,4,2,4.94,825,agent_assisted,in_branch_verified,subprime,58.37,134,2,1,0.7766624198534922,0.8566830313521416,True,False,0,1,1,CLUSTER2255,2,1.6635671219042134,0.756070176827792,0.7957167238363055,,,,,0,,0.14395097925304845,1,ai_phishing+account_takeover,social_engineering+access,text_generation+credential_stuffing_automation,0.964,True,synthetic
TXN666666332103,U1489637,2026-07-05 15:34:11,198.43,USD,card_not_present_online,prepaid_card,MID309574,7011,Hotels / Lodging,0.311,DEV32833392,ios_mobile,0.13115327086909515,VN,JP,True,15,True,530.44826318779,6,3,2.42,885,mobile_app_remote,unverified,thin_file,81.95,38,2,0,0.14827214100207642,0.7104977541266692,True,False,0,1,2,CLUSTER6527,2,0.955950442409885,0.9489390118323133,0.9815363456720494,,,,,0,,0.14124608631674576,1,ai_phishing+account_takeover,social_engineering+access,text_generation+credential_stuffing_automation,0.97,True,synthetic
TXN129332624607,U6668808,2026-07-15 00:41:57,94.69,USD,card_not_present_online,bank_transfer,MID501420,6300,Insurance,0.096,DEV83210853,android_mobile,0.0340912457885528,RU,AU,True,0,False,571.6325518094543,5,0,9.47,88,in_branch,in_branch_verified,prime,7.61,39,2,0,0.18403946252011844,0.8606222383440565,True,False,0,1,1,CLUSTER7071,2,2.6638521749442003,0.8371683797282773,0.8277758365617577,,,,,0,,0.25028143919746476,1,ai_phishing+account_takeover,social_engineering+access,text_generation+credential_stuffing_automation,0.966,True,synthetic
TXN583914354226,U4029192,2026-07-04 06:05:28,201.93,USD,p2p_transfer,prepaid_card,MID422155,5967,Direct Marketing / Adult,0.056,DEV24488126,android_mobile,0.13096314215069524,EG,DE,True,6,False,141.25832903173608,7,0,8.01,539,agent_assisted,basic_document,subprime,50.97,14,1,0,0.6206821601940624,0.8816368054080794,True,False,0,1,2,CLUSTER6650,3,1.6872167504036655,0.8129764396067896,0.9392706371947848,,,,,0,,0.2884568226042562,1,ai_phishing+account_takeover,social_engineering+access,text_generation+credential_stuffing_automation,0.961,True,synthetic
TXN970054977200,U9437996,2026-07-29 00:50:05,403.64,USD,p2p_transfer,digital_wallet,MID540002,4899,Cable / Streaming Services,0.321,DEV90439336,linux_desktop,0.03248887446724781,PK,SE,True,0,False,69.85367944865146,7,3,5.1,892,api_partner_onboarding,in_branch_verified,thin_file,22.93,115,2,0,0.5988590859153485,0.9716459021667192,True,False,0,1,1,CLUSTER6194,1,2.3580029800895397,0.8989625024762286,0.9217720548176472,,,,,0,,0.08215698023454922,1,ai_phishing+account_takeover,social_engineering+access,text_generation+credential_stuffing_automation,0.933,True,synthetic
TXN596761251622,U7541966,2026-07-07 08:49:52,347.74,USD,card_not_present_online,prepaid_card,MID915901,6011,ATM / Cash Disbursement,0.091,DEV52609085,linux_desktop,0.049088673778756385,EG,AU,True,8,True,573.5587709263201,5,3,3.93,225,agent_assisted,unverified,prime,88.56,269,2,0,0.33162753221327285,0.7952300219374981,False,False,0,1,2,CLUSTER2252,2,2.8152952792579495,0.8883668336399735,0.8658060369308362,,,,,0,,0.18523367620198486,1,ai_phishing+account_takeover,social_engineering+access,text_generation+credential_stuffing_automation,0.861,True,synthetic
TXN414727624939,U8394635,2026-07-18 20:20:15,278.87,USD,card_not_present_online,debit_card,MID951495,8011,Healthcare,0.29,DEV89181646,mac_desktop,0.13152960849799739,EG,CA,True,20,True,557.815625915529,8,1,6.77,325,api_partner_onboarding,unverified,super_prime,41.22,145,2,0,0.1590909519563072,0.8842735528286518,False,False,0,1,1,CLUSTER1011,3,1.2133622851334138,0.80173249501281,0.7605947208561825,,,,,0,,0.05106028234077523,1,ai_phishing+account_takeover,social_engineering+access,text_generation+credential_stuffing_automation,0.946,True,synthetic
TXN210585028126,U1817740,2026-08-19 14:12:06,902.27,USD,card_not_present_online,upi,MID723407,6051,Crypto / Digital Currency,0.156,DEV79192021,ios_mobile,0.1338438938448738,PK,AU,True,14,False,517.3539226023449,2,0,14.36,871,web_remote,unverified,prime,28.75,104,1,0,0.5840746016073904,0.847099202937422,False,True,1,1,2,CLUSTER7604,1,2.907348091604942,0.7218110239966551,0.8185020654032722,,,,,0,,0.08553114367622776,1,ai_phishing+account_takeover,social_engineering+access,text_generation+credential_stuffing_automation,0.91,True,synthetic
TXN180552717176,U5801064,2026-08-03 18:38:41,186.4,USD,card_not_present_online,debit_card,MID920734,6011,ATM / Cash Disbursement,0.046,DEV24439184,windows_desktop,0.10919838181413742,RU,SE,True,18,False,520.2936447240593,7,0,6.06,619,mobile_app_remote,in_branch_verified,near_prime,36.49,154,2,0,0.6247011789484334,0.9016415742609712,True,False,0,1,1,CLUSTER6882,2,0.7380155921200897,0.912821705350637,0.7925706337023621,,,,,0,,0.22433157871409906,1,ai_phishing+account_takeover,social_engineering+access,text_generation+credential_stuffing_automation,0.898,True,synthetic
TXN438092549059,U9066759,2026-08-16 01:03:22,311.17,USD,card_not_present_online,credit_card,MID765213,5964,Direct Marketing / Catalog,0.07,DEV33189534,linux_desktop,0.19169283645919077,ID,DE,True,1,False,513.3644460603645,8,2,3.0,108,agent_assisted,basic_document,subprime,81.18,16,1,0,0.8182901513475468,0.9662500307555695,False,False,0,1,2,CLUSTER6175,1,0.12318798844277323,0.8626845631300342,0.946988435235047,,,,,0,,0.11683155781109997,1,ai_phishing+account_takeover,social_engineering+access,text_generation+credential_stuffing_automation,0.902,True,synthetic
TXN684390145453,U9115263,2026-08-29 06:07:34,307.39,USD,card_not_present_online,credit_card,MID117519,6300,Insurance,0.182,DEV83880101,linux_desktop,0.16173082046603493,NG,SE,True,6,False,327.04603496513585,6,0,18.06,550,web_remote,basic_document,near_prime,17.02,251,2,0,0.22286875302222744,0.7978536106650351,True,False,1,1,1,CLUSTER8469,1,0.0873892910371149,0.8250127361981976,0.9480691229115767,,,,,0,,0.18310073375181488,1,ai_phishing+account_takeover,social_engineering+access,text_generation+credential_stuffing_automation,0.888,True,synthetic
TXN422862354442,U0226293,2026-06-23 02:02:34,241.92,USD,p2p_transfer,bank_transfer,MID555007,8011,Healthcare,0.154,DEV10583029,mac_desktop,0.11089767333665837,EG,SE,True,2,False,224.1257155087705,4,0,17.79,827,in_branch,basic_document,prime,13.6,247,2,1,0.19633987588458068,0.8327650605698861,False,False,0,1,2,CLUSTER9657,2,0.9688209848489997,0.9380373520663146,0.9832799058962682,,,,,0,,0.029889959511356298,1,ai_phishing+account_takeover,social_engineering+access,text_generation+credential_stuffing_automation,0.873,True,synthetic
TXN620546567745,U8854829,2026-06-16 21:55:52,491.51,USD,p2p_transfer,debit_card,MID231397,8011,Healthcare,0.169,DEV82032501,linux_desktop,0.0574772162508997,RU,SG,True,21,True,275.0879419301101,7,1,10.15,104,api_partner_onboarding,unverified,near_prime,48.42,217,1,0,0.2073728545729175,0.8731227384412265,True,False,0,1,1,CLUSTER1094,1,2.3523938649546143,0.8087394303317428,0.8289779152862798,,,,,0,,0.14671569937014142,1,ai_phishing+account_takeover,social_engineering+access,text_generation+credential_stuffing_automation,0.839,True,synthetic
TXN217757396645,U0078259,2026-07-12 02:27:16,181.8,USD,p2p_transfer,debit_card,MID469016,6051,Crypto / Digital Currency,0.07,DEV33561208,mac_desktop,0.12803181591455845,RU,SG,True,2,False,214.30756222593595,2,2,6.19,532,in_branch,in_branch_verified,subprime,26.06,191,1,0,0.8039402049622679,0.7900114118522409,True,False,0,1,2,CLUSTER4088,3,2.85106984213711,0.7778069623900982,0.8439552469165983,,,,,0,,0.12118467810061342,1,ai_phishing+account_takeover,social_engineering+access,text_generation+credential_stuffing_automation,0.909,True,synthetic
TXN655615055289,U5064575,2026-08-08 16:23:35,820.8,USD,p2p_transfer,bank_transfer,MID630667,5541,Fuel / Gas Stations,0.217,DEV57981901,android_mobile,0.06456719202066027,NG,US,True,16,False,534.675988811023,5,0,17.84,544,in_branch,video_verified,super_prime,23.61,106,1,2,0.5781303004236074,0.9376787634510544,False,False,0,1,2,CLUSTER6476,1,1.3988249181824841,0.7345837924682245,0.8328359416805897,,,,,0,,0.014912157057511033,1,ai_phishing+account_takeover,social_engineering+access,text_generation+credential_stuffing_automation,0.892,True,synthetic
TXN981778465285,U5729222,2026-08-25 15:46:01,469.34,USD,card_not_present_online,prepaid_card,MID897952,5541,Fuel / Gas Stations,0.44,DEV20456538,mac_desktop,0.12267646322096028,ID,DE,True,15,True,342.89432029731864,4,0,6.27,258,api_partner_onboarding,in_branch_verified,near_prime,21.54,249,1,0,0.8215957428287566,0.7901176044632346,True,False,0,1,1,CLUSTER4877,1,1.8670967031887358,0.7934813700019955,0.9833394236071387,,,,,0,,0.11009545539549488,1,ai_phishing+account_takeover,social_engineering+access,text_generation+credential_stuffing_automation,0.912,True,synthetic
TXN640913615866,U9998036,2026-06-27 18:46:16,319.66,USD,p2p_transfer,upi,MID852363,6051,Crypto / Digital Currency,0.28,DEV64531576,linux_desktop,0.024231072042039056,ID,SE,True,18,False,416.9174795486092,4,0,1.64,281,mobile_app_remote,unverified,prime,111.45,24,2,0,0.7264855316175611,0.8908064962650333,True,False,0,1,1,CLUSTER2928,1,2.342776654201829,0.780973225641847,0.8672584709715591,,,,,0,,0.014237639177320615,1,ai_phishing+account_takeover,social_engineering+access,text_generation+credential_stuffing_automation,0.926,True,synthetic
TXN705623183872,U6892150,2026-07-03 14:26:09,216.55,USD,p2p_transfer,bank_transfer,MID969729,6051,Crypto / Digital Currency,0.284,DEV94393048,android_mobile,0.054147602738106454,EG,JP,True,14,True,185.66730227012008,3,2,4.96,587,mobile_app_remote,video_verified,near_prime,43.65,116,2,0,0.2039827644382715,0.778681800781373,True,False,0,1,2,CLUSTER1843,1,0.7478173423990464,0.7452504917833616,0.9020835806849268,,,,,0,,0.29767586835260257,1,ai_phishing+account_takeover,social_engineering+access,text_generation+credential_stuffing_automation,0.979,True,synthetic
TXN495143476575,U1254958,2026-07-09 13:57:23,97.28,USD,p2p_transfer,credit_card,MID747966,5661,Shoe Stores,0.141,DEV22876745,linux_desktop,0.09026198698179548,ID,GB,True,13,False,298.20456269181324,2,1,9.53,868,agent_assisted,in_branch_verified,prime,55.98,270,2,1,0.6534353949641147,0.9781173837275066,True,True,0,1,1,CLUSTER4046,1,2.2742319400481232,0.8541951351360422,0.7769176555693689,,,,,0,,0.1341200331168038,1,ai_phishing+account_takeover,social_engineering+access,text_generation+credential_stuffing_automation,0.959,True,synthetic
TXN271518369521,U5741883,2026-06-12 17:01:38,132.91,USD,p2p_transfer,debit_card,MID356365,5921,Liquor Stores,0.097,DEV39902394,android_mobile,0.17006721538559397,RU,SG,True,17,False,216.92637701227468,5,1,16.7,669,in_branch,in_branch_verified,subprime,54.65,75,2,0,0.7686236868308326,0.9046902570343429,False,False,0,1,1,CLUSTER1046,3,0.33387670226473787,0.8491219878606451,0.8447345762228358,,,,,0,,0.2848038470251519,1,ai_phishing+account_takeover,social_engineering+access,text_generation+credential_stuffing_automation,0.945,True,synthetic
TXN461913834155,U8590492,2026-07-01 00:37:56,159.3,USD,card_not_present_online,credit_card,MID738840,4899,Cable / Streaming Services,0.1,DEV40661367,android_mobile,0.15299180699584852,BD,US,True,0,False,337.50389133721995,4,2,2.54,626,in_branch,in_branch_verified,subprime,46.19,245,2,0,0.6532361616065965,0.9239514795681247,True,False,0,1,2,CLUSTER1276,1,0.9916459215335864,0.7936063440058463,0.7885653491330359,,,,,0,,0.19006764446604948,1,ai_phishing+account_takeover,social_engineering+access,text_generation+credential_stuffing_automation,0.912,True,synthetic
TXN350539935559,U1105476,2026-06-10 18:18:59,61.2,USD,p2p_transfer,prepaid_card,MID405157,4829,Money Transfer,0.196,DEV50458674,ios_mobile,0.19539605607651342,ID,US,True,18,False,170.84708999535619,8,0,38.42,816,agent_assisted,unverified,prime,20.67,181,2,0,0.7387794513437904,0.7899668808759264,True,False,0,1,1,CLUSTER9225,3,2.475699154459834,0.7357319856353093,0.833322395633785,,,,,0,,0.17364000736880836,1,ai_phishing+account_takeover,social_engineering+access,text_generation+credential_stuffing_automation,0.93,True,synthetic
TXN902748873718,U0434916,2026-08-07 01:19:24,457.96,USD,p2p_transfer,prepaid_card,MID815140,4722,Travel Agencies,0.236,DEV38908986,android_mobile,0.13965357690903102,BD,SG,True,1,True,415.5495566672648,3,1,5.86,598,in_branch,video_verified,subprime,21.23,152,2,2,0.7468422714033811,0.8679149378601112,True,False,0,1,1,CLUSTER5320,3,0.2623785504350179,0.7906224203003108,0.8597178874038535,,,,,0,,0.037342114670554316,1,ai_phishing+account_takeover,social_engineering+access,text_generation+credential_stuffing_automation,0.969,True,synthetic
TXN632717385221,U4678063,2026-06-13 05:09:26,155.72,USD,card_not_present_online,digital_wallet,MID587994,5311,Department Stores,0.147,DEV41492200,windows_desktop,0.08059799943535619,VN,CA,True,5,False,300.3124673719211,2,1,1.25,661,mobile_app_remote,unverified,subprime,124.58,256,2,0,0.21788648859609341,0.826087778819287,False,False,0,1,2,CLUSTER4297,2,0.6942594165613545,0.9372342676646357,0.8806807841954585,,,,,0,,0.022233817329817027,1,ai_phishing+account_takeover,social_engineering+access,text_generation+credential_stuffing_automation,0.896,True,synthetic
TXN330181440609,U2471143,2026-06-17 00:57:02,112.21,USD,p2p_transfer,upi,MID168492,8299,Educational Services,0.177,DEV69533420,android_mobile,0.06715813427026639,VN,US,True,0,False,511.23957621545406,4,1,21.9,572,agent_assisted,basic_document,thin_file,11.18,117,2,0,0.5894837445333682,0.8714735037368571,True,False,0,1,1,CLUSTER8372,2,2.453653329982209,0.8867453382316216,0.7986818750787094,,,,,0,,0.05912780866397361,1,ai_phishing+account_takeover,social_engineering+access,text_generation+credential_stuffing_automation,0.911,True,synthetic
TXN790499888330,U7601842,2026-06-28 17:36:02,241.1,USD,card_not_present_online,debit_card,MID472194,5732,Electronics Stores,0.045,DEV82080988,mac_desktop,0.17794173694856386,EG,NL,True,17,False,369.0559933909778,5,1,24.11,766,in_branch,basic_document,near_prime,8.44,149,2,0,0.12521979639846276,0.8703934893930083,False,True,0,1,2,CLUSTER9362,3,0.028474517139607025,0.7911498606618059,0.7909383019970913,,,,,0,,0.2705683322088853,1,ai_phishing+account_takeover,social_engineering+access,text_generation+credential_stuffing_automation,0.968,True,synthetic
TXN396946672037,U6414319,2026-07-21 21:46:37,256.84,USD,p2p_transfer,upi,MID470029,8011,Healthcare,0.071,DEV68786839,mac_desktop,0.1595069920977036,NG,US,True,21,False,126.05621747988356,8,1,2.7,417,agent_assisted,in_branch_verified,super_prime,95.06,171,2,1,0.31297038290417967,0.7176568840475851,True,False,0,1,2,CLUSTER6253,1,0.48210003632725973,0.7902761417185016,0.779803772349407,,,,,0,,0.03585482975363528,1,ai_phishing+account_takeover,social_engineering+access,text_generation+credential_stuffing_automation,0.96,True,synthetic
TXN106762475671,U0995762,2026-06-07 12:38:00,352.37,USD,card_not_present_online,upi,MID684201,5967,Direct Marketing / Adult,0.151,DEV21160077,mac_desktop,0.18809978662744184,EG,DE,True,12,False,132.87952879360935,5,3,3.94,859,mobile_app_remote,unverified,subprime,89.36,10,2,0,0.11667994883132131,0.7689421253964298,True,False,0,1,2,CLUSTER7115,2,0.7784514210775259,0.7325934197683578,0.9215130093090174,,,,,0,,0.0426789211133965,1,ai_phishing+account_takeover,social_engineering+access,text_generation+credential_stuffing_automation,0.883,True,synthetic
TXN987391887422,U3579747,2026-06-12 11:03:19,53.39,USD,card_not_present_online,bank_transfer,MID145090,6011,ATM / Cash Disbursement,0.232,DEV45401735,android_mobile,0.03750055061302432,RU,JP,True,11,True,275.6783869081953,7,0,5.86,647,web_remote,unverified,subprime,65.75,149,2,0,0.6615012392692001,0.8329052674811983,False,False,0,1,1,CLUSTER4441,1,0.37081983246268957,0.7335282847445634,0.9369176991848511,,,,,0,,0.29921204459465633,1,ai_phishing+account_takeover,social_engineering+access,text_generation+credential_stuffing_automation,0.886,True,synthetic
TXN720357672819,U5695168,2026-06-01 06:57:10,214.15,USD,p2p_transfer,upi,MID766440,8011,Healthcare,0.168,DEV11830067,ios_mobile,0.14114845078298488,VN,SE,True,6,False,516.0956698098901,3,0,7.39,137,in_branch,video_verified,near_prime,30.26,169,1,1,0.5537838702541789,0.9541010453945276,True,True,0,1,1,CLUSTER3151,2,1.736553405452788,0.872535155868576,0.908486636505359,,,,,0,,0.05642943094445759,1,ai_phishing+account_takeover,social_engineering+access,text_generation+credential_stuffing_automation,0.934,True,synthetic
TXN790271006460,U4376734,2026-06-24 00:49:30,67.59,USD,card_not_present_online,digital_wallet,MID330147,5411,Grocery Stores,0.473,DEV97118638,android_mobile,0.046334175548845224,RU,CA,True,0,False,295.57045633022346,7,0,27.5,694,api_partner_onboarding,unverified,subprime,15.74,167,2,0,0.6908122507846629,0.7003863380803425,False,False,0,1,1,CLUSTER3569,1,0.11630793937803086,0.9125263971806399,0.8445259012526075,,,,,0,,0.2584602733924661,1,ai_phishing+account_takeover,social_engineering+access,text_generation+credential_stuffing_automation,0.886,True,synthetic
TXN760699484766,U9794038,2026-08-03 07:10:32,96.37,USD,card_not_present_online,bank_transfer,MID314560,5691,Apparel,0.165,DEV16514568,mac_desktop,0.1356916373420013,VN,AU,True,7,True,504.9295453054989,2,3,13.53,856,mobile_app_remote,in_branch_verified,near_prime,25.35,130,1,0,0.7580912365622212,0.8337720497287695,True,True,0,1,2,CLUSTER5372,3,0.07266109479255567,0.8524410565974423,0.8432445442394797,,,,,0,,0.04227260984988957,1,ai_phishing+account_takeover,social_engineering+access,text_generation+credential_stuffing_automation,0.893,True,synthetic
TXN617377145861,U9419642,2026-06-06 21:58:47,606.44,USD,p2p_transfer,bank_transfer,MID467031,4899,Cable / Streaming Services,0.045,DEV94020548,linux_desktop,0.0727884262784151,RU,AU,True,21,False,564.0083190655141,4,1,11.24,477,agent_assisted,in_branch_verified,subprime,28.93,133,2,1,0.8047107881026682,0.7558214546481611,True,False,0,1,2,CLUSTER4121,1,2.222418566691742,0.8574840297118473,0.8409947268939154,,,,,0,,0.11203317846779688,1,ai_phishing+account_takeover,social_engineering+access,text_generation+credential_stuffing_automation,0.825,True,synthetic
TXN114824159339,U0829043,2026-06-02 20:50:42,481.6,USD,p2p_transfer,prepaid_card,MID954004,6011,ATM / Cash Disbursement,0.179,DEV20132715,linux_desktop,0.11651121040116598,NG,JP,True,20,True,161.56478903727455,8,1,3.54,342,in_branch,in_branch_verified,subprime,81.4,34,2,0,0.7179182146715911,0.9406936207947598,True,False,0,1,2,CLUSTER2116,1,2.97547397011039,0.7435533574122662,0.955544965621158,,,,,0,,0.10953596547462077,1,ai_phishing+account_takeover,social_engineering+access,text_generation+credential_stuffing_automation,0.909,True,synthetic
TXN714897757762,U6320044,2026-08-02 12:38:25,239.73,USD,card_not_present_online,bank_transfer,MID375940,5732,Electronics Stores,0.142,DEV62194648,ios_mobile,0.19953609386363433,RU,AU,True,12,True,422.2621499418765,5,1,7.16,241,in_branch,unverified,super_prime,33.49,192,2,0,0.23506982505066207,0.8482817076854487,True,False,0,1,1,CLUSTER5683,3,2.9168356124531467,0.9507798954661595,0.8243280397081763,,,,,0,,0.2942600574831903,1,ai_phishing+account_takeover,social_engineering+access,text_generation+credential_stuffing_automation,0.901,True,synthetic
TXN264583905475,U4685544,2026-08-01 17:21:59,660.28,USD,p2p_transfer,debit_card,MID274876,7995,Betting / Gambling,0.115,DEV20444337,ios_mobile,0.11143163119143568,RU,AU,True,17,True,351.31668135030844,2,1,19.18,261,api_partner_onboarding,basic_document,near_prime,34.42,69,2,0,0.18543927491794632,0.7310261390434555,True,True,0,1,1,CLUSTER2705,1,2.329328346115928,0.7208092907896528,0.9151034935327929,,,,,0,,0.19999883707066018,1,ai_phishing+account_takeover,social_engineering+access,text_generation+credential_stuffing_automation,0.903,True,synthetic
TXN598535705117,U0989348,2026-07-03 21:28:35,115.27,USD,p2p_transfer,credit_card,MID883466,5311,Department Stores,0.452,DEV86610384,windows_desktop,0.09495324881256301,VN,JP,True,21,False,83.15020296103536,2,2,10.15,282,mobile_app_remote,unverified,super_prime,32.19,212,1,1,0.6786387447626582,0.8905942239366069,True,True,0,1,2,CLUSTER4733,3,1.3884823620207563,0.7085673931111651,0.8619336263405137,,,,,0,,0.23751757693222128,1,ai_phishing+account_takeover,social_engineering+access,text_generation+credential_stuffing_automation,0.855,True,synthetic
TXN696759392977,U8007332,2026-07-20 03:08:43,400.48,USD,p2p_transfer,prepaid_card,MID190607,5812,Restaurants,0.234,DEV52227848,mac_desktop,0.09304683684157534,EG,JP,True,3,False,53.679933662378424,8,1,11.21,389,mobile_app_remote,basic_document,near_prime,35.71,83,2,1,0.32295673483487874,0.9002144427880372,True,False,0,1,2,CLUSTER3410,2,2.160957735660517,0.7862214999603561,0.9827725741489598,,,,,0,,0.005907065284866076,1,ai_phishing+account_takeover,social_engineering+access,text_generation+credential_stuffing_automation,0.884,True,synthetic
TXN657248136194,U9374358,2026-08-26 00:55:26,127.86,USD,p2p_transfer,debit_card,MID552470,6011,ATM / Cash Disbursement,0.086,DEV56678162,android_mobile,0.11904152269896875,BD,SE,True,0,False,185.59237091332972,5,0,5.32,216,api_partner_onboarding,unverified,thin_file,24.03,219,2,0,0.24095224537771323,0.8042721277903967,True,False,0,1,2,CLUSTER9011,1,1.5534937706059668,0.8795798373046659,0.8976707792747026,,,,,0,,0.14751342792764013,1,ai_phishing+account_takeover,social_engineering+access,text_generation+credential_stuffing_automation,0.9,True,synthetic
TXN624358955066,U0198660,2026-08-04 21:27:55,158.13,USD,card_not_present_online,prepaid_card,MID267306,5941,Sporting Goods,0.225,DEV27680662,windows_desktop,0.15016794715247855,VN,CA,True,21,False,63.51598818288154,7,3,17.51,872,api_partner_onboarding,video_verified,subprime,11.54,51,2,0,0.6277656801878002,0.7158657974445505,True,True,0,1,2,CLUSTER4702,3,1.3389731045291065,0.9656799414818324,0.7607406084469266,,,,,0,,0.0687278007662198,1,ai_phishing+account_takeover,social_engineering+access,text_generation+credential_stuffing_automation,0.953,True,synthetic
TXN944072769437,U4384849,2026-07-26 16:18:50,258.17,USD,card_not_present_online,prepaid_card,MID657550,5967,Direct Marketing / Adult,0.166,DEV26195851,linux_desktop,0.05308969022207791,BD,CA,True,16,False,37.59685991358262,8,0,7.69,247,in_branch,in_branch_verified,subprime,33.59,153,2,0,0.20216356658041792,0.7618664252018224,True,False,0,1,1,CLUSTER6182,3,1.0542050703947874,0.8657375507797783,0.9746942213714558,,,,,0,,0.10052493044257423,1,ai_phishing+account_takeover,social_engineering+access,text_generation+credential_stuffing_automation,0.975,True,synthetic
TXN423855312689,U9142664,2026-07-13 05:35:48,203.83,USD,p2p_transfer,digital_wallet,MID193974,5999,Misc Retail,0.045,DEV48739760,windows_desktop,0.19947463527050066,VN,US,True,5,False,237.62129286124792,8,1,23.61,609,api_partner_onboarding,basic_document,prime,12.33,189,2,0,0.756408378323859,0.8387059018321259,True,True,0,1,2,CLUSTER2737,1,1.6923592765328985,0.87916564862874,0.9859028513917755,,,,,0,,0.023534895586913428,1,ai_phishing+account_takeover,social_engineering+access,text_generation+credential_stuffing_automation,0.952,True,synthetic
TXN906152929475,U8834389,2026-06-15 10:55:04,357.75,USD,p2p_transfer,bank_transfer,MID254393,6051,Crypto / Digital Currency,0.209,DEV12059059,android_mobile,0.11614914604701425,RU,JP,True,10,False,92.32768950107729,7,1,18.3,772,in_branch,unverified,subprime,19.55,70,2,0,0.31455509794046427,0.7683455653126338,True,False,0,1,1,CLUSTER8361,1,1.7810981131441261,0.7599650684227516,0.777939230459051,,,,,0,,0.15602016464151383,1,ai_phishing+account_takeover,social_engineering+access,text_generation+credential_stuffing_automation,0.885,True,synthetic
TXN690139126679,U8109519,2026-07-09 20:53:30,108.92,USD,card_not_present_online,upi,MID664717,6300,Insurance,0.036,DEV45837845,ios_mobile,0.03113787834500483,BD,GB,True,20,False,56.83517821910483,3,2,16.68,139,web_remote,in_branch_verified,prime,25.37,156,1,1,0.6724928946594904,0.8266523255797822,True,False,0,1,1,CLUSTER1849,1,1.4661596615602055,0.9348056141115129,0.8572989413781243,,,,,0,,0.1461646608142698,1,ai_phishing+account_takeover,social_engineering+access,text_generation+credential_stuffing_automation,0.856,True,synthetic
TXN421320023757,U6690920,2026-06-30 17:51:21,256.88,USD,p2p_transfer,credit_card,MID290423,5732,Electronics Stores,0.056,DEV49767527,ios_mobile,0.17510214388354017,NG,SG,True,17,False,599.7766996277393,4,2,5.74,456,api_partner_onboarding,basic_document,prime,34.99,173,2,0,0.5683747249960461,0.7815894937839327,True,True,0,1,2,CLUSTER3807,3,1.4864994302016243,0.7272413133448353,0.770696768254014,,,,,0,,0.18894775237194497,1,ai_phishing+account_takeover,social_engineering+access,text_generation+credential_stuffing_automation,0.94,True,synthetic
TXN827554728875,U0859944,2026-08-04 18:39:13,185.76,USD,card_not_present_online,bank_transfer,MID614037,5541,Fuel / Gas Stations,0.119,DEV54560237,mac_desktop,0.020866227592688715,RU,AU,True,18,False,548.7243099342155,5,3,18.58,413,api_partner_onboarding,unverified,thin_file,9.11,293,1,1,0.3824646758257174,0.8723849325891354,True,False,0,1,2,CLUSTER3625,1,0.8301808222407129,0.7510407065962603,0.825445446692571,,,,,0,,0.11312449276100073,1,ai_phishing+account_takeover,social_engineering+access,text_generation+credential_stuffing_automation,0.914,True,synthetic
TXN542673685016,U2041910,2026-07-10 05:31:01,251.94,USD,p2p_transfer,bank_transfer,MID818237,5661,Shoe Stores,0.292,DEV78929227,ios_mobile,0.030468388173563468,ID,AU,True,5,False,254.10556582926804,4,1,4.05,171,agent_assisted,video_verified,subprime,62.24,113,1,1,0.17544575793153339,0.8585213768039307,True,False,0,1,1,CLUSTER4774,1,2.9050666752292833,0.8398844118008418,0.95329586038574,,,,,0,,0.22389437207645485,1,ai_phishing+account_takeover,social_engineering+access,text_generation+credential_stuffing_automation,0.947,True,synthetic
TXN183872581928,U9281804,2026-06-12 06:27:14,1033.53,USD,card_not_present_online,prepaid_card,MID937485,4111,Transit / Transportation,0.216,DEV56750699,mac_desktop,0.1833888023970547,VN,SE,True,6,False,393.9513986822016,8,2,20.89,452,web_remote,in_branch_verified,near_prime,49.48,216,2,0,0.12685744167163024,0.7588079646966831,False,False,0,1,2,CLUSTER8221,3,2.179575188093115,0.8513704829361068,0.7680420407091787,,,,,0,,0.13783615851290748,1,ai_phishing+account_takeover,social_engineering+access,text_generation+credential_stuffing_automation,0.954,True,synthetic
TXN636601073073,U1114550,2026-08-08 02:52:23,290.68,USD,p2p_transfer,credit_card,MID808168,5941,Sporting Goods,0.181,DEV66784508,linux_desktop,0.08560947849312034,VN,SG,True,2,False,212.88472194931697,4,3,3.02,227,agent_assisted,video_verified,super_prime,32.85,175,1,0,0.6904010729473012,0.7405834298952371,True,False,0,1,2,CLUSTER4812,1,0.7565023056533698,0.7522741642460993,0.7644253936663683,,,,,0,,0.16364786260869083,1,ai_phishing+account_takeover,social_engineering+access,text_generation+credential_stuffing_automation,0.937,True,synthetic
TXN920050235384,U4644032,2026-08-02 23:37:33,195.37,USD,p2p_transfer,digital_wallet,MID375093,4111,Transit / Transportation,0.471,DEV20643223,linux_desktop,0.11956921950158453,EG,NL,True,23,False,329.53522765828313,2,3,8.34,151,web_remote,video_verified,subprime,45.5,193,1,1,0.5794021594977854,0.9668102861683389,True,True,0,1,1,CLUSTER9875,1,0.06351162792481035,0.7550080743269323,0.960465901565896,,,,,0,,0.041421793986687036,1,ai_phishing+account_takeover,social_engineering+access,text_generation+credential_stuffing_automation,0.894,True,synthetic
TXN796781428219,U8687178,2026-07-08 05:24:37,385.75,USD,card_not_present_online,digital_wallet,MID180843,6051,Crypto / Digital Currency,0.099,DEV18993400,ios_mobile,0.023633280639779517,RU,AU,True,5,True,188.8245984376371,3,5,4.39,645,mobile_app_remote,unverified,super_prime,43.14,239,2,0,0.6222844882451757,0.9138234799120806,True,False,0,1,2,CLUSTER9227,3,2.5389587245924177,0.8441897723439004,0.9722762454386681,,,,,0,,0.14815197116744708,1,ai_phishing+account_takeover,social_engineering+access,text_generation+credential_stuffing_automation,0.971,True,synthetic
TXN650518985110,U0662326,2026-07-10 07:41:20,659.88,USD,card_not_present_online,digital_wallet,MID598350,6011,ATM / Cash Disbursement,0.179,DEV81282019,linux_desktop,0.09085862704927486,EG,SE,True,7,False,162.43387445109525,8,1,30.72,587,mobile_app_remote,in_branch_verified,subprime,21.48,263,2,0,0.3528258473701782,0.9254974297026003,True,True,0,1,1,CLUSTER4089,1,1.4549511925487857,0.8760338968220704,0.8304150440334309,,,,,0,,0.22266250967181372,1,ai_phishing+account_takeover,social_engineering+access,text_generation+credential_stuffing_automation,0.975,True,synthetic
TXN893309806271,U9659065,2026-06-14 21:02:15,147.14,USD,card_not_present_online,bank_transfer,MID941672,5311,Department Stores,0.083,DEV18513886,android_mobile,0.1956210386093541,VN,GB,True,21,False,498.21766094872936,3,3,2.98,690,web_remote,video_verified,prime,109.67,226,1,0,0.6498671266729175,0.7114526976718678,True,False,0,1,1,CLUSTER7310,2,1.1852096935659509,0.7816907706265537,0.9515993281433379,,,,,0,,0.23344815842056882,1,ai_phishing+account_takeover,social_engineering+access,text_generation+credential_stuffing_automation,0.841,True,synthetic
TXN270521248158,U5900232,2026-06-10 00:52:29,334.41,USD,card_not_present_online,prepaid_card,MID308600,5921,Liquor Stores,0.128,DEV12026776,linux_desktop,0.1908882324289498,EG,JP,True,0,False,332.5149341636744,2,2,3.37,464,web_remote,basic_document,prime,99.16,263,1,0,0.24169956636552098,0.7927299187719102,True,False,0,1,1,CLUSTER2169,2,1.8092484069457857,0.8217550131247239,0.9503976287918093,,,,,0,,0.02086890438011808,1,ai_phishing+account_takeover,social_engineering+access,text_generation+credential_stuffing_automation,0.93,True,synthetic
TXN577350208009,U1045255,2026-06-25 23:15:58,236.45,USD,card_not_present_online,debit_card,MID619491,4899,Cable / Streaming Services,0.163,DEV27054228,ios_mobile,0.10855735137184797,PK,CA,True,23,False,148.94518126453062,3,0,3.63,459,in_branch,video_verified,thin_file,35.27,274,2,0,0.8452345851445591,0.7625287795016713,True,False,0,1,2,CLUSTER2132,2,0.23371688612330221,0.8598485514728624,0.8072654627533579,,,,,0,,0.2046640974782519,1,ai_phishing+account_takeover,social_engineering+access,text_generation+credential_stuffing_automation,0.887,True,synthetic
TXN508312595487,U4180873,2026-07-23 08:39:42,709.79,USD,card_not_present_online,digital_wallet,MID755962,4111,Transit / Transportation,0.218,DEV90663717,android_mobile,0.1927629276676862,EG,SE,True,8,True,269.29919418262125,7,0,30.71,640,agent_assisted,video_verified,near_prime,23.11,286,2,0,0.37298418389179366,0.7107647615274952,False,False,0,1,1,CLUSTER9854,3,0.04385054512235875,0.7383368746577964,0.7522318633410298,,,,,0,,0.1597719124722743,1,ai_phishing+account_takeover,social_engineering+access,text_generation+credential_stuffing_automation,0.948,True,synthetic
TXN148970771132,U0676244,2026-07-22 08:30:49,273.67,USD,card_not_present_online,digital_wallet,MID415055,5812,Restaurants,0.424,DEV12530931,linux_desktop,0.11589642375730244,EG,JP,True,8,False,113.10294664057096,4,1,10.62,522,api_partner_onboarding,basic_document,super_prime,25.78,298,2,0,0.35008000720980004,0.7777941817541784,True,False,0,1,2,CLUSTER6449,2,0.4376759049909831,0.9396452469231494,0.7742324292383072,,,,,0,,0.10426277408312039,1,ai_phishing+account_takeover,social_engineering+access,text_generation+credential_stuffing_automation,0.955,True,synthetic
TXN644454428780,U3811727,2026-08-18 19:09:37,370.87,USD,card_not_present_online,prepaid_card,MID693087,5999,Misc Retail,0.225,DEV44027035,ios_mobile,0.054428384894885135,EG,JP,True,19,True,513.5081139232002,8,0,3.15,899,api_partner_onboarding,unverified,subprime,84.5,119,2,0,0.5819587890450829,0.9364875860124426,False,False,0,1,2,CLUSTER4609,1,1.291670594779836,0.8369413809607921,0.8479530108826506,,,,,0,,0.03640925106503827,1,ai_phishing+account_takeover,social_engineering+access,text_generation+credential_stuffing_automation,0.947,True,synthetic
TXN153820187349,U3015852,2026-07-09 21:01:31,184.66,USD,p2p_transfer,debit_card,MID316292,5812,Restaurants,0.293,DEV95397257,ios_mobile,0.17683665021247832,EG,DE,True,21,False,304.5661614772185,3,1,8.17,509,web_remote,video_verified,prime,39.23,10,2,0,0.5627289798587487,0.7730210487940758,True,True,0,1,2,CLUSTER5203,3,1.1002208817810608,0.7301224984706852,0.7767172095981952,,,,,0,,0.01104284897018941,1,ai_phishing+account_takeover,social_engineering+access,text_generation+credential_stuffing_automation,0.882,True,synthetic
TXN890677999648,U0488685,2026-08-08 17:47:29,213.02,USD,p2p_transfer,credit_card,MID517108,4111,Transit / Transportation,0.156,DEV88893717,android_mobile,0.040122751057285674,RU,DE,True,17,True,413.4146902382941,4,3,8.35,342,in_branch,video_verified,near_prime,35.45,288,2,0,0.6831492668968608,0.9047275716813985,True,False,1,1,2,CLUSTER4735,3,2.4661494170744906,0.8678263762623641,0.7719288716364917,,,,,0,,0.1988744216788221,1,ai_phishing+account_takeover,social_engineering+access,text_generation+credential_stuffing_automation,0.977,True,synthetic
TXN452369056011,U4112684,2026-08-24 10:00:23,606.72,USD,p2p_transfer,credit_card,MID310569,5691,Apparel,0.046,DEV34869951,linux_desktop,0.17097388931636331,BD,SE,True,10,False,593.2926922347295,6,1,27.93,348,web_remote,basic_document,prime,21.72,107,1,1,0.22197454347202233,0.706562381237893,True,False,0,1,1,CLUSTER8896,3,0.3951770341926433,0.8760330545430766,0.7829708885579348,,,,,0,,0.1608820998547111,1,ai_phishing+account_takeover,social_engineering+access,text_generation+credential_stuffing_automation,0.972,True,synthetic
TXN147877833345,U7700544,2026-08-02 16:59:59,715.74,USD,card_not_present_online,bank_transfer,MID572337,5661,Shoe Stores,0.409,DEV53041968,linux_desktop,0.0819525049993432,PK,GB,True,16,False,336.57207687905463,8,1,41.3,69,in_branch,basic_document,near_prime,17.33,192,1,0,0.20146978173186375,0.9648330832221961,True,False,0,1,2,CLUSTER1749,2,0.5965332120551496,0.8656863013404592,0.9307826527017169,,,,,0,,0.20935785586378244,1,ai_phishing+account_takeover,social_engineering+access,text_generation+credential_stuffing_automation,0.93,True,synthetic
TXN815283572301,U7240656,2026-08-27 04:49:39,480.03,USD,card_not_present_online,upi,MID402557,4722,Travel Agencies,0.147,DEV47239264,android_mobile,0.10711413134848653,ID,SE,True,4,False,529.0091394364117,4,0,18.38,266,mobile_app_remote,in_branch_verified,subprime,26.12,100,1,0,0.27957459422543446,0.8627930206877182,True,True,0,1,2,CLUSTER2293,2,1.4089604583822384,0.7549036339672358,0.7527690282083339,,,,,0,,0.025135728041700188,1,ai_phishing+account_takeover,social_engineering+access,text_generation+credential_stuffing_automation,0.892,True,synthetic
TXN452818893987,U2927168,2026-08-21 13:28:45,418.43,USD,p2p_transfer,prepaid_card,MID156528,5964,Direct Marketing / Catalog,0.109,DEV43390453,windows_desktop,0.1586568720428385,EG,SE,True,13,True,538.2239470449854,6,0,22.9,860,agent_assisted,unverified,near_prime,40.9,158,2,0,0.697668808269791,0.8950298969638335,True,False,0,1,2,CLUSTER3729,1,1.817659424924928,0.9572290224804323,0.9216581543032036,,,,,0,,0.2987349679607579,1,ai_phishing+account_takeover,social_engineering+access,text_generation+credential_stuffing_automation,0.97,True,synthetic
TXN778259569499,U4418721,2026-07-15 06:54:02,535.86,USD,card_not_present_online,debit_card,MID364227,8299,Educational Services,0.183,DEV75186398,linux_desktop,0.1767564875254067,BD,NL,True,6,True,587.0281730739823,5,1,13.13,630,mobile_app_remote,unverified,near_prime,41.63,182,1,0,0.824971191762637,0.7433263265894053,True,False,0,1,2,CLUSTER3218,3,1.2938019856977792,0.7867094031572679,0.8326432961663338,,,,,0,,0.06664690340936104,1,ai_phishing+account_takeover,social_engineering+access,text_generation+credential_stuffing_automation,0.952,True,synthetic
TXN131961303505,U3018830,2026-07-17 10:57:09,234.43,USD,p2p_transfer,prepaid_card,MID509690,6051,Crypto / Digital Currency,0.141,DEV77395533,ios_mobile,0.19316655174699618,EG,CA,True,10,False,100.33106122098059,5,0,5.25,818,mobile_app_remote,basic_document,thin_file,44.67,185,2,0,0.24898329725157745,0.8724271209581104,True,True,0,1,1,CLUSTER6199,1,2.0957811762874137,0.9079879260206789,0.8978953198268769,,,,,0,,0.12465974002413029,1,ai_phishing+account_takeover,social_engineering+access,text_generation+credential_stuffing_automation,0.973,True,synthetic
TXN732093615025,U5673766,2026-06-17 14:01:37,324.29,USD,p2p_transfer,upi,MID929362,6300,Insurance,0.157,DEV10995656,linux_desktop,0.1669511230069279,RU,SG,True,14,False,400.7362901769038,2,1,17.37,522,agent_assisted,basic_document,super_prime,18.67,144,1,1,0.21511089721581333,0.7741055895953803,True,False,0,1,2,CLUSTER7106,2,1.1563423847188794,0.9637852637272386,0.9487030150571892,,,,,0,,0.12657859428091595,1,ai_phishing+account_takeover,social_engineering+access,text_generation+credential_stuffing_automation,0.935,True,synthetic
TXN676293121812,U9516527,2026-06-30 11:20:05,129.08,USD,p2p_transfer,prepaid_card,MID244296,7995,Betting / Gambling,0.106,DEV59822704,android_mobile,0.06582422602281457,NG,SE,True,11,False,324.7546167920281,6,1,10.56,335,api_partner_onboarding,video_verified,thin_file,43.75,190,2,0,0.7466949284388729,0.9645403525620029,False,False,0,1,2,CLUSTER1631,3,2.7029215331196808,0.7683337908428154,0.7788600953619841,,,,,0,,0.0008895535107836693,1,ai_phishing+account_takeover,social_engineering+access,text_generation+credential_stuffing_automation,0.961,True,synthetic
TXN260229326704,U7933041,2026-07-02 18:58:32,278.57,USD,card_not_present_online,upi,MID862619,4829,Money Transfer,0.27,DEV78590962,mac_desktop,0.1647344306535434,BD,NL,True,18,False,276.6394644015996,5,0,4.84,71,mobile_app_remote,unverified,subprime,57.58,291,2,1,0.2641074653563329,0.7024612819844765,True,False,0,1,2,CLUSTER9566,3,1.7904655782522134,0.9274683303388582,0.9875506699188453,,,,,0,,0.2503644668925133,1,ai_phishing+account_takeover,social_engineering+access,text_generation+credential_stuffing_automation,0.833,True,synthetic
TXN835049452688,U5146774,2026-06-23 00:26:22,86.67,USD,p2p_transfer,upi,MID632210,5411,Grocery Stores,0.207,DEV20669449,mac_desktop,0.08703104802731308,BD,US,True,0,False,524.0144792388102,5,0,3.5,723,agent_assisted,in_branch_verified,subprime,67.19,53,1,1,0.7178564114826591,0.7657353620807128,True,False,0,1,1,CLUSTER6915,2,0.5505004370703935,0.7757031613121326,0.8242120361332052,,,,,0,,0.11382734518450707,1,ai_phishing+account_takeover,social_engineering+access,text_generation+credential_stuffing_automation,0.978,True,synthetic
TXN681233429650,U4505411,2026-06-06 04:02:59,389.11,USD,p2p_transfer,upi,MID516359,5967,Direct Marketing / Adult,0.467,DEV80853643,mac_desktop,0.024380131264241194,NG,DE,True,4,False,495.65430861292606,8,0,25.47,788,api_partner_onboarding,unverified,thin_file,15.28,238,2,0,0.39140388543839166,0.9058163770194454,True,True,0,1,1,CLUSTER6695,1,1.1872259269855592,0.7462271829563427,0.9143816256873379,,,,,0,,0.10741380046592681,1,ai_phishing+account_takeover,social_engineering+access,text_generation+credential_stuffing_automation,0.909,True,synthetic
TXN404767774518,U3151748,2026-08-01 07:27:47,384.36,USD,p2p_transfer,debit_card,MID648830,5691,Apparel,0.181,DEV77311953,linux_desktop,0.1128169092806922,VN,US,True,7,True,362.050954346593,2,1,5.14,339,web_remote,basic_document,near_prime,74.75,173,1,1,0.19480717479198578,0.7603552320687957,True,True,0,1,2,CLUSTER2321,1,0.7014605939625186,0.786037123763585,0.8043531144374262,,,,,0,,0.030136123696066705,1,ai_phishing+account_takeover,social_engineering+access,text_generation+credential_stuffing_automation,0.98,True,synthetic
TXN780435315776,U1032517,2026-06-19 05:12:54,183.65,USD,p2p_transfer,digital_wallet,MID741607,5999,Misc Retail,0.08,DEV79781723,windows_desktop,0.03337853467431903,ID,DE,True,5,False,450.07988869685346,6,0,21.78,679,web_remote,basic_document,near_prime,20.82,21,2,0,0.6791534120583947,0.8437683338735422,True,False,1,1,2,CLUSTER5589,1,0.47873900549147763,0.9260794109997929,0.7508448068151263,,,,,0,,0.2639176895807511,1,ai_phishing+account_takeover,social_engineering+access,text_generation+credential_stuffing_automation,0.918,True,synthetic
TXN136461195565,U9838545,2026-07-01 21:05:27,367.46,USD,p2p_transfer,bank_transfer,MID951419,8299,Educational Services,0.26,DEV76612022,windows_desktop,0.06749009697714382,NG,SG,True,21,True,573.5249534363876,6,2,19.12,163,agent_assisted,video_verified,subprime,13.25,275,2,0,0.6446708898417944,0.952322827152808,True,False,0,1,1,CLUSTER9407,2,0.7759464219241922,0.7772449471800971,0.9611807500840753,,,,,0,,0.032938875755769224,1,ai_phishing+account_takeover,social_engineering+access,text_generation+credential_stuffing_automation,0.964,True,synthetic
TXN857103644997,U3214865,2026-08-10 10:02:38,296.28,USD,p2p_transfer,debit_card,MID308893,5967,Direct Marketing / Adult,0.142,DEV67032008,android_mobile,0.027823836405603847,ID,AU,True,10,False,505.2750500575787,5,1,16.45,551,web_remote,basic_document,near_prime,18.01,66,2,0,0.10605729134135256,0.8534559146563244,True,False,0,1,1,CLUSTER5621,3,0.6465668242617398,0.9453228133667607,0.7516265622139029,,,,,0,,0.06962945667576036,1,ai_phishing+account_takeover,social_engineering+access,text_generation+credential_stuffing_automation,0.97,True,synthetic
TXN602344565164,U5566809,2026-06-06 19:42:09,161.73,USD,p2p_transfer,credit_card,MID430363,5999,Misc Retail,0.018,DEV41445340,windows_desktop,0.09626022092119674,ID,JP,True,19,False,420.07036914995666,8,0,40.27,630,in_branch,video_verified,super_prime,14.01,238,2,0,0.82242336400794,0.9638380936280109,True,True,0,1,2,CLUSTER3954,3,2.286883392653455,0.845797444895077,0.9355072986284134,,,,,0,,0.2763411874348305,1,ai_phishing+account_takeover,social_engineering+access,text_generation+credential_stuffing_automation,0.975,True,synthetic
TXN910254570368,U9361632,2026-07-30 13:33:53,312.47,USD,p2p_transfer,digital_wallet,MID979438,5812,Restaurants,0.132,DEV77673019,linux_desktop,0.17495568280444865,PK,JP,True,13,True,549.2775652761773,4,0,12.23,651,mobile_app_remote,video_verified,super_prime,25.54,280,1,2,0.12348835101010186,0.8440108721462942,True,False,0,1,1,CLUSTER3817,2,1.467212653963505,0.9524678242206261,0.7927570711523989,,,,,0,,0.1405070963102974,1,ai_phishing+account_takeover,social_engineering+access,text_generation+credential_stuffing_automation,0.888,True,synthetic
TXN336450742167,U3804740,2026-06-10 12:09:10,57.42,USD,p2p_transfer,digital_wallet,MID322788,5967,Direct Marketing / Adult,0.054,DEV85522142,linux_desktop,0.12387525744137029,VN,SG,True,12,False,175.99697630967935,3,2,9.36,536,in_branch,video_verified,subprime,18.82,162,1,0,0.566582943743657,0.9314462097003893,True,False,0,1,2,CLUSTER9379,2,0.13714953423202336,0.9320627351749217,0.8457825797662767,,,,,0,,0.14793332698635445,1,ai_phishing+account_takeover,social_engineering+access,text_generation+credential_stuffing_automation,0.837,True,synthetic
TXN682523854161,U6120949,2026-08-03 12:15:00,248.71,USD,card_not_present_online,prepaid_card,MID265272,6011,ATM / Cash Disbursement,0.014,DEV34679286,mac_desktop,0.17521128763175653,VN,US,True,12,True,76.49101611152409,4,0,4.0,666,agent_assisted,in_branch_verified,near_prime,41.34,110,2,0,0.6002494432823877,0.8188515031055351,True,False,1,1,2,CLUSTER1395,3,1.5181774165560316,0.7866936519711141,0.8166081702076344,,,,,0,,0.14268082436706844,1,ai_phishing+account_takeover,social_engineering+access,text_generation+credential_stuffing_automation,0.969,True,synthetic
TXN837757106423,U2315412,2026-08-20 17:18:50,125.85,USD,p2p_transfer,prepaid_card,MID776601,5964,Direct Marketing / Catalog,0.165,DEV26374933,android_mobile,0.11363831244131127,RU,AU,True,17,True,470.8519063175178,5,3,7.9,432,web_remote,basic_document,near_prime,15.93,273,1,0,0.3343728438825133,0.7478855903514262,True,False,0,1,2,CLUSTER7612,1,2.1550059444049317,0.7644009204255979,0.8815949249789594,,,,,0,,0.2856851342727131,1,ai_phishing+account_takeover,social_engineering+access,text_generation+credential_stuffing_automation,0.89,True,synthetic
TXN315022826662,U3227123,2026-08-20 04:54:58,208.4,USD,p2p_transfer,bank_transfer,MID311854,4111,Transit / Transportation,0.058,DEV13755729,ios_mobile,0.09005505686231625,RU,NL,True,4,False,541.8245998355663,8,2,8.47,315,api_partner_onboarding,basic_document,near_prime,24.6,293,1,1,0.30237987959441737,0.8133796080702059,True,False,0,1,1,CLUSTER4341,1,2.737594826085457,0.8450469625555967,0.9740013015738351,,,,,0,,0.15264546372517757,1,ai_phishing+account_takeover,social_engineering+access,text_generation+credential_stuffing_automation,0.838,True,synthetic
TXN268935106722,U4701094,2026-08-13 10:16:01,381.99,USD,p2p_transfer,debit_card,MID948982,6051,Crypto / Digital Currency,0.08,DEV31525460,ios_mobile,0.06848342714539728,PK,GB,True,10,False,192.17706857460288,7,2,6.08,674,mobile_app_remote,basic_document,super_prime,62.8,45,2,0,0.3898952346475051,0.9643541263264851,True,False,0,1,2,CLUSTER3947,3,0.2074894215615093,0.7331169708334551,0.8113610625533229,,,,,0,,0.13696127862862265,1,ai_phishing+account_takeover,social_engineering+access,text_generation+credential_stuffing_automation,0.98,True,synthetic
TXN213843552138,U4973052,2026-06-05 00:20:02,114.42,USD,card_not_present_online,bank_transfer,MID632635,5661,Shoe Stores,0.445,DEV22568559,linux_desktop,0.08681360693863675,NG,JP,True,0,True,312.4132843456229,8,1,6.06,873,mobile_app_remote,basic_document,thin_file,35.06,209,1,0,0.6083557318718953,0.7562670826445631,False,False,0,1,1,CLUSTER5392,1,1.9455818410315695,0.8839241115158435,0.9004634053542393,,,,,0,,0.26694937767476257,1,ai_phishing+account_takeover,social_engineering+access,text_generation+credential_stuffing_automation,0.89,True,synthetic
TXN984128634310,U7840311,2026-07-28 07:32:51,316.38,USD,p2p_transfer,debit_card,MID824981,8299,Educational Services,0.177,DEV67491340,ios_mobile,0.03180554788518254,EG,JP,True,7,True,132.11007654349777,3,1,13.54,559,in_branch,in_branch_verified,super_prime,23.37,37,2,1,0.28664642196139845,0.7980109056498972,True,True,0,1,2,CLUSTER5785,2,2.207131638187974,0.8768885880199834,0.8911007565656697,,,,,0,,0.2645276642276171,1,ai_phishing+account_takeover,social_engineering+access,text_generation+credential_stuffing_automation,0.848,True,synthetic
TXN118832713256,U7173229,2026-06-11 06:52:51,1139.37,USD,card_not_present_online,digital_wallet,MID960876,5812,Restaurants,0.373,DEV30397761,android_mobile,0.10324307946466554,ID,GB,True,6,False,556.4153162038914,8,2,14.31,703,in_branch,in_branch_verified,prime,79.61,24,1,0,0.1153115373506527,0.9723000491944904,False,False,0,1,1,CLUSTER7152,1,2.8711626190759816,0.8937825500040598,0.8881880095785214,,,,,0,,0.17228628919891234,1,ai_phishing+account_takeover,social_engineering+access,text_generation+credential_stuffing_automation,0.962,True,synthetic
TXN547989164189,U0656126,2026-08-18 18:34:14,170.65,USD,p2p_transfer,credit_card,MID322716,6051,Crypto / Digital Currency,0.12,DEV19282614,android_mobile,0.15613558394722082,EG,AU,True,18,False,486.32718180143485,6,2,5.53,419,in_branch,unverified,subprime,28.65,240,2,0,0.605075701599257,0.8032816464796775,True,True,0,1,1,CLUSTER1832,3,2.008124592893516,0.9172965150904712,0.7883998791138875,,,,,0,,0.27216719966163494,1,ai_phishing+account_takeover,social_engineering+access,text_generation+credential_stuffing_automation,0.852,True,synthetic
TXN178011106139,U1458621,2026-07-25 19:25:00,589.22,USD,p2p_transfer,bank_transfer,MID254191,6051,Crypto / Digital Currency,0.291,DEV52388537,android_mobile,0.14681120743460674,EG,SE,True,19,False,275.4414053547727,6,2,9.31,520,mobile_app_remote,unverified,subprime,63.29,38,1,0,0.38586103037834996,0.7829571567087085,True,False,0,1,2,CLUSTER5232,1,0.8961455623716021,0.8695864948281731,0.8626498079362304,,,,,0,,0.2676294562684538,1,ai_phishing+account_takeover,social_engineering+access,text_generation+credential_stuffing_automation,0.895,True,synthetic
TXN278652025083,U6888201,2026-06-23 19:35:40,127.7,USD,card_not_present_online,prepaid_card,MID192411,4829,Money Transfer,0.359,DEV12493702,ios_mobile,0.1773383323732246,ID,CA,True,19,False,572.5305029413933,5,1,1.88,462,api_partner_onboarding,in_branch_verified,subprime,67.97,144,2,0,0.2891877918594027,0.7531402118117184,True,False,0,1,2,CLUSTER7046,1,1.5324422411833973,0.968468278022965,0.8952564476879395,,,,,0,,0.10141958635797545,1,ai_phishing+account_takeover,social_engineering+access,text_generation+credential_stuffing_automation,0.892,True,synthetic
TXN573759991889,U0140792,2026-08-24 05:09:09,365.23,USD,p2p_transfer,digital_wallet,MID289802,5541,Fuel / Gas Stations,0.226,DEV98906821,windows_desktop,0.05603246216237952,RU,US,True,5,True,71.79216703989324,3,4,19.96,486,mobile_app_remote,video_verified,near_prime,18.3,208,2,1,0.2313186310402772,0.8914184932324617,True,False,0,1,2,CLUSTER6578,1,1.0899032705202343,0.7904334893605118,0.960210765051399,,,,,0,,0.2655881443085667,1,ai_phishing+account_takeover,social_engineering+access,text_generation+credential_stuffing_automation,0.922,True,synthetic
TXN201989617610,U5976740,2026-06-05 10:51:54,1062.15,USD,p2p_transfer,prepaid_card,MID641618,7011,Hotels / Lodging,0.139,DEV51314245,mac_desktop,0.0360252262757117,NG,GB,True,10,False,40.85919887930044,5,0,14.68,758,mobile_app_remote,video_verified,subprime,72.36,249,2,0,0.26336649912098853,0.742729773911002,True,False,0,1,2,CLUSTER1541,3,2.652356835317134,0.9533102384513602,0.9568547854203013,,,,,0,,0.15767462759519818,1,ai_phishing+account_takeover,social_engineering+access,text_generation+credential_stuffing_automation,0.952,True,synthetic
TXN637177363293,U4715218,2026-07-15 22:04:43,423.46,USD,card_not_present_online,prepaid_card,MID322479,5812,Restaurants,0.507,DEV52080504,mac_desktop,0.040135387743180664,VN,GB,True,22,True,95.90602507790803,4,1,15.88,790,web_remote,video_verified,prime,26.66,14,2,0,0.1748368130094049,0.784917296999029,True,True,0,1,1,CLUSTER7492,3,1.688146306478639,0.8979193523352504,0.9742918076274993,,,,,0,,0.2371360213787945,1,ai_phishing+account_takeover,social_engineering+access,text_generation+credential_stuffing_automation,0.971,True,synthetic
TXN276110471345,U2194250,2026-08-04 06:27:48,185.22,USD,p2p_transfer,debit_card,MID808892,6011,ATM / Cash Disbursement,0.543,DEV63751407,android_mobile,0.15106037570680844,NG,AU,True,6,False,237.9768440919539,7,1,10.54,69,web_remote,in_branch_verified,subprime,41.23,60,1,1,0.7263505247330677,0.8770620178245903,False,False,0,1,1,CLUSTER9800,2,0.8272976936086822,0.7617049622611156,0.9013355492671252,,,,,0,,0.009330777808811164,1,ai_phishing+account_takeover,social_engineering+access,text_generation+credential_stuffing_automation,0.921,True,synthetic
TXN806726040314,U1722028,2026-07-18 00:10:02,320.93,USD,card_not_present_online,prepaid_card,MID101893,5812,Restaurants,0.215,DEV57814490,mac_desktop,0.1553025986443808,ID,NL,True,0,False,452.2039128384305,6,1,9.34,472,in_branch,basic_document,subprime,34.36,97,1,0,0.2804422529613937,0.8476309794989672,True,True,0,1,1,CLUSTER2619,2,2.5255536850981146,0.8387600962904851,0.8874219547491384,,,,,0,,0.1533795641319868,1,ai_phishing+account_takeover,social_engineering+access,text_generation+credential_stuffing_automation,0.87,True,synthetic
TXN521891037528,U7034103,2026-06-19 12:00:43,855.46,USD,p2p_transfer,debit_card,MID777755,4829,Money Transfer,0.026,DEV76442678,windows_desktop,0.1345148742008085,NG,SG,True,12,True,188.1803996613363,4,1,10.25,670,mobile_app_remote,video_verified,subprime,26.92,188,2,0,0.7921538086757729,0.9510066499638228,True,False,0,1,1,CLUSTER7182,3,1.389559519803506,0.8793448134154238,0.8591639478589765,,,,,0,,0.06817465011081836,1,ai_phishing+account_takeover,social_engineering+access,text_generation+credential_stuffing_automation,0.973,True,synthetic
TXN182177441101,U9859931,2026-06-30 20:57:12,401.89,USD,p2p_transfer,upi,MID826003,5941,Sporting Goods,0.207,DEV68717560,ios_mobile,0.06084591631281529,NG,GB,True,20,False,436.73916386542237,7,2,12.31,254,api_partner_onboarding,video_verified,subprime,32.65,266,1,1,0.11689152484604365,0.8534065783488922,True,False,0,1,2,CLUSTER2036,3,0.5223523839690626,0.7935177876026808,0.9584440939207407,,,,,0,,0.1211990234063412,1,ai_phishing+account_takeover,social_engineering+access,text_generation+credential_stuffing_automation,0.914,True,synthetic
TXN412236034290,U7840184,2026-07-14 22:09:40,1041.07,USD,card_not_present_online,prepaid_card,MID536393,4829,Money Transfer,0.322,DEV61602186,windows_desktop,0.19680317825003774,NG,SE,True,22,False,397.2017575118107,2,1,7.72,485,web_remote,in_branch_verified,super_prime,24.67,180,1,0,0.7651474835646414,0.7369868459537805,True,True,0,1,2,CLUSTER6173,3,0.4731751776169112,0.7564403006192824,0.7876801249445429,,,,,0,,0.12264403880113421,1,ai_phishing+account_takeover,social_engineering+access,text_generation+credential_stuffing_automation,0.953,True,synthetic
TXN884753195522,U5981856,2026-06-03 00:05:57,272.16,USD,p2p_transfer,debit_card,MID677552,5964,Direct Marketing / Catalog,0.033,DEV86555753,windows_desktop,0.1238360712406679,NG,NL,True,0,False,112.66230454440665,7,0,17.61,205,api_partner_onboarding,in_branch_verified,prime,29.04,180,2,1,0.7474649671336384,0.8084218076745603,True,False,0,1,2,CLUSTER9518,1,0.30736579716576495,0.9093562843749742,0.8216987441025341,,,,,0,,0.08690298099906928,1,ai_phishing+account_takeover,social_engineering+access,text_generation+credential_stuffing_automation,0.915,True,synthetic
TXN992232460591,U9901742,2026-06-24 09:45:54,241.07,USD,p2p_transfer,bank_transfer,MID904212,5661,Shoe Stores,0.076,DEV60121745,android_mobile,0.1650528260195579,EG,GB,True,9,False,280.5230689559356,4,1,38.23,662,agent_assisted,in_branch_verified,near_prime,19.73,51,2,0,0.6518680635597326,0.9027153584983375,True,False,0,1,2,CLUSTER8643,3,2.8781166144776757,0.7867523543960261,0.9802338875258314,,,,,0,,0.055296575404268945,1,ai_phishing+account_takeover,social_engineering+access,text_generation+credential_stuffing_automation,0.965,True,synthetic
TXN551254145585,U2021474,2026-08-23 03:23:16,109.23,USD,p2p_transfer,upi,MID406455,6011,ATM / Cash Disbursement,0.062,DEV81795144,mac_desktop,0.04581142966789589,BD,AU,True,3,False,532.5965999432228,8,1,19.17,303,agent_assisted,basic_document,subprime,19.54,155,1,0,0.7350408849911967,0.8922139440950493,True,True,0,1,2,CLUSTER1702,2,1.919989620849981,0.9632241479432917,0.7655376245493575,,,,,0,,0.05535310398897162,1,ai_phishing+account_takeover,social_engineering+access,text_generation+credential_stuffing_automation,0.862,True,synthetic
TXN110917744341,U4505103,2026-06-28 09:59:40,294.96,USD,p2p_transfer,prepaid_card,MID688386,8011,Healthcare,0.164,DEV29011705,windows_desktop,0.16458172867188092,ID,US,True,9,False,339.16227530338324,4,1,17.85,268,agent_assisted,in_branch_verified,subprime,35.18,96,2,0,0.5913954561768494,0.889673749331728,False,False,0,1,2,CLUSTER6967,2,1.5594311898836266,0.7796314274148172,0.9711765766276266,,,,,0,,0.07314133127341065,1,ai_phishing+account_takeover,social_engineering+access,text_generation+credential_stuffing_automation,0.843,True,synthetic
TXN873990132149,U0079063,2026-07-07 05:48:04,194.21,USD,card_not_present_online,digital_wallet,MID627110,6300,Insurance,0.262,DEV61145563,android_mobile,0.09362372867891647,EG,US,True,5,True,458.2203188948159,5,2,19.42,500,api_partner_onboarding,video_verified,thin_file,9.07,147,2,0,0.3874931342231399,0.8588997492635155,True,False,0,1,2,CLUSTER1899,1,1.7058648249749129,0.8231287187175231,0.9318126052401179,,,,,0,,0.20338479199897888,1,ai_phishing+account_takeover,social_engineering+access,text_generation+credential_stuffing_automation,0.973,True,synthetic
TXN451470104291,U8918664,2026-07-30 20:47:08,334.14,USD,p2p_transfer,upi,MID305554,6012,Financial Institutions - Merchandise/Services,0.125,DEV58675043,ios_mobile,0.04964855952998997,VN,SE,True,20,False,88.74910402972685,3,2,14.09,692,agent_assisted,in_branch_verified,near_prime,68.32,56,2,0,0.754825246643534,0.7849878855613316,True,False,0,1,1,CLUSTER3919,2,0.9007838236379592,0.8920316373768613,0.8727206911590681,,,,,0,,0.12006402507043515,1,ai_phishing+account_takeover,social_engineering+access,text_generation+credential_stuffing_automation,0.894,True,synthetic
TXN922130083471,U2359797,2026-07-26 11:03:11,285.79,USD,p2p_transfer,debit_card,MID124798,4899,Cable / Streaming Services,0.251,DEV80167449,ios_mobile,0.18876391353978508,RU,SG,True,11,False,116.06166507553962,8,0,8.5,446,agent_assisted,basic_document,prime,48.12,287,2,0,0.6932507352761008,0.7942589620266198,True,False,0,1,2,CLUSTER7714,2,1.1177105719518101,0.7284852438741891,0.7689282011334679,,,,,0,,0.26991045252765444,1,ai_phishing+account_takeover,social_engineering+access,text_generation+credential_stuffing_automation,0.847,True,synthetic
TXN107223141784,U7890525,2026-07-02 18:30:57,732.55,USD,card_not_present_online,debit_card,MID543708,5967,Direct Marketing / Adult,0.013,DEV62033254,mac_desktop,0.15219752474033768,EG,NL,True,18,True,293.1816703902311,3,2,18.97,233,in_branch,unverified,subprime,38.62,211,2,0,0.35700685542131994,0.7149736722059288,True,False,0,1,2,CLUSTER9440,1,2.9251997159932785,0.9554252034678592,0.8633226668773055,,,,,0,,0.16455265261628862,1,ai_phishing+account_takeover,social_engineering+access,text_generation+credential_stuffing_automation,0.934,True,synthetic
TXN556067397661,U2362304,2026-07-15 21:12:13,190.78,USD,p2p_transfer,upi,MID772366,8299,Educational Services,0.155,DEV93427869,linux_desktop,0.15934992789559857,BD,SG,True,21,False,134.22095568474703,5,1,8.7,407,web_remote,unverified,super_prime,21.92,13,2,0,0.12662417200789017,0.7524710501862351,True,False,0,1,2,CLUSTER8347,3,0.06816416753790866,0.7720833728012284,0.9376830028751357,,,,,0,,0.17126295229595498,1,ai_phishing+account_takeover,social_engineering+access,text_generation+credential_stuffing_automation,0.936,True,synthetic
TXN830367565499,U1397057,2026-07-19 21:48:28,501.43,USD,card_not_present_online,digital_wallet,MID518568,5732,Electronics Stores,0.326,DEV41948978,ios_mobile,0.06699771722597825,BD,GB,True,21,False,241.50469749208673,4,2,7.36,492,web_remote,unverified,subprime,53.99,118,2,0,0.6401743082129954,0.8937786569976934,True,False,0,1,1,CLUSTER4408,3,0.6964520481990013,0.9540114025950452,0.9510522026529293,,,,,0,,0.06895902794506885,1,ai_phishing+account_takeover,social_engineering+access,text_generation+credential_stuffing_automation,0.885,True,synthetic
TXN528064783696,U1316474,2026-08-06 01:35:44,319.88,USD,card_not_present_online,credit_card,MID912204,5812,Restaurants,0.233,DEV47517816,android_mobile,0.16414319179628076,EG,NL,True,1,False,122.3444304410677,3,2,3.1,186,in_branch,basic_document,near_prime,55.97,218,1,0,0.7513146812427918,0.9091532731025932,True,False,0,1,2,CLUSTER7270,1,2.791287666446576,0.7377763765513172,0.8120937887443171,,,,,0,,0.10217154315166219,1,ai_phishing+account_takeover,social_engineering+access,text_generation+credential_stuffing_automation,0.828,True,synthetic
TXN308377586375,U6720240,2026-06-15 00:50:47,436.02,USD,p2p_transfer,credit_card,MID995668,8299,Educational Services,0.231,DEV81481648,mac_desktop,0.13122652146563488,RU,NL,True,0,False,75.03065139081755,8,0,10.34,874,mobile_app_remote,basic_document,subprime,73.04,38,2,0,0.580252200472103,0.7408737332604803,True,False,0,1,1,CLUSTER8560,2,0.20942502285687015,0.7956112354185051,0.866804577916693,,,,,0,,0.13350577432874167,1,ai_phishing+account_takeover,social_engineering+access,text_generation+credential_stuffing_automation,0.968,True,synthetic
TXN640047784733,U1722095,2026-07-06 17:47:36,117.38,USD,p2p_transfer,bank_transfer,MID914938,5921,Liquor Stores,0.377,DEV24921106,android_mobile,0.09698357859201397,EG,SG,True,17,False,511.12417051521265,8,2,1.55,399,mobile_app_remote,basic_document,thin_file,75.85,164,1,0,0.2031830760723696,0.9484147254503422,True,False,0,1,2,CLUSTER5440,2,1.4934823166363191,0.9380774899175478,0.7722243806710415,,,,,0,,0.24021442719060165,1,ai_phishing+account_takeover,social_engineering+access,text_generation+credential_stuffing_automation,0.93,True,synthetic
TXN905987534892,U4126110,2026-06-03 09:50:04,193.42,USD,p2p_transfer,prepaid_card,MID599367,6051,Crypto / Digital Currency,0.288,DEV24580838,linux_desktop,0.02051752128216968,EG,SG,True,9,False,224.4152149961239,7,1,1.83,185,web_remote,in_branch_verified,thin_file,105.44,176,1,0,0.38179074100072785,0.86325879030174,True,False,0,1,2,CLUSTER1504,3,2.6972925782561408,0.7027054292762341,0.905763675270154,,,,,0,,0.16032024495010813,1,ai_phishing+account_takeover,social_engineering+access,text_generation+credential_stuffing_automation,0.877,True,synthetic
TXN144485583704,U8762405,2026-07-20 13:59:31,150.18,USD,card_not_present_online,prepaid_card,MID196911,6051,Crypto / Digital Currency,0.427,DEV69505971,android_mobile,0.07201820677005193,ID,DE,True,13,True,310.0481425532051,5,0,3.86,802,mobile_app_remote,unverified,subprime,38.93,157,1,1,0.10260503988492112,0.8254723232571559,False,False,0,1,2,CLUSTER4054,2,2.4305993349454647,0.7304134850501498,0.8786532041017769,,,,,0,,0.10479484505703106,1,ai_phishing+account_takeover,social_engineering+access,text_generation+credential_stuffing_automation,0.849,True,synthetic
TXN760306025262,U1979258,2026-06-26 17:39:16,356.52,USD,card_not_present_online,debit_card,MID686271,4829,Money Transfer,0.142,DEV97227790,android_mobile,0.09994818380358848,EG,GB,True,17,True,564.1971044439284,6,1,2.67,685,mobile_app_remote,unverified,prime,55.26,202,1,0,0.6324060843452741,0.8213771270655988,False,True,0,1,2,CLUSTER7427,3,0.3509997381175872,0.7158439319043195,0.9838444842294443,,,,,0,,0.2682078484576537,1,ai_phishing+account_takeover,social_engineering+access,text_generation+credential_stuffing_automation,0.95,True,synthetic
TXN139344000347,U1669668,2026-06-05 16:49:53,139.43,USD,card_not_present_online,bank_transfer,MID618811,7995,Betting / Gambling,0.183,DEV92260186,android_mobile,0.18374168007526007,BD,GB,True,16,False,52.054266151733266,8,3,32.47,188,web_remote,unverified,near_prime,7.17,202,2,0,0.6997919467482706,0.8886131102813066,False,False,0,1,1,CLUSTER8389,2,1.568044169386361,0.8088602949138698,0.9556374868945308,,,,,0,,0.1031899058574022,1,ai_phishing+account_takeover,social_engineering+access,text_generation+credential_stuffing_automation,0.96,True,synthetic
TXN952484349305,U9539965,2026-08-21 02:15:17,496.25,USD,card_not_present_online,digital_wallet,MID670396,5921,Liquor Stores,0.408,DEV14245549,windows_desktop,0.10635356624559111,RU,SE,True,2,False,360.0392963825715,3,0,9.64,396,mobile_app_remote,in_branch_verified,near_prime,51.48,91,1,0,0.3104222987482024,0.8474173316820918,False,False,0,1,1,CLUSTER5239,1,1.9027673138755588,0.857886051197053,0.823689526261511,,,,,0,,0.048081464467774816,1,ai_phishing+account_takeover,social_engineering+access,text_generation+credential_stuffing_automation,0.912,True,synthetic
TXN940724910694,U0335584,2026-08-24 18:50:31,555.89,USD,p2p_transfer,prepaid_card,MID324357,4722,Travel Agencies,0.074,DEV23588031,ios_mobile,0.05427162930064083,EG,SG,True,18,False,459.0408405214881,4,2,8.94,404,mobile_app_remote,unverified,near_prime,62.19,279,1,1,0.35774901940044146,0.7190965377328936,False,True,0,1,1,CLUSTER7356,2,2.34219240837604,0.7143231113451955,0.8287336571157156,,,,,0,,0.07382777270410551,1,ai_phishing+account_takeover,social_engineering+access,text_generation+credential_stuffing_automation,0.917,True,synthetic
TXN670967548059,U0683014,2026-08-24 07:12:03,186.39,USD,p2p_transfer,credit_card,MID339668,5411,Grocery Stores,0.029,DEV75565089,linux_desktop,0.0871621289738643,PK,NL,True,7,False,66.42313771518499,8,2,2.33,755,agent_assisted,basic_document,prime,79.97,247,2,1,0.31443337132787696,0.9550693885484701,True,False,0,1,1,CLUSTER2921,1,1.4687466826283466,0.8997624114554865,0.8921077688425502,,,,,0,,0.10434963153741342,1,ai_phishing+account_takeover,social_engineering+access,text_generation+credential_stuffing_automation,0.855,True,synthetic
TXN308274896335,U3742003,2026-06-27 23:27:52,263.46,USD,card_not_present_online,bank_transfer,MID260319,6012,Financial Institutions - Merchandise/Services,0.227,DEV19517016,android_mobile,0.13207556043499638,PK,CA,True,23,True,124.73305215734918,5,2,8.57,877,web_remote,video_verified,super_prime,30.74,22,2,0,0.10122918078466947,0.771494746268881,True,True,1,1,1,CLUSTER5066,3,2.4033540021721898,0.9230663052940145,0.8984203656555487,,,,,0,,0.11231716695646955,1,ai_phishing+account_takeover,social_engineering+access,text_generation+credential_stuffing_automation,0.873,True,synthetic
TXN998217444326,U6593938,2026-08-14 18:17:58,171.68,USD,p2p_transfer,digital_wallet,MID244108,5941,Sporting Goods,0.006,DEV35084523,mac_desktop,0.10745096319198075,NG,AU,True,18,False,570.2716190251147,6,3,35.63,645,in_branch,unverified,super_prime,19.74,8,1,0,0.8460210212520769,0.7256835583432711,True,False,0,1,1,CLUSTER8570,2,2.2113585771483617,0.7725892604997497,0.7707432553576152,,,,,0,,0.20766514287467988,1,ai_phishing+account_takeover,social_engineering+access,text_generation+credential_stuffing_automation,0.854,True,synthetic
TXN764161264771,U0514825,2026-06-26 09:45:47,859.64,USD,p2p_transfer,debit_card,MID516204,5921,Liquor Stores,0.127,DEV30168527,windows_desktop,0.0840281500938359,NG,SE,True,9,False,483.35773706291116,3,3,50.73,788,web_remote,in_branch_verified,prime,7.82,70,2,0,0.7404052802935062,0.7054407925033355,True,False,0,1,1,CLUSTER4677,3,0.7600028687945335,0.9624153991073121,0.8740848314390924,,,,,0,,0.24483196019644957,1,ai_phishing+account_takeover,social_engineering+access,text_generation+credential_stuffing_automation,0.864,True,synthetic
TXN704718503845,U2095078,2026-06-20 10:12:38,201.44,USD,card_not_present_online,upi,MID497019,5541,Fuel / Gas Stations,0.367,DEV68127264,ios_mobile,0.045224234042973065,EG,US,True,10,False,107.21715647352788,7,0,9.18,291,api_partner_onboarding,unverified,super_prime,55.88,237,2,0,0.7820780261961238,0.7046970635680438,True,True,0,1,2,CLUSTER6747,2,2.441703548468233,0.7884012577526189,0.7979653550521922,,,,,0,,0.2934561018121733,1,ai_phishing+account_takeover,social_engineering+access,text_generation+credential_stuffing_automation,0.911,True,synthetic
TXN850599114072,U1549793,2026-08-25 08:30:20,369.64,USD,card_not_present_online,upi,MID785338,5941,Sporting Goods,0.125,DEV35582291,linux_desktop,0.044040385165808243,ID,NL,True,8,False,295.3704763696493,7,2,22.9,696,mobile_app_remote,video_verified,prime,16.14,19,1,0,0.29865560326403046,0.9448775357066578,False,False,0,1,1,CLUSTER9447,2,2.39699481474622,0.9296907933651849,0.8313755691609805,,,,,0,,0.19232882476015856,1,ai_phishing+account_takeover,social_engineering+access,text_generation+credential_stuffing_automation,0.864,True,synthetic
TXN427488987253,U3508232,2026-08-10 00:24:09,92.11,USD,p2p_transfer,debit_card,MID225084,6011,ATM / Cash Disbursement,0.091,DEV70778887,linux_desktop,0.1620160454660867,NG,US,True,0,False,30.771488264680816,6,0,5.93,212,web_remote,video_verified,prime,32.11,49,2,0,0.729244207419687,0.8310394792934028,False,True,0,1,1,CLUSTER5704,2,2.868709072535769,0.7321944732924367,0.9121146114297508,,,,,0,,0.21724556725037467,1,ai_phishing+account_takeover,social_engineering+access,text_generation+credential_stuffing_automation,0.964,True,synthetic
TXN660810069147,U3037629,2026-06-15 07:35:38,212.03,USD,card_not_present_online,credit_card,MID892601,6012,Financial Institutions - Merchandise/Services,0.07,DEV91340633,ios_mobile,0.11792193154961528,RU,CA,True,7,False,342.3428466761767,8,5,2.87,619,web_remote,video_verified,thin_file,125.47,83,1,0,0.7006967853761897,0.8314154606623788,False,False,0,1,1,CLUSTER8442,3,2.963436664880263,0.9023319940964416,0.8279913955583477,,,,,0,,0.053913494006608165,1,ai_phishing+account_takeover,social_engineering+access,text_generation+credential_stuffing_automation,0.963,True,synthetic
TXN910469766270,U0042740,2026-06-09 06:48:58,134.94,USD,p2p_transfer,prepaid_card,MID560437,5311,Department Stores,0.08,DEV26534827,ios_mobile,0.09585629758257742,VN,NL,True,6,False,412.6000830785001,3,1,64.02,716,mobile_app_remote,in_branch_verified,subprime,8.33,47,1,0,0.6733857035081392,0.7306239457493465,True,False,0,1,2,CLUSTER7262,3,1.2703020514438137,0.9120856627288402,0.979042598740823,,,,,0,,0.09876504320497394,1,ai_phishing+account_takeover,social_engineering+access,text_generation+credential_stuffing_automation,0.922,True,synthetic
TXN940446742654,U8453718,2026-07-15 05:13:01,170.38,USD,p2p_transfer,bank_transfer,MID727702,5661,Shoe Stores,0.133,DEV28380735,linux_desktop,0.02786079740344267,PK,DE,True,5,True,396.6774618775999,8,1,3.95,826,web_remote,basic_document,near_prime,43.13,226,1,0,0.1991907054492304,0.932101262887283,True,False,0,1,1,CLUSTER4687,2,2.516021973070637,0.8430740570839946,0.9168761207889857,,,,,0,,0.21104069973588277,1,ai_phishing+account_takeover,social_engineering+access,text_generation+credential_stuffing_automation,0.82,True,synthetic
TXN379727662580,U3012837,2026-07-14 16:01:46,259.88,USD,card_not_present_online,debit_card,MID218563,5541,Fuel / Gas Stations,0.399,DEV67683276,android_mobile,0.19078999568616972,PK,NL,True,16,False,265.24648919019467,5,0,12.09,139,mobile_app_remote,video_verified,subprime,21.5,286,2,0,0.37651770387862626,0.9780619421769094,True,False,0,1,1,CLUSTER3234,3,2.8936797568814026,0.9559256171556654,0.8602377497457853,,,,,0,,0.06686840472506118,1,ai_phishing+account_takeover,social_engineering+access,text_generation+credential_stuffing_automation,0.955,True,synthetic
TXN980731494372,U2199066,2026-06-09 21:32:15,578.49,USD,card_not_present_online,prepaid_card,MID246385,6011,ATM / Cash Disbursement,0.077,DEV84349528,android_mobile,0.1756949468027911,VN,SG,True,21,False,69.44259524459363,5,1,4.22,215,in_branch,in_branch_verified,subprime,137.11,91,1,1,0.24563019336580344,0.764357015393196,True,False,0,1,2,CLUSTER2412,2,2.340703891598443,0.7581829404484243,0.7987864431017376,,,,,0,,0.23304967055060483,1,ai_phishing+account_takeover,social_engineering+access,text_generation+credential_stuffing_automation,0.951,True,synthetic
TXN915102052668,U8015335,2026-08-26 02:24:22,66.95,USD,p2p_transfer,upi,MID699847,5732,Electronics Stores,0.076,DEV76929707,android_mobile,0.19064243090697458,VN,US,True,2,False,399.3036251855984,7,2,10.11,73,api_partner_onboarding,in_branch_verified,prime,24.79,135,1,1,0.6945216217620576,0.9119903954542365,True,False,0,1,2,CLUSTER7107,1,2.9286872061788274,0.9072783439968086,0.8774081805102361,,,,,0,,0.05891782797731529,1,ai_phishing+account_takeover,social_engineering+access,text_generation+credential_stuffing_automation,0.878,True,synthetic
TXN786440324011,U7382983,2026-08-08 04:48:49,813.83,USD,card_not_present_online,upi,MID842477,6300,Insurance,0.369,DEV78457556,linux_desktop,0.08237476567243238,EG,CA,True,4,False,566.204910632212,2,1,5.83,314,in_branch,basic_document,prime,42.44,256,1,0,0.807120936694375,0.8315139639587272,True,False,0,1,2,CLUSTER3936,2,1.743253894465311,0.9020008801802061,0.8621363282502477,,,,,0,,0.23226852172718127,1,ai_phishing+account_takeover,social_engineering+access,text_generation+credential_stuffing_automation,0.955,True,synthetic
TXN116824207068,U3741479,2026-08-26 19:49:26,167.72,USD,p2p_transfer,bank_transfer,MID682102,5964,Direct Marketing / Catalog,0.331,DEV93061763,mac_desktop,0.1562488483167393,EG,GB,True,19,True,114.4519260600268,3,2,3.86,726,web_remote,in_branch_verified,subprime,49.58,179,2,2,0.705629699773779,0.74766498206098,True,True,0,1,2,CLUSTER3988,1,0.6945040462562685,0.8547434387496908,0.9419594789209741,,,,,0,,0.1545855338869682,1,ai_phishing+account_takeover,social_engineering+access,text_generation+credential_stuffing_automation,0.881,True,synthetic
TXN133363679310,U2047530,2026-06-13 06:56:10,271.86,USD,p2p_transfer,credit_card,MID711704,4899,Cable / Streaming Services,0.517,DEV96584634,ios_mobile,0.14310660560554742,PK,JP,True,6,False,376.71064450113005,5,3,4.7,415,api_partner_onboarding,basic_document,prime,57.88,228,1,0,0.1941771075705395,0.801664902421464,True,False,0,1,1,CLUSTER3602,3,2.0046894452669637,0.9175797242315844,0.790700496120965,,,,,0,,0.14433498209954437,1,ai_phishing+account_takeover,social_engineering+access,text_generation+credential_stuffing_automation,0.931,True,synthetic
TXN530085497811,U5370090,2026-07-15 02:56:52,714.59,USD,p2p_transfer,debit_card,MID294091,5941,Sporting Goods,0.168,DEV76608846,android_mobile,0.17596587789824875,RU,JP,True,2,False,536.7047825817717,3,2,12.57,255,agent_assisted,video_verified,super_prime,27.0,272,1,0,0.7587034086229419,0.8610964341392208,True,False,0,1,2,CLUSTER2246,1,1.604166830723701,0.9435715028108074,0.9035135234445786,,,,,0,,0.2458190348261592,1,ai_phishing+account_takeover,social_engineering+access,text_generation+credential_stuffing_automation,0.95,True,synthetic
TXN851986533239,U0336558,2026-08-02 13:04:08,387.79,USD,card_not_present_online,bank_transfer,MID471841,5941,Sporting Goods,0.115,DEV82066105,ios_mobile,0.18328834748559175,ID,CA,True,13,False,235.85027921588804,2,2,12.31,350,mobile_app_remote,basic_document,subprime,31.49,168,2,0,0.39691306938159143,0.9734538885613233,True,False,0,1,2,CLUSTER1556,1,1.9029802379407847,0.7842255709961976,0.9096562531333585,,,,,0,,0.06848096731301657,1,ai_phishing+account_takeover,social_engineering+access,text_generation+credential_stuffing_automation,0.873,True,synthetic
TXN996608466579,U4071470,2026-07-19 14:27:53,172.64,USD,card_not_present_online,debit_card,MID985380,6012,Financial Institutions - Merchandise/Services,0.405,DEV41845394,android_mobile,0.14565263011494886,RU,US,True,14,False,491.45947648207743,8,5,8.4,434,in_branch,in_branch_verified,prime,46.63,213,2,0,0.848818458802007,0.8208255234275859,False,False,0,1,1,CLUSTER2746,2,0.5757382235540548,0.8521406283388708,0.8795080569011695,,,,,0,,0.2644920882306821,1,ai_phishing+account_takeover,social_engineering+access,text_generation+credential_stuffing_automation,0.881,True,synthetic
TXN123777634253,U5241242,2026-07-12 02:35:11,323.24,USD,p2p_transfer,prepaid_card,MID993992,5311,Department Stores,0.182,DEV83144749,windows_desktop,0.10763409675088342,RU,SG,True,2,True,533.1624101557,3,0,7.68,668,api_partner_onboarding,basic_document,near_prime,42.09,192,1,0,0.18167590705096795,0.8550574592697322,True,False,0,1,1,CLUSTER2909,1,1.6500273434522588,0.8072664555889808,0.7910093243294729,,,,,0,,0.18034920894356157,1,ai_phishing+account_takeover,social_engineering+access,text_generation+credential_stuffing_automation,0.933,True,synthetic
TXN153578485112,U3091440,2026-08-24 11:40:20,602.92,USD,card_not_present_online,upi,MID872045,5541,Fuel / Gas Stations,0.083,DEV68081239,linux_desktop,0.18282445642708975,EG,US,True,11,False,343.5846650926304,6,3,6.08,884,web_remote,unverified,super_prime,99.11,75,1,1,0.23137975830694968,0.9697757288651101,True,False,0,1,2,CLUSTER1256,1,0.02352396273854851,0.7110518976088671,0.7564540546861349,,,,,0,,0.18382100370762042,1,ai_phishing+account_takeover,social_engineering+access,text_generation+credential_stuffing_automation,0.954,True,synthetic
TXN503545914768,U5400089,2026-07-30 04:57:56,531.92,USD,p2p_transfer,upi,MID564332,4899,Cable / Streaming Services,0.011,DEV64542326,windows_desktop,0.14731339604154556,BD,NL,True,4,False,114.42273509478841,3,1,7.53,539,in_branch,unverified,near_prime,39.23,86,2,0,0.6961583724305602,0.9247140939750105,True,False,0,1,1,CLUSTER5006,2,0.9659698840914399,0.9525947809604138,0.9197382108753708,,,,,0,,0.04374234163678579,1,ai_phishing+account_takeover,social_engineering+access,text_generation+credential_stuffing_automation,0.9,True,synthetic
TXN514768379593,U2756573,2026-08-23 06:46:02,377.56,USD,p2p_transfer,prepaid_card,MID118682,5967,Direct Marketing / Adult,0.217,DEV62205681,ios_mobile,0.16163389390646984,NG,AU,True,6,True,357.115665825084,2,1,7.53,106,web_remote,unverified,near_prime,42.64,130,2,1,0.6892035754204673,0.8115773273687186,True,False,0,1,2,CLUSTER8168,2,2.2025469514664233,0.9301611403422678,0.9115718173603575,,,,,0,,0.2518389487556563,1,ai_phishing+account_takeover,social_engineering+access,text_generation+credential_stuffing_automation,0.87,True,synthetic
TXN231345421820,U0066149,2026-07-06 20:14:06,158.22,USD,card_not_present_online,debit_card,MID877329,5921,Liquor Stores,0.437,DEV57591173,linux_desktop,0.1055655235310343,VN,US,True,20,False,333.7118185418546,8,0,9.64,297,mobile_app_remote,in_branch_verified,near_prime,16.42,64,1,0,0.15627135193978334,0.9143482586614095,True,True,0,1,2,CLUSTER6758,2,1.5564227958231762,0.8252152554181765,0.8434084970608482,,,,,0,,0.17140093648093882,1,ai_phishing+account_takeover,social_engineering+access,text_generation+credential_stuffing_automation,0.911,True,synthetic
TXN440070959805,U5296908,2026-07-07 18:27:55,130.45,USD,card_not_present_online,debit_card,MID322158,7995,Betting / Gambling,0.182,DEV12115623,ios_mobile,0.023861981698414234,ID,AU,True,18,False,330.1974535150649,2,2,22.58,127,in_branch,unverified,near_prime,6.63,163,2,0,0.8428065905205107,0.9752438358869829,True,False,0,1,1,CLUSTER6734,2,2.2401263650582752,0.901350218984042,0.9247106055817946,,,,,0,,0.08360263778519922,1,ai_phishing+account_takeover,social_engineering+access,text_generation+credential_stuffing_automation,0.938,True,synthetic
TXN394519991121,U5891413,2026-08-09 10:30:37,233.05,USD,card_not_present_online,digital_wallet,MID120080,5999,Misc Retail,0.231,DEV49464437,linux_desktop,0.13323579414769762,BD,DE,True,10,False,553.2846911387145,3,3,1.31,672,api_partner_onboarding,video_verified,thin_file,177.84,228,1,0,0.1404600808780295,0.8147848273642819,True,False,1,1,2,CLUSTER7766,1,1.8029748867707098,0.9010686469596728,0.9768256549793161,,,,,0,,0.2581617227163235,1,ai_phishing+account_takeover,social_engineering+access,text_generation+credential_stuffing_automation,0.87,True,synthetic
TXN234950209183,U1357121,2026-06-23 06:49:10,253.19,USD,p2p_transfer,prepaid_card,MID122246,5964,Direct Marketing / Catalog,0.007,DEV34207779,linux_desktop,0.03424101113103852,BD,CA,True,6,False,158.13681993048505,3,1,7.12,504,mobile_app_remote,in_branch_verified,prime,35.56,97,2,0,0.20479677344785968,0.7152755453319118,False,False,0,1,2,CLUSTER7691,3,0.10352111664211983,0.9472662407604716,0.8192614360310898,,,,,0,,0.13363282814680777,1,ai_phishing+account_takeover,social_engineering+access,text_generation+credential_stuffing_automation,0.921,True,synthetic
TXN672631224636,U6225084,2026-06-30 17:14:34,444.34,USD,p2p_transfer,upi,MID404975,6011,ATM / Cash Disbursement,0.259,DEV33291453,ios_mobile,0.186860129264074,VN,GB,True,17,False,287.6898438317039,6,3,17.85,613,in_branch,video_verified,near_prime,20.64,49,1,0,0.6079030917000254,0.7226525498360346,True,False,0,1,2,CLUSTER3268,2,2.250194165160995,0.9329384494962323,0.9510406550726378,,,,,0,,0.22680613069803127,1,ai_phishing+account_takeover,social_engineering+access,text_generation+credential_stuffing_automation,0.916,True,synthetic
TXN793833596951,U7962716,2026-07-11 20:14:18,710.65,USD,card_not_present_online,prepaid_card,MID995429,5941,Sporting Goods,0.461,DEV65852011,ios_mobile,0.06323573535657463,ID,DE,True,20,True,524.4163970861141,6,0,71.06,329,agent_assisted,basic_document,subprime,8.74,191,2,0,0.27391868356913507,0.7231094037879303,False,False,0,1,2,CLUSTER3467,1,1.412285223325461,0.89255783461278,0.8994792811301824,,,,,0,,0.241269311963934,1,ai_phishing+account_takeover,social_engineering+access,text_generation+credential_stuffing_automation,0.973,True,synthetic
TXN957137617610,U5857039,2026-07-05 08:14:25,576.43,USD,p2p_transfer,prepaid_card,MID563613,4829,Money Transfer,0.138,DEV56043368,mac_desktop,0.06257268476057706,NG,GB,True,8,False,377.8718549331242,2,2,21.98,282,agent_assisted,in_branch_verified,subprime,26.22,298,2,0,0.16267085084249744,0.869732388312029,True,False,0,1,1,CLUSTER1986,1,1.649898452574023,0.8485414086479792,0.7793485289914709,,,,,0,,0.037577354951349916,1,ai_phishing+account_takeover,social_engineering+access,text_generation+credential_stuffing_automation,0.94,True,synthetic
TXN626676652414,U0634764,2026-07-03 12:23:06,249.58,USD,card_not_present_online,digital_wallet,MID850853,6012,Financial Institutions - Merchandise/Services,0.106,DEV20739958,windows_desktop,0.043935731149562826,VN,NL,True,12,False,409.33669826443327,3,1,27.52,689,in_branch,unverified,subprime,26.32,278,1,0,0.6191398531089752,0.9618159847322603,False,True,0,1,1,CLUSTER1656,3,1.1116125343393553,0.8959970909768494,0.8127273898065932,,,,,0,,0.01856570162386719,1,ai_phishing+account_takeover,social_engineering+access,text_generation+credential_stuffing_automation,0.851,True,synthetic
TXN406173558479,U7214883,2026-08-07 00:25:54,163.67,USD,p2p_transfer,debit_card,MID265464,6300,Insurance,0.199,DEV27053484,windows_desktop,0.09631903944864266,NG,DE,True,0,False,109.27029887463783,3,1,21.14,189,in_branch,unverified,near_prime,32.41,136,2,0,0.6407820602171863,0.9322597360893742,True,False,0,1,2,CLUSTER7527,1,0.8526015632562328,0.8019913963486687,0.8096262904159804,,,,,0,,0.23180915244286798,1,ai_phishing+account_takeover,social_engineering+access,text_generation+credential_stuffing_automation,0.93,True,synthetic
TXN311661081977,U9844265,2026-06-18 00:05:21,755.57,USD,card_not_present_online,bank_transfer,MID787394,4722,Travel Agencies,0.208,DEV25513119,mac_desktop,0.13531682853951452,RU,CA,True,0,False,581.8543965539777,5,1,2.43,862,agent_assisted,basic_document,near_prime,124.68,182,2,0,0.8285595098142469,0.8170969089621729,True,True,0,1,2,CLUSTER5341,1,0.5396838007218626,0.83896022371592,0.7849678307397496,,,,,0,,0.07371495564535065,1,ai_phishing+account_takeover,social_engineering+access,text_generation+credential_stuffing_automation,0.942,True,synthetic
TXN859262991848,U8211792,2026-07-29 12:02:39,281.84,USD,p2p_transfer,debit_card,MID456441,6012,Financial Institutions - Merchandise/Services,0.168,DEV72219513,linux_desktop,0.14557848334444112,PK,NL,True,12,True,584.4598894956467,7,0,12.17,506,mobile_app_remote,unverified,thin_file,56.02,95,1,1,0.7819739815821524,0.7304411279207024,True,True,0,1,2,CLUSTER2260,1,2.219390777213113,0.7079933086727298,0.7962516613532667,,,,,0,,0.060090671851598526,1,ai_phishing+account_takeover,social_engineering+access,text_generation+credential_stuffing_automation,0.915,True,synthetic
TXN719121301802,U0132147,2026-08-02 10:16:21,987.71,USD,p2p_transfer,prepaid_card,MID295079,5812,Restaurants,0.141,DEV61521222,linux_desktop,0.18165841545764203,EG,JP,True,10,False,424.46554814159794,2,2,17.54,135,mobile_app_remote,basic_document,super_prime,56.3,136,1,1,0.2320664791364732,0.7722054780900672,False,False,0,1,1,CLUSTER7941,3,0.616441496763696,0.7037929078833745,0.9706687289953182,,,,,0,,0.09420209453725102,1,ai_phishing+account_takeover,social_engineering+access,text_generation+credential_stuffing_automation,0.826,True,synthetic
TXN495987550393,U7818868,2026-07-06 09:27:57,276.76,USD,p2p_transfer,upi,MID529341,6011,ATM / Cash Disbursement,0.169,DEV67378520,android_mobile,0.1284249708155133,ID,US,True,9,False,130.8729528926109,2,3,8.96,318,web_remote,video_verified,prime,30.89,187,1,0,0.1627681921800669,0.7961143249779432,True,False,0,1,2,CLUSTER9908,3,0.8060297818305735,0.8213646797926445,0.7529248413103556,,,,,0,,0.11904000734113535,1,ai_phishing+account_takeover,social_engineering+access,text_generation+credential_stuffing_automation,0.951,True,synthetic
TXN923890705992,U8073514,2026-08-28 18:54:04,422.68,USD,card_not_present_online,credit_card,MID860493,6051,Crypto / Digital Currency,0.174,DEV69346210,linux_desktop,0.12585156815374915,ID,DE,True,18,False,416.42931945546263,8,3,6.77,301,agent_assisted,basic_document,subprime,62.41,18,1,0,0.14419123031704859,0.9680749172633865,True,False,0,1,2,CLUSTER7271,1,0.6607214117291249,0.9476775951983825,0.7703248551021064,,,,,0,,0.11288278655886191,1,ai_phishing+account_takeover,social_engineering+access,text_generation+credential_stuffing_automation,0.9,True,synthetic
TXN680364244369,U1528017,2026-08-14 19:17:10,724.79,USD,card_not_present_online,credit_card,MID322232,5661,Shoe Stores,0.242,DEV28972319,windows_desktop,0.1493855618615745,RU,US,True,19,False,384.0856690139575,8,1,12.55,420,api_partner_onboarding,basic_document,near_prime,57.74,155,2,0,0.21184484493262296,0.8030058280582071,True,False,0,1,2,CLUSTER6554,3,0.6200730401223846,0.8628704152723489,0.8444171251453095,,,,,0,,0.12870167569234023,1,ai_phishing+account_takeover,social_engineering+access,text_generation+credential_stuffing_automation,0.974,True,synthetic
TXN309806505368,U9695056,2026-07-31 00:19:51,394.71,USD,p2p_transfer,upi,MID372254,5964,Direct Marketing / Catalog,0.268,DEV13638169,linux_desktop,0.03750506626018525,EG,GB,True,0,True,271.03327320645144,6,2,16.01,763,web_remote,unverified,thin_file,9.58,267,2,0,0.6088825028183633,0.8230419044875651,True,False,0,1,1,CLUSTER5761,3,2.10383275548886,0.9366426926777242,0.9808594288746065,,,,,0,,0.10340451038553024,1,ai_phishing+account_takeover,social_engineering+access,text_generation+credential_stuffing_automation,0.962,True,synthetic
TXN274571649990,U9799369,2026-08-06 08:35:46,244.42,USD,p2p_transfer,digital_wallet,MID926604,5691,Apparel,0.238,DEV40916347,mac_desktop,0.19045882223661964,NG,SG,True,8,False,366.2057975685498,4,1,8.54,733,api_partner_onboarding,unverified,near_prime,28.62,142,2,0,0.15112188589291847,0.7423611318537551,True,False,0,1,1,CLUSTER4506,1,2.091198219334121,0.8850648665889106,0.7809464762157063,,,,,0,,0.074442795260988,1,ai_phishing+account_takeover,social_engineering+access,text_generation+credential_stuffing_automation,0.856,True,synthetic
TXN435725831129,U4236126,2026-06-04 22:35:08,300.81,USD,p2p_transfer,upi,MID434316,6300,Insurance,0.202,DEV96653975,android_mobile,0.036659389478518344,VN,JP,True,22,True,594.8396058181712,2,2,17.75,467,web_remote,unverified,super_prime,16.95,37,2,0,0.1279794828752518,0.8038572795494214,True,False,0,1,1,CLUSTER6056,3,2.819541680307906,0.9060094324381693,0.9848089746871271,,,,,0,,0.030408813658702082,1,ai_phishing+account_takeover,social_engineering+access,text_generation+credential_stuffing_automation,0.919,True,synthetic
TXN505308273100,U4227929,2026-07-06 02:44:38,712.11,USD,p2p_transfer,upi,MID255366,5691,Apparel,0.189,DEV78268070,mac_desktop,0.15900132122948749,ID,SE,True,2,False,496.1540953144591,8,3,32.5,850,web_remote,in_branch_verified,thin_file,15.46,228,1,1,0.7047625952494379,0.8406539471369696,True,False,0,1,1,CLUSTER1411,1,2.8701560282551,0.8511913785394485,0.937824575465509,,,,,0,,0.08680873222851611,1,ai_phishing+account_takeover,social_engineering+access,text_generation+credential_stuffing_automation,0.96,True,synthetic
TXN870278232122,U5221537,2026-07-30 17:29:09,136.55,USD,p2p_transfer,digital_wallet,MID228347,7011,Hotels / Lodging,0.063,DEV87644882,mac_desktop,0.14115007690087505,NG,GB,True,17,False,411.54453692295806,6,0,2.07,594,web_remote,video_verified,subprime,92.07,295,2,1,0.8403808776429488,0.7158295900013412,True,False,0,1,2,CLUSTER8436,1,0.5832395446189135,0.8619208942768737,0.798838735786807,,,,,0,,0.19174107406177282,1,ai_phishing+account_takeover,social_engineering+access,text_generation+credential_stuffing_automation,0.938,True,synthetic
TXN936023292253,U2570148,2026-07-09 12:24:22,93.16,USD,card_not_present_online,debit_card,MID531895,5967,Direct Marketing / Adult,0.559,DEV98357182,android_mobile,0.07051113753770756,NG,JP,True,12,False,209.05623398128944,4,3,8.09,759,in_branch,basic_document,near_prime,30.73,259,1,0,0.6132153730760943,0.7628992883819226,True,False,0,1,1,CLUSTER5223,3,1.0759589490067634,0.9555706281919989,0.8865622165500717,,,,,0,,0.023276502605131786,1,ai_phishing+account_takeover,social_engineering+access,text_generation+credential_stuffing_automation,0.929,True,synthetic
TXN614163653816,U2885015,2026-08-23 07:53:42,220.75,USD,p2p_transfer,debit_card,MID174856,5311,Department Stores,0.042,DEV65700777,windows_desktop,0.13199344601151403,RU,NL,True,7,True,81.80696147025638,4,2,3.25,838,mobile_app_remote,basic_document,subprime,67.91,293,2,1,0.3741395719760039,0.9490130928858883,True,False,0,1,1,CLUSTER9418,3,1.9746104038580434,0.9589034225153248,0.9581473683014118,,,,,0,,0.1894881596666532,1,ai_phishing+account_takeover,social_engineering+access,text_generation+credential_stuffing_automation,0.842,True,synthetic
TXN739145928666,U0956396,2026-08-26 21:27:53,326.52,USD,p2p_transfer,debit_card,MID742822,4829,Money Transfer,0.326,DEV78932160,mac_desktop,0.1856313846249563,VN,NL,True,21,False,209.64691475195582,6,0,5.69,63,in_branch,video_verified,prime,38.87,39,1,1,0.5526700277802196,0.8417295624131049,True,False,0,1,2,CLUSTER9820,2,2.776196563458435,0.8528797584549547,0.7815542413948307,,,,,0,,0.1674430883962354,1,ai_phishing+account_takeover,social_engineering+access,text_generation+credential_stuffing_automation,0.914,True,synthetic
TXN888626072594,U7036098,2026-06-24 21:46:24,256.14,USD,card_not_present_online,prepaid_card,MID232009,5732,Electronics Stores,0.242,DEV44089977,linux_desktop,0.13533538598663386,PK,GB,True,21,False,137.7507862233761,6,2,4.71,341,in_branch,unverified,near_prime,40.48,291,2,0,0.5713868742097781,0.9604517618737003,True,False,0,1,2,CLUSTER8110,3,1.0292898322662487,0.743797617175959,0.965007633086408,,,,,0,,0.29742446895612784,1,ai_phishing+account_takeover,social_engineering+access,text_generation+credential_stuffing_automation,0.896,True,synthetic
TXN218935872459,U8371696,2026-08-11 21:08:14,262.29,USD,p2p_transfer,bank_transfer,MID968748,4722,Travel Agencies,0.315,DEV18103682,ios_mobile,0.03293348604301279,ID,DE,True,21,True,159.09276080888037,5,1,18.29,593,in_branch,unverified,thin_file,25.08,163,2,0,0.6464379863714298,0.8689267139377317,True,False,0,1,2,CLUSTER2454,1,2.4272939482126334,0.8133075984727136,0.9459264976479913,,,,,0,,0.06220256195599979,1,ai_phishing+account_takeover,social_engineering+access,text_generation+credential_stuffing_automation,0.937,True,synthetic
TXN273428692951,U6489557,2026-08-07 02:21:12,226.51,USD,p2p_transfer,prepaid_card,MID572780,5732,Electronics Stores,0.185,DEV42307329,linux_desktop,0.15462786095111686,EG,US,True,2,False,199.8162035853488,4,0,3.21,207,mobile_app_remote,unverified,super_prime,70.51,42,2,0,0.2502016976531689,0.8604865867029695,True,False,0,1,2,CLUSTER4400,2,2.0447514528888364,0.8223939175148776,0.9092644130405936,,,,,0,,0.09790673437423288,1,ai_phishing+account_takeover,social_engineering+access,text_generation+credential_stuffing_automation,0.841,True,synthetic
TXN705101468206,U7741259,2026-08-12 14:30:28,451.2,USD,card_not_present_online,upi,MID311613,7011,Hotels / Lodging,0.288,DEV52979679,ios_mobile,0.04719916941416431,PK,SG,True,14,False,511.391373093557,3,1,21.92,509,api_partner_onboarding,in_branch_verified,subprime,20.58,89,2,0,0.278861533270542,0.726124742902555,True,False,0,1,2,CLUSTER1558,2,1.6159564080732483,0.8811507342783013,0.9856772174813168,,,,,0,,0.11199670335093678,1,ai_phishing+account_takeover,social_engineering+access,text_generation+credential_stuffing_automation,0.938,True,synthetic
TXN218092440857,U7294184,2026-07-16 07:33:36,560.58,USD,p2p_transfer,upi,MID433933,6051,Crypto / Digital Currency,0.286,DEV36417180,mac_desktop,0.07267160571042132,VN,CA,True,7,True,129.63953769171502,6,1,12.79,639,mobile_app_remote,basic_document,super_prime,43.84,86,1,0,0.24168857302339167,0.800653846033728,False,False,1,1,1,CLUSTER6607,1,0.49836818271035277,0.718681295816763,0.9436651992717197,,,,,0,,0.08472607505141296,1,ai_phishing+account_takeover,social_engineering+access,text_generation+credential_stuffing_automation,0.958,True,synthetic
TXN621577993176,U0335480,2026-08-16 03:18:42,425.56,USD,card_not_present_online,credit_card,MID191324,5732,Electronics Stores,0.117,DEV39384237,ios_mobile,0.15306954189003003,NG,SE,True,3,False,206.2143541234277,6,1,2.8,131,in_branch,unverified,subprime,85.33,130,1,0,0.8321975660042897,0.8952275677268628,True,True,0,1,1,CLUSTER9372,1,2.7860140825731117,0.7327484277111233,0.8161487547301398,,,,,0,,0.022651678643370275,1,ai_phishing+account_takeover,social_engineering+access,text_generation+credential_stuffing_automation,0.934,True,synthetic
TXN163128759781,U8211466,2026-08-12 20:00:58,117.49,USD,p2p_transfer,prepaid_card,MID404735,5691,Apparel,0.13,DEV61477654,android_mobile,0.19638210089082198,NG,US,True,20,False,326.7900039120852,6,2,16.66,246,agent_assisted,video_verified,thin_file,22.7,48,2,0,0.5735016344809298,0.8446348824144975,True,True,0,1,2,CLUSTER1608,2,1.0441060294551865,0.769393904739141,0.8990379818783155,,,,,0,,0.2965298217444386,1,ai_phishing+account_takeover,social_engineering+access,text_generation+credential_stuffing_automation,0.928,True,synthetic
TXN938472900197,U7906184,2026-06-07 08:40:36,674.87,USD,card_not_present_online,upi,MID761283,5967,Direct Marketing / Adult,0.073,DEV99741289,mac_desktop,0.03806404469327122,BD,NL,True,8,False,272.29543503770924,7,0,5.19,120,in_branch,in_branch_verified,prime,53.11,240,1,0,0.7776103495815996,0.7153547434269295,True,True,0,1,2,CLUSTER6695,1,1.5028184802214226,0.9315058358924635,0.9761773712764714,,,,,0,,0.07011658026738009,1,ai_phishing+account_takeover,social_engineering+access,text_generation+credential_stuffing_automation,0.939,True,synthetic
TXN754510002285,U1997549,2026-07-07 08:35:52,190.09,USD,p2p_transfer,prepaid_card,MID621002,4899,Cable / Streaming Services,0.266,DEV10466649,mac_desktop,0.12855228114115452,RU,SG,True,8,True,567.7773313942101,2,0,17.29,156,web_remote,basic_document,near_prime,33.54,133,2,0,0.8346250342691466,0.8083746159973331,True,True,0,1,2,CLUSTER9823,2,0.5706521570589729,0.7180751049198153,0.7563347869455629,,,,,0,,0.07773526913118127,1,ai_phishing+account_takeover,social_engineering+access,text_generation+credential_stuffing_automation,0.911,True,synthetic
TXN388898367122,U1954245,2026-06-21 21:47:21,128.86,USD,card_not_present_online,debit_card,MID297874,6300,Insurance,0.346,DEV22714127,ios_mobile,0.08210980891449816,EG,CA,True,21,True,336.9018400609411,6,2,40.09,351,in_branch,basic_document,near_prime,12.77,174,1,0,0.7247026184373558,0.7797733690857434,False,False,0,1,1,CLUSTER8275,1,1.3202749450179028,0.8859518398349024,0.8601331824397951,,,,,0,,0.11161255929334697,1,ai_phishing+account_takeover,social_engineering+access,text_generation+credential_stuffing_automation,0.979,True,synthetic
TXN310756208002,U5169122,2026-08-16 11:58:49,362.23,USD,p2p_transfer,bank_transfer,MID321361,5941,Sporting Goods,0.057,DEV12700920,linux_desktop,0.11023737812023146,RU,CA,True,11,True,431.6292737805979,5,1,10.44,169,web_remote,video_verified,thin_file,34.69,76,1,0,0.3577100592359719,0.7041201796133402,True,False,0,1,2,CLUSTER6334,1,1.1173314314644944,0.8719609957564513,0.8024942004238755,,,,,0,,0.29627476376861717,1,ai_phishing+account_takeover,social_engineering+access,text_generation+credential_stuffing_automation,0.943,True,synthetic
TXN768116122449,U8981472,2026-08-24 04:33:11,322.35,USD,card_not_present_online,upi,MID995230,5691,Apparel,0.455,DEV41217061,linux_desktop,0.16077633465743596,PK,DE,True,4,False,225.36268886856956,8,1,2.08,635,web_remote,basic_document,super_prime,124.92,165,1,0,0.6680896057812608,0.9173681041672584,False,False,0,1,2,CLUSTER3595,1,1.1247252132464118,0.90160805391567,0.8079793879493882,,,,,0,,0.2855049752978881,1,ai_phishing+account_takeover,social_engineering+access,text_generation+credential_stuffing_automation,0.926,True,synthetic
TXN845372289537,U0981891,2026-06-09 23:24:46,124.2,USD,card_not_present_online,upi,MID723502,6051,Crypto / Digital Currency,0.322,DEV28192547,android_mobile,0.04396198467850318,BD,NL,True,23,False,340.63119325688257,8,1,1.29,310,web_remote,unverified,near_prime,95.91,80,1,0,0.24203009278854326,0.7230811136727021,False,False,0,1,1,CLUSTER1459,3,2.4125151974303893,0.9094877961213492,0.919625027062018,,,,,0,,0.1700325225262459,1,ai_phishing+account_takeover,social_engineering+access,text_generation+credential_stuffing_automation,0.971,True,synthetic
TXN594381938121,U2926798,2026-06-28 02:23:11,257.65,USD,p2p_transfer,upi,MID178051,5411,Grocery Stores,0.205,DEV87522762,ios_mobile,0.09570631884830948,RU,SE,True,2,False,551.7918368525543,8,0,4.18,264,mobile_app_remote,unverified,super_prime,61.64,185,1,0,0.27716481688701383,0.9693858422561961,True,False,0,1,1,CLUSTER4556,2,2.9786790592742665,0.9553083138589951,0.8800931553715386,,,,,0,,0.2887021758420051,1,ai_phishing+account_takeover,social_engineering+access,text_generation+credential_stuffing_automation,0.954,True,synthetic
TXN544657007290,U5455545,2026-08-19 13:37:58,503.12,USD,p2p_transfer,prepaid_card,MID495137,6012,Financial Institutions - Merchandise/Services,0.239,DEV78810275,windows_desktop,0.14102016257175667,BD,DE,True,13,False,552.3818468307916,8,0,14.65,770,mobile_app_remote,unverified,subprime,24.69,35,2,0,0.7524247204658826,0.7932692295010635,True,True,0,1,2,CLUSTER4273,3,0.0023430156810778646,0.9463595364130903,0.9533062777936648,,,,,0,,0.17018629871581928,1,ai_phishing+account_takeover,social_engineering+access,text_generation+credential_stuffing_automation,0.907,True,synthetic
TXN545318005607,U6665949,2026-07-23 05:06:08,433.23,USD,card_not_present_online,digital_wallet,MID527364,4722,Travel Agencies,0.269,DEV88143041,windows_desktop,0.16041256346150776,EG,JP,True,5,False,289.45329209387154,4,0,31.21,387,mobile_app_remote,unverified,super_prime,13.88,7,2,0,0.25047518311532624,0.9053065747905378,False,False,0,1,2,CLUSTER1708,1,0.8941051064817006,0.7878413745224694,0.9812473622994778,,,,,0,,0.13675913974329537,1,ai_phishing+account_takeover,social_engineering+access,text_generation+credential_stuffing_automation,0.951,True,synthetic
TXN457124720565,U5412097,2026-08-20 08:56:51,153.79,USD,p2p_transfer,debit_card,MID129685,5921,Liquor Stores,0.11,DEV31508635,ios_mobile,0.10302135198975958,EG,JP,True,8,False,259.1768952543266,7,2,12.75,467,mobile_app_remote,unverified,thin_file,16.82,97,2,1,0.5800974382204277,0.9240909762975138,True,False,0,1,1,CLUSTER3635,2,1.6674391446767083,0.8713338375720063,0.9612899340934987,,,,,0,,0.14968493286491805,1,ai_phishing+account_takeover,social_engineering+access,text_generation+credential_stuffing_automation,0.97,True,synthetic
TXN467740770688,U5000274,2026-08-19 08:48:48,278.07,USD,p2p_transfer,bank_transfer,MID486250,7995,Betting / Gambling,0.256,DEV39519195,mac_desktop,0.14575764988962628,PK,CA,True,8,False,308.80397136939547,2,2,30.14,615,mobile_app_remote,video_verified,prime,36.06,173,1,0,0.6896748057915193,0.8528779122173631,True,False,0,1,1,CLUSTER1478,3,0.7186946080972612,0.9024686687795693,0.9045797833976974,,,,,0,,0.043794984838704816,1,ai_phishing+account_takeover,social_engineering+access,text_generation+credential_stuffing_automation,0.896,True,synthetic
TXN486083293173,U0535970,2026-06-25 09:35:44,801.29,USD,p2p_transfer,digital_wallet,MID461477,7011,Hotels / Lodging,0.046,DEV82179718,ios_mobile,0.15917271836729868,ID,GB,True,9,False,275.02293877237383,4,2,42.51,734,mobile_app_remote,basic_document,thin_file,18.85,295,1,0,0.10879800009603263,0.7987402279690847,True,False,0,1,1,CLUSTER1825,2,1.048036194957251,0.7976795061786074,0.7939386146892831,,,,,0,,0.16864590827589893,1,ai_phishing+account_takeover,social_engineering+access,text_generation+credential_stuffing_automation,0.878,True,synthetic
TXN117550526682,U9805567,2026-08-10 09:48:50,290.62,USD,p2p_transfer,debit_card,MID203891,4111,Transit / Transportation,0.079,DEV63617776,windows_desktop,0.07368732065597142,BD,JP,True,9,True,380.8270138734992,6,2,3.44,602,web_remote,unverified,near_prime,84.51,177,2,0,0.3266856253283788,0.9648308608989928,False,False,0,1,2,CLUSTER8487,3,0.48369874381040734,0.9330219284161542,0.8973260950858566,,,,,0,,0.17130068127876139,1,ai_phishing+account_takeover,social_engineering+access,text_generation+credential_stuffing_automation,0.826,True,synthetic
TXN741152491566,U8973123,2026-06-30 11:48:51,316.36,USD,card_not_present_online,debit_card,MID585482,5941,Sporting Goods,0.16,DEV39365824,android_mobile,0.07522336029234233,EG,NL,True,11,True,242.16442287265707,2,0,31.64,262,in_branch,basic_document,subprime,3.58,141,2,0,0.27595050379374475,0.7878152671754587,False,False,0,1,1,CLUSTER9178,2,2.873664158328423,0.8084342930045351,0.9693351012289954,,,,,0,,0.2796007182653659,1,ai_phishing+account_takeover,social_engineering+access,text_generation+credential_stuffing_automation,0.967,True,synthetic
TXN474848557987,U9270049,2026-08-12 17:05:04,524.73,USD,p2p_transfer,bank_transfer,MID268215,4829,Money Transfer,0.169,DEV88162185,android_mobile,0.08661959153168333,EG,NL,True,17,True,583.8638414603619,3,0,25.2,343,web_remote,basic_document,subprime,20.82,227,1,0,0.10541326217699128,0.9127150879358455,True,False,0,1,1,CLUSTER2882,1,0.29566048127154976,0.863643361037898,0.8595540361838214,,,,,0,,0.18428212654378237,1,ai_phishing+account_takeover,social_engineering+access,text_generation+credential_stuffing_automation,0.903,True,synthetic
TXN869740495351,U6131355,2026-08-01 12:27:04,325.29,USD,p2p_transfer,upi,MID923655,5921,Liquor Stores,0.295,DEV47052145,ios_mobile,0.041505504537610954,VN,US,True,12,True,250.41364598136235,8,0,59.47,707,mobile_app_remote,basic_document,subprime,12.34,58,2,0,0.6215780937833707,0.7966239914739994,True,False,0,1,1,CLUSTER6173,2,2.252737567855997,0.8782496169790857,0.8746199079400513,,,,,0,,0.12579866640942466,1,ai_phishing+account_takeover,social_engineering+access,text_generation+credential_stuffing_automation,0.898,True,synthetic
TXN256668642290,U7271486,2026-08-26 15:24:30,278.37,USD,p2p_transfer,digital_wallet,MID289249,5812,Restaurants,0.17,DEV28119026,windows_desktop,0.15138479023986146,ID,SE,True,15,False,162.08117821478132,8,1,5.32,842,agent_assisted,basic_document,subprime,52.28,169,1,0,0.35060205297953384,0.8535456799378633,True,True,0,1,1,CLUSTER5884,1,2.1970133548929636,0.905565139425935,0.7983733254461314,,,,,0,,0.12104169693720854,1,ai_phishing+account_takeover,social_engineering+access,text_generation+credential_stuffing_automation,0.959,True,synthetic
TXN986969314666,U8340273,2026-06-23 04:08:55,906.01,USD,p2p_transfer,bank_transfer,MID785167,4829,Money Transfer,0.108,DEV81254344,linux_desktop,0.1686765587317523,NG,JP,True,4,False,207.6421449923637,4,0,9.95,631,agent_assisted,basic_document,thin_file,91.1,154,2,0,0.11805622582685371,0.7301790112166594,False,True,0,1,2,CLUSTER5546,2,2.41579709036898,0.9688668533729221,0.9696715453520467,,,,,0,,0.19608166181890793,1,ai_phishing+account_takeover,social_engineering+access,text_generation+credential_stuffing_automation,0.973,True,synthetic
TXN808111054025,U9005219,2026-07-08 15:24:45,197.66,USD,card_not_present_online,upi,MID277433,7011,Hotels / Lodging,0.413,DEV85439968,windows_desktop,0.023950153248597672,BD,SG,True,15,True,343.46735541964614,7,0,5.37,480,api_partner_onboarding,in_branch_verified,prime,36.8,223,2,0,0.2886044771744933,0.7134189093606877,True,False,0,1,1,CLUSTER6997,1,1.081417610846741,0.8490849497623902,0.9137326326725466,,,,,0,,0.178295049186748,1,ai_phishing+account_takeover,social_engineering+access,text_generation+credential_stuffing_automation,0.981,True,synthetic
TXN457059425833,U8360056,2026-08-17 12:45:02,145.13,USD,p2p_transfer,bank_transfer,MID724698,5812,Restaurants,0.063,DEV11459657,linux_desktop,0.08800539614908148,EG,DE,True,12,False,506.8398897567159,5,0,1.2,653,api_partner_onboarding,video_verified,subprime,121.27,22,1,0,0.202705620580507,0.875946854806905,True,False,0,1,1,CLUSTER8223,3,0.6134523036629648,0.9431119299004787,0.9280609119613931,,,,,0,,0.22913048826336235,1,ai_phishing+account_takeover,social_engineering+access,text_generation+credential_stuffing_automation,0.893,True,synthetic
TXN345661385277,U5472684,2026-08-12 03:57:09,196.15,USD,p2p_transfer,debit_card,MID284840,5411,Grocery Stores,0.26,DEV12308780,ios_mobile,0.13930048654111798,VN,SG,True,3,True,470.7603162996532,4,2,3.64,406,in_branch,unverified,subprime,78.07,248,2,0,0.6060615517821007,0.9383154365751475,True,False,0,1,2,CLUSTER1388,1,0.24535350215937746,0.8803408986200727,0.8541085383920457,,,,,0,,0.12669016516566398,1,ai_phishing+account_takeover,social_engineering+access,text_generation+credential_stuffing_automation,0.889,True,synthetic
TXN335487595283,U2779109,2026-06-07 06:49:44,751.33,USD,p2p_transfer,credit_card,MID209097,8011,Healthcare,0.138,DEV53366486,linux_desktop,0.03032031568228278,EG,DE,True,6,True,305.0074008570016,5,2,22.38,584,mobile_app_remote,unverified,super_prime,33.57,161,2,0,0.3784429982794275,0.8084623957871822,True,False,0,1,2,CLUSTER1203,1,2.9817312666257125,0.7533518249459294,0.840062165530655,,,,,0,,0.1315211750844218,1,ai_phishing+account_takeover,social_engineering+access,text_generation+credential_stuffing_automation,0.848,True,synthetic
TXN779847049753,U1198830,2026-06-08 21:41:15,186.38,USD,p2p_transfer,digital_wallet,MID930736,5691,Apparel,0.141,DEV66300651,windows_desktop,0.186409845901469,PK,SG,True,21,True,569.6361488488837,3,1,17.04,416,api_partner_onboarding,basic_document,thin_file,23.81,248,1,0,0.5839253281109329,0.9406672607781456,True,False,0,1,2,CLUSTER8685,1,0.4406328484303449,0.9281461833161357,0.8613750029832015,,,,,0,,0.20171191068640443,1,ai_phishing+account_takeover,social_engineering+access,text_generation+credential_stuffing_automation,0.951,True,synthetic
TXN747116636716,U0775489,2026-08-16 09:44:59,220.03,USD,p2p_transfer,credit_card,MID127450,5691,Apparel,0.332,DEV18648573,windows_desktop,0.17117385772524799,BD,SE,True,9,False,56.164590928732906,2,1,2.15,292,web_remote,unverified,subprime,86.8,113,1,1,0.5903961759900724,0.908771130212482,True,False,0,1,2,CLUSTER7789,3,0.9991312303819188,0.7845801922651371,0.8393179680677597,,,,,0,,0.08175025266727635,1,ai_phishing+account_takeover,social_engineering+access,text_generation+credential_stuffing_automation,0.97,True,synthetic
TXN644668989399,U6629714,2026-07-28 17:32:57,445.15,USD,p2p_transfer,bank_transfer,MID428320,4899,Cable / Streaming Services,0.351,DEV31022913,windows_desktop,0.16485928047360213,VN,GB,True,17,False,268.62405375737035,3,1,27.24,634,mobile_app_remote,video_verified,prime,16.34,181,1,2,0.20994287721115504,0.8676291694922633,True,False,0,1,2,CLUSTER5454,2,0.3551393296735744,0.7396153816251622,0.9663996892235344,,,,,0,,0.262165822875129,1,ai_phishing+account_takeover,social_engineering+access,text_generation+credential_stuffing_automation,0.974,True,synthetic
TXN497664997263,U0862557,2026-07-19 16:19:21,598.52,USD,p2p_transfer,bank_transfer,MID930246,6011,ATM / Cash Disbursement,0.087,DEV83873090,mac_desktop,0.14744578695675292,EG,DE,True,16,True,310.60573126603026,7,0,3.37,643,agent_assisted,unverified,subprime,177.64,246,1,0,0.38802080988313226,0.7445410475014974,True,False,0,1,2,CLUSTER1524,2,1.085884719033579,0.8196826419882,0.9452993054344492,,,,,0,,0.14969757484089502,1,ai_phishing+account_takeover,social_engineering+access,text_generation+credential_stuffing_automation,0.871,True,synthetic
TXN124419064674,U8495291,2026-07-24 01:17:47,172.2,USD,p2p_transfer,prepaid_card,MID903769,4829,Money Transfer,0.275,DEV20553256,windows_desktop,0.04275823970914615,NG,DE,True,1,False,147.07135621764252,3,1,2.86,248,web_remote,in_branch_verified,subprime,60.22,203,1,1,0.10236334330722498,0.7435353390222987,True,True,0,1,2,CLUSTER5676,3,2.4438136285488685,0.7218452223286542,0.9395184545147383,,,,,0,,0.15078747841889004,1,ai_phishing+account_takeover,social_engineering+access,text_generation+credential_stuffing_automation,0.892,True,synthetic
TXN303016772475,U6343345,2026-08-20 00:07:54,804.22,USD,card_not_present_online,bank_transfer,MID802549,5999,Misc Retail,0.232,DEV75228513,ios_mobile,0.022440455914895494,BD,DE,True,0,True,401.7483312106029,6,0,4.2,347,agent_assisted,basic_document,subprime,62.19,272,2,0,0.5579913077370124,0.961483946551051,True,True,0,1,2,CLUSTER9769,1,1.7616987208425554,0.8788942870461876,0.9210030163129015,,,,,0,,0.11684877364580659,1,ai_phishing+account_takeover,social_engineering+access,text_generation+credential_stuffing_automation,0.859,True,synthetic
TXN613583157489,U9331872,2026-08-27 06:36:57,160.48,USD,card_not_present_online,debit_card,MID595654,6012,Financial Institutions - Merchandise/Services,0.093,DEV75363924,linux_desktop,0.05200523610613163,NG,DE,True,6,True,408.09444540648553,8,2,3.9,209,mobile_app_remote,unverified,near_prime,41.19,186,2,0,0.18834927100954374,0.9371785364923911,True,True,0,1,1,CLUSTER7664,3,1.9290717458745616,0.852730383358398,0.9497177047170389,,,,,0,,0.10754009285630475,1,ai_phishing+account_takeover,social_engineering+access,text_generation+credential_stuffing_automation,0.962,True,synthetic
TXN690836120126,U7666922,2026-08-17 15:54:28,262.28,USD,p2p_transfer,upi,MID886436,8011,Healthcare,0.196,DEV32995030,ios_mobile,0.17375437661036228,PK,AU,True,15,False,511.8552089366441,4,1,19.98,686,mobile_app_remote,unverified,near_prime,13.13,128,1,0,0.2436495822012961,0.7990231243391199,True,True,0,1,2,CLUSTER5755,2,0.017555253794067194,0.7829246742437267,0.9035792519506834,,,,,0,,0.22757441043357074,1,ai_phishing+account_takeover,social_engineering+access,text_generation+credential_stuffing_automation,0.858,True,synthetic
TXN618502237159,U8216024,2026-07-13 11:00:16,422.83,USD,p2p_transfer,debit_card,MID742379,5661,Shoe Stores,0.237,DEV92590493,android_mobile,0.16610863021377614,ID,US,True,11,False,299.00757156382576,3,0,14.84,153,in_branch,video_verified,prime,23.79,159,2,1,0.6838504646387203,0.8146558927846476,False,False,0,1,2,CLUSTER4052,2,2.3517076341646215,0.7449939876838145,0.9329916392473996,,,,,0,,0.16053470274931927,1,ai_phishing+account_takeover,social_engineering+access,text_generation+credential_stuffing_automation,0.951,True,synthetic
TXN849051820626,U8337609,2026-08-05 11:52:40,403.07,USD,card_not_present_online,digital_wallet,MID381963,5941,Sporting Goods,0.14,DEV18122179,mac_desktop,0.11438509880794578,VN,GB,True,11,True,275.7627150748434,5,1,6.71,184,api_partner_onboarding,in_branch_verified,prime,60.05,63,2,0,0.21836173594860359,0.9103410214284912,True,False,0,1,1,CLUSTER3607,2,2.3499639278682083,0.8144393148311122,0.8155484094788916,,,,,0,,0.26541725798531185,1,ai_phishing+account_takeover,social_engineering+access,text_generation+credential_stuffing_automation,0.971,True,synthetic
TXN590649186615,U0384903,2026-06-06 10:12:26,166.2,USD,card_not_present_online,credit_card,MID637502,5941,Sporting Goods,0.174,DEV81509800,windows_desktop,0.027468499492612458,PK,SG,True,10,True,543.9505880551197,5,1,12.03,740,web_remote,video_verified,subprime,31.39,69,2,0,0.7147028338068547,0.717741597635465,True,False,1,1,2,CLUSTER1452,2,1.9970150498175072,0.9284361868764484,0.9612343712466085,,,,,0,,0.08569492358647095,1,ai_phishing+account_takeover,social_engineering+access,text_generation+credential_stuffing_automation,0.954,True,synthetic
TXN502832649398,U7297945,2026-07-09 11:12:06,270.22,USD,card_not_present_online,credit_card,MID365501,6051,Crypto / Digital Currency,0.549,DEV79967509,windows_desktop,0.08596613320419368,RU,NL,True,11,True,155.32971171842064,5,2,19.93,861,agent_assisted,unverified,prime,14.2,77,1,0,0.8049546104751857,0.8517806768313612,False,False,0,1,1,CLUSTER7288,2,1.0808162696060708,0.9147938188056964,0.7619657036713097,,,,,0,,0.18625830865700327,1,ai_phishing+account_takeover,social_engineering+access,text_generation+credential_stuffing_automation,0.93,True,synthetic
TXN239347970587,U1308099,2026-07-21 16:24:08,163.99,USD,card_not_present_online,credit_card,MID677577,5411,Grocery Stores,0.135,DEV99688455,android_mobile,0.136004149126161,NG,NL,True,16,True,214.03043608451412,6,1,2.39,95,api_partner_onboarding,basic_document,near_prime,68.65,205,2,0,0.15957438044507338,0.8779393145793215,True,False,0,1,2,CLUSTER4282,3,2.1454630515351223,0.8332651585764036,0.7696582373483876,,,,,0,,0.2806069029232239,1,ai_phishing+account_takeover,social_engineering+access,text_generation+credential_stuffing_automation,0.851,True,synthetic
TXN153009351725,U4228131,2026-08-17 18:55:27,84.41,USD,card_not_present_online,prepaid_card,MID475950,6051,Crypto / Digital Currency,0.309,DEV42326717,android_mobile,0.15249581904317655,BD,US,True,18,True,207.69388382459465,5,1,6.74,64,api_partner_onboarding,basic_document,thin_file,68.32,141,1,0,0.7692617785294368,0.8183792919344459,False,True,0,1,2,CLUSTER4159,2,1.3727725755091709,0.7881499487849174,0.9262025380656843,,,,,0,,0.054518760477931104,1,ai_phishing+account_takeover,social_engineering+access,text_generation+credential_stuffing_automation,0.94,True,synthetic
TXN503936410607,U9460533,2026-07-16 09:26:52,419.68,USD,p2p_transfer,debit_card,MID367331,8299,Educational Services,0.195,DEV64930596,windows_desktop,0.05719034091868258,PK,JP,True,9,True,406.37353423934195,6,2,2.2,140,mobile_app_remote,unverified,prime,94.19,29,2,0,0.7443418113623226,0.8243398956483763,False,False,0,1,1,CLUSTER8430,1,2.607173969851466,0.7776801568933867,0.968620314540917,,,,,0,,0.21611623836130303,1,ai_phishing+account_takeover,social_engineering+access,text_generation+credential_stuffing_automation,0.912,True,synthetic
TXN980386965187,U8095669,2026-06-06 16:59:39,270.55,USD,p2p_transfer,upi,MID113372,4829,Money Transfer,0.173,DEV14215668,windows_desktop,0.05451124711599793,RU,SE,True,16,False,383.1286332437943,2,2,5.12,644,web_remote,basic_document,prime,52.84,89,2,0,0.3781471016960106,0.8026969092154971,True,False,0,1,2,CLUSTER5166,3,2.7034939531641897,0.9535085004322239,0.97983825238699,,,,,0,,0.26237718300440616,1,ai_phishing+account_takeover,social_engineering+access,text_generation+credential_stuffing_automation,0.9,True,synthetic
TXN950933058731,U8329263,2026-06-18 16:58:10,831.76,USD,p2p_transfer,upi,MID371008,8299,Educational Services,0.339,DEV96634208,ios_mobile,0.06324358471743394,RU,CA,True,16,True,312.7888722091996,5,1,30.75,780,api_partner_onboarding,video_verified,thin_file,27.05,298,1,0,0.26179734674796895,0.8932226626469106,True,True,0,1,2,CLUSTER6250,1,2.90512194210777,0.8222356957636674,0.9061557326523421,,,,,0,,0.19718110086431276,1,ai_phishing+account_takeover,social_engineering+access,text_generation+credential_stuffing_automation,0.903,True,synthetic
TXN203112737994,U7236292,2026-07-20 10:27:49,291.84,USD,p2p_transfer,upi,MID278647,7995,Betting / Gambling,0.069,DEV52390121,ios_mobile,0.10244248654032341,EG,SG,True,10,False,530.6299742504918,3,2,12.26,493,mobile_app_remote,in_branch_verified,prime,42.55,261,1,0,0.5666448269284745,0.831661292183048,True,False,1,1,1,CLUSTER2939,2,0.6656316860083714,0.8406935913045074,0.7621491055828481,,,,,0,,0.2999389132216967,1,ai_phishing+account_takeover,social_engineering+access,text_generation+credential_stuffing_automation,0.84,True,synthetic
TXN592552459375,U1571649,2026-07-17 10:03:09,120.95,USD,p2p_transfer,credit_card,MID994590,5999,Misc Retail,0.226,DEV66309984,android_mobile,0.07171304081345121,VN,SE,True,10,False,452.0855368766052,6,1,2.99,524,in_branch,video_verified,prime,40.42,203,1,1,0.16937735705169962,0.7503009758604516,True,False,0,1,2,CLUSTER2743,3,1.5012749241064642,0.7247537322212879,0.9024637227834182,,,,,0,,0.2812222774239227,1,ai_phishing+account_takeover,social_engineering+access,text_generation+credential_stuffing_automation,0.955,True,synthetic
TXN129064140327,U1713452,2026-06-25 12:48:40,396.9,USD,p2p_transfer,credit_card,MID565703,6300,Insurance,0.254,DEV20847165,ios_mobile,0.0624514917433935,BD,SG,True,12,False,157.39621911511875,7,4,13.15,214,web_remote,basic_document,near_prime,30.18,30,1,0,0.23838090116746022,0.7134923602934141,True,False,0,1,2,CLUSTER2531,1,2.871162013087573,0.7488803215655178,0.8741919908488363,,,,,0,,0.10432573057097162,1,ai_phishing+account_takeover,social_engineering+access,text_generation+credential_stuffing_automation,0.964,True,synthetic
TXN778734136303,U5919787,2026-08-13 00:49:55,155.88,USD,p2p_transfer,digital_wallet,MID616005,5812,Restaurants,0.032,DEV88680087,ios_mobile,0.14742205092575406,EG,SG,True,0,True,155.80247447461966,2,0,1.9,787,agent_assisted,video_verified,subprime,82.1,187,2,1,0.147761590112104,0.8677704007000732,True,False,0,1,2,CLUSTER8778,1,1.8391408734481107,0.731791469015002,0.8734482199433666,,,,,0,,0.08221574508325216,1,ai_phishing+account_takeover,social_engineering+access,text_generation+credential_stuffing_automation,0.849,True,synthetic
TXN189560359068,U1845115,2026-07-05 09:25:57,312.27,USD,card_not_present_online,bank_transfer,MID440501,5967,Direct Marketing / Adult,0.295,DEV28915002,ios_mobile,0.13763578868601553,NG,GB,True,9,False,64.91577586356149,7,1,3.36,151,web_remote,in_branch_verified,subprime,89.31,158,1,1,0.7802346571384102,0.968080162731678,False,False,0,1,2,CLUSTER5861,2,0.47055553184769805,0.9258535389295615,0.8084011597547144,,,,,0,,0.15980522132825073,1,ai_phishing+account_takeover,social_engineering+access,text_generation+credential_stuffing_automation,0.849,True,synthetic
TXN949776443544,U4836910,2026-07-20 17:08:40,683.43,USD,card_not_present_online,debit_card,MID235239,7011,Hotels / Lodging,0.128,DEV83709135,ios_mobile,0.08175925205178829,BD,SG,True,17,False,168.0532556727828,6,0,13.11,175,api_partner_onboarding,video_verified,prime,52.15,77,2,0,0.13810997328582764,0.9240363573297402,True,False,0,1,2,CLUSTER2125,1,0.5351945914492074,0.8828637606629963,0.9829593393374219,,,,,0,,0.023616492403089707,1,ai_phishing+account_takeover,social_engineering+access,text_generation+credential_stuffing_automation,0.968,True,synthetic
TXN891139437595,U1849515,2026-07-14 01:54:07,149.96,USD,p2p_transfer,credit_card,MID869867,5411,Grocery Stores,0.252,DEV55126277,linux_desktop,0.06038803685143497,NG,US,True,1,False,308.2537252362898,6,2,2.42,410,api_partner_onboarding,video_verified,near_prime,62.07,230,1,0,0.3542494116390632,0.9751378819437968,False,False,0,1,2,CLUSTER9453,3,0.4024275917165049,0.8502900537045451,0.8678624750606742,,,,,0,,0.08290047142542216,1,ai_phishing+account_takeover,social_engineering+access,text_generation+credential_stuffing_automation,0.968,True,synthetic
TXN161799775252,U2158898,2026-06-07 17:38:19,692.67,USD,p2p_transfer,credit_card,MID653722,5311,Department Stores,0.147,DEV90344206,ios_mobile,0.17659519363692383,NG,CA,True,17,False,156.7190026491299,3,2,16.61,673,mobile_app_remote,in_branch_verified,subprime,41.7,54,2,0,0.13651642734503808,0.8962149468390583,True,False,0,1,2,CLUSTER4047,2,1.9661286708420505,0.8863979538655185,0.8739460696495408,,,,,0,,0.14449018783897263,1,ai_phishing+account_takeover,social_engineering+access,text_generation+credential_stuffing_automation,0.878,True,synthetic
TXN374132071499,U5069072,2026-06-01 20:26:57,217.64,USD,p2p_transfer,digital_wallet,MID678644,8011,Healthcare,0.278,DEV60810322,android_mobile,0.11379068510277125,VN,NL,True,20,False,594.0922105422886,2,2,9.05,302,in_branch,basic_document,subprime,24.06,221,2,0,0.16863511168843548,0.8297091602933073,True,True,0,1,2,CLUSTER1967,3,1.6494851154322119,0.8028375752338998,0.9797797382414936,,,,,0,,0.05090461566378866,1,ai_phishing+account_takeover,social_engineering+access,text_generation+credential_stuffing_automation,0.914,True,synthetic
TXN368809432140,U0303905,2026-06-23 01:57:00,303.46,USD,p2p_transfer,debit_card,MID642803,5311,Department Stores,0.18,DEV83619435,linux_desktop,0.045553743169056055,VN,AU,True,1,False,340.6904094202472,7,2,7.77,263,in_branch,basic_document,near_prime,43.76,284,1,0,0.6552421794895368,0.7855251667535664,True,False,0,1,1,CLUSTER9612,2,2.4917182841996786,0.8813162919662215,0.9233677042296317,,,,,0,,0.13105192645946734,1,ai_phishing+account_takeover,social_engineering+access,text_generation+credential_stuffing_automation,0.96,True,synthetic
TXN163968016149,U0127697,2026-06-15 08:55:31,305.94,USD,card_not_present_online,upi,MID888569,6300,Insurance,0.118,DEV75822071,linux_desktop,0.1931316236672605,ID,GB,True,8,False,592.3632299221719,5,1,14.67,807,agent_assisted,video_verified,subprime,25.93,10,1,0,0.6463769465526461,0.8700386225463457,True,False,0,1,1,CLUSTER8353,1,2.340181605391133,0.9573691086848055,0.7950691571255789,,,,,0,,0.038508581868740795,1,ai_phishing+account_takeover,social_engineering+access,text_generation+credential_stuffing_automation,0.877,True,synthetic
TXN413996994016,U1730541,2026-07-27 07:04:50,625.12,USD,card_not_present_online,upi,MID107879,5732,Electronics Stores,0.019,DEV41663045,ios_mobile,0.09505580133648807,BD,NL,True,7,True,515.1105074276749,5,0,20.52,675,web_remote,basic_document,thin_file,30.47,207,2,0,0.16792432408785918,0.8640402431444121,True,True,0,1,1,CLUSTER6988,2,1.9435251787317651,0.8425937044210673,0.9807109135084651,,,,,0,,0.19858754808034362,1,ai_phishing+account_takeover,social_engineering+access,text_generation+credential_stuffing_automation,0.912,True,synthetic
TXN422661387928,U8914584,2026-07-27 21:43:29,446.01,USD,p2p_transfer,prepaid_card,MID201596,4829,Money Transfer,0.305,DEV86364949,mac_desktop,0.04157556573909937,EG,SG,True,21,True,132.5079181183561,3,0,36.76,556,mobile_app_remote,in_branch_verified,prime,20.75,288,2,0,0.658168209728336,0.7732900479663315,True,False,0,1,2,CLUSTER3433,3,2.295006895255305,0.7592823698480448,0.8632498372718221,,,,,0,,0.03693137437852815,1,ai_phishing+account_takeover,social_engineering+access,text_generation+credential_stuffing_automation,0.954,True,synthetic
TXN553022291558,U8048083,2026-06-30 07:53:22,515.71,USD,p2p_transfer,upi,MID110584,4111,Transit / Transportation,0.208,DEV62230743,ios_mobile,0.14177552115923822,EG,DE,True,7,False,90.84096614867417,6,1,12.46,285,mobile_app_remote,video_verified,near_prime,41.4,144,2,0,0.21030380850547412,0.8394436890326439,False,False,0,1,2,CLUSTER2399,3,2.432289041448544,0.9008379379917828,0.8449088669669327,,,,,0,,0.11340658945158144,1,ai_phishing+account_takeover,social_engineering+access,text_generation+credential_stuffing_automation,0.904,True,synthetic
TXN416655161263,U8426262,2026-07-20 05:30:23,490.43,USD,card_not_present_online,credit_card,MID477047,4722,Travel Agencies,0.381,DEV59183909,linux_desktop,0.07230683317594787,RU,DE,True,5,False,432.8012474338033,2,3,17.51,835,in_branch,unverified,near_prime,16.77,39,1,1,0.595356587852239,0.7283367178327118,True,False,1,1,2,CLUSTER9025,1,1.180909659748718,0.9050265804894169,0.9779546409399269,,,,,0,,0.2675618502524407,1,ai_phishing+account_takeover,social_engineering+access,text_generation+credential_stuffing_automation,0.919,True,synthetic
TXN701293170695,U4423884,2026-06-19 23:34:57,1180.66,USD,card_not_present_online,debit_card,MID410306,4722,Travel Agencies,0.212,DEV57413179,linux_desktop,0.09469846412567103,PK,DE,True,23,False,465.74153059974674,8,2,17.86,528,in_branch,basic_document,near_prime,66.1,289,2,0,0.27392198165591575,0.795430091642532,True,True,0,1,2,CLUSTER7936,1,1.3734371540561776,0.9136773616118685,0.8677245361818987,,,,,0,,0.07839865579824791,1,ai_phishing+account_takeover,social_engineering+access,text_generation+credential_stuffing_automation,0.832,True,synthetic
TXN984070667789,U2769578,2026-08-24 05:44:52,1029.14,USD,card_not_present_online,bank_transfer,MID900272,5541,Fuel / Gas Stations,0.188,DEV91046197,windows_desktop,0.14494274621383343,PK,SG,True,5,True,377.4368061713516,7,2,40.04,235,in_branch,video_verified,thin_file,25.7,261,2,0,0.25495585005260346,0.7782303366113537,True,True,0,1,1,CLUSTER3742,3,1.660625256959468,0.9377356888688488,0.9726967792390874,,,,,0,,0.08552866924922849,1,ai_phishing+account_takeover,social_engineering+access,text_generation+credential_stuffing_automation,0.944,True,synthetic
TXN582947315552,U5222290,2026-08-11 20:44:49,295.06,USD,card_not_present_online,bank_transfer,MID789463,6012,Financial Institutions - Merchandise/Services,0.076,DEV72917125,android_mobile,0.09283136835578268,ID,DE,True,20,False,72.3669724445074,7,1,4.33,769,agent_assisted,unverified,thin_file,68.1,25,2,0,0.39581202188733644,0.9104594277330743,True,False,0,1,2,CLUSTER5247,2,0.4343768916751348,0.7617151375712969,0.9305868167993735,,,,,0,,0.1686804244205705,1,ai_phishing+account_takeover,social_engineering+access,text_generation+credential_stuffing_automation,0.928,True,synthetic
TXN278254436885,U9685954,2026-07-09 00:59:04,899.85,USD,p2p_transfer,credit_card,MID683287,4829,Money Transfer,0.324,DEV13399062,mac_desktop,0.058539041131214484,PK,GB,True,0,True,198.19684749852883,8,0,6.24,602,api_partner_onboarding,unverified,subprime,144.18,201,1,0,0.23581948013214743,0.8277229161782566,True,False,0,1,1,CLUSTER1387,1,2.522514740169771,0.7258529641391442,0.9013776266535878,,,,,0,,0.11150916797096287,1,ai_phishing+account_takeover,social_engineering+access,text_generation+credential_stuffing_automation,0.955,True,synthetic
TXN864065846198,U7921308,2026-06-25 10:56:34,433.5,USD,card_not_present_online,bank_transfer,MID357664,8011,Healthcare,0.063,DEV32656675,android_mobile,0.1419875158695959,ID,AU,True,10,True,209.9191289618702,4,0,3.11,235,in_branch,video_verified,near_prime,184.7,135,1,0,0.806797708864039,0.7582273915434062,True,False,0,1,2,CLUSTER4027,1,1.0586658411494336,0.854540277081957,0.8747760664637613,,,,,0,,0.07454069929478692,1,ai_phishing+account_takeover,social_engineering+access,text_generation+credential_stuffing_automation,0.877,True,synthetic
TXN560305265588,U8007570,2026-07-23 01:24:52,172.52,USD,p2p_transfer,bank_transfer,MID115871,5661,Shoe Stores,0.027,DEV22005328,ios_mobile,0.12044228837914538,NG,JP,True,1,True,551.0016223598122,8,2,1.79,166,api_partner_onboarding,video_verified,subprime,81.83,215,2,0,0.7485451346739551,0.8334623561247788,True,False,0,1,2,CLUSTER3152,3,2.5597579508367083,0.7686520329643043,0.8796243621896039,,,,,0,,0.2682522482416159,1,ai_phishing+account_takeover,social_engineering+access,text_generation+credential_stuffing_automation,0.955,True,synthetic
TXN223796867559,U7971442,2026-06-28 13:32:12,240.28,USD,card_not_present_online,prepaid_card,MID254904,5999,Misc Retail,0.061,DEV29549978,windows_desktop,0.07331609421994742,BD,SG,True,13,True,462.1107835203578,6,0,8.62,891,api_partner_onboarding,in_branch_verified,prime,38.23,287,1,0,0.7163741773695277,0.8171475543533849,True,False,0,1,1,CLUSTER4928,1,1.7168688268965195,0.8987581568322877,0.8881864278039602,,,,,0,,0.28580555943184754,1,ai_phishing+account_takeover,social_engineering+access,text_generation+credential_stuffing_automation,0.903,True,synthetic
TXN117296979543,U5119182,2026-08-09 23:39:24,157.02,USD,card_not_present_online,bank_transfer,MID667994,7011,Hotels / Lodging,0.115,DEV31804529,mac_desktop,0.14458454461328513,NG,GB,True,23,False,516.972451548163,7,1,0.94,850,mobile_app_remote,unverified,subprime,69.49,97,2,0,0.7342778394071033,0.8101761161866183,True,False,1,1,2,CLUSTER4517,3,1.7471432133731213,0.8354102535219995,0.8145210182556969,,,,,0,,0.13427590328560915,1,ai_phishing+account_takeover,social_engineering+access,text_generation+credential_stuffing_automation,0.952,True,synthetic
TXN574442582543,U6723522,2026-08-13 03:03:24,110.96,USD,p2p_transfer,digital_wallet,MID612604,5812,Restaurants,0.056,DEV86455931,windows_desktop,0.1956597428276343,BD,GB,True,3,True,457.58238126398015,3,0,6.12,637,mobile_app_remote,video_verified,prime,32.43,30,1,2,0.7099378393211911,0.964201081455522,False,False,0,1,1,CLUSTER1576,1,1.7680684356038003,0.7235388955532299,0.7912273677761787,,,,,0,,0.1378429055174194,1,ai_phishing+account_takeover,social_engineering+access,text_generation+credential_stuffing_automation,0.921,True,synthetic
TXN493875441735,U7079166,2026-07-25 23:08:28,181.06,USD,p2p_transfer,debit_card,MID761039,5311,Department Stores,0.177,DEV84350297,linux_desktop,0.06512570303974245,EG,SG,True,23,True,135.97457989619065,4,4,18.57,255,mobile_app_remote,in_branch_verified,prime,20.88,141,1,0,0.7778431456053135,0.9034457225846032,True,False,0,1,2,CLUSTER4623,3,0.2642158879737212,0.9369234737392403,0.9767583025605682,,,,,0,,0.17965525749934066,1,ai_phishing+account_takeover,social_engineering+access,text_generation+credential_stuffing_automation,0.925,True,synthetic
TXN701394538233,U8037589,2026-07-09 21:29:00,514.69,USD,p2p_transfer,digital_wallet,MID664261,5311,Department Stores,0.146,DEV78021210,ios_mobile,0.057850610835817634,VN,JP,True,21,True,252.8288144499092,6,1,18.98,833,mobile_app_remote,video_verified,thin_file,27.12,131,1,1,0.2156874862924783,0.7491431974231941,True,False,0,1,2,CLUSTER7183,3,1.949762263621754,0.866867277849201,0.9540941699138091,,,,,0,,0.21897459336687677,1,ai_phishing+account_takeover,social_engineering+access,text_generation+credential_stuffing_automation,0.866,True,synthetic
TXN996387665487,U4927562,2026-06-01 13:28:35,256.83,USD,card_not_present_online,debit_card,MID479645,4829,Money Transfer,0.412,DEV46373659,linux_desktop,0.11271357996292095,ID,JP,True,13,True,244.26696528776566,7,0,16.91,74,mobile_app_remote,basic_document,subprime,15.19,187,2,0,0.3741236468389241,0.7572025798727625,True,False,0,1,2,CLUSTER8120,3,2.712876206237941,0.8241660164687037,0.7961191195623607,,,,,0,,0.07626589699643935,1,ai_phishing+account_takeover,social_engineering+access,text_generation+credential_stuffing_automation,0.89,True,synthetic
TXN336853403838,U9026796,2026-07-13 17:22:26,783.81,USD,p2p_transfer,digital_wallet,MID261028,6300,Insurance,0.126,DEV26494474,android_mobile,0.09376470012163422,BD,AU,True,17,True,43.32580640690445,6,2,22.99,100,api_partner_onboarding,basic_document,near_prime,34.1,214,2,0,0.34672227030198144,0.7793201248277559,True,True,0,1,2,CLUSTER6508,1,2.7331974764592095,0.7059832305900829,0.8472851350727756,,,,,0,,0.16897880343772081,1,ai_phishing+account_takeover,social_engineering+access,text_generation+credential_stuffing_automation,0.974,True,synthetic
TXN891488681217,U3421805,2026-08-03 12:17:54,305.03,USD,card_not_present_online,upi,MID434045,5999,Misc Retail,0.31,DEV15647548,windows_desktop,0.029008998743160257,RU,DE,True,12,True,514.3850096695969,8,0,17.66,521,web_remote,basic_document,near_prime,59.15,287,1,0,0.7290070799037954,0.9436005276586635,True,False,0,1,2,CLUSTER5587,2,0.5577100708461922,0.8088926165107886,0.9638998598824031,,,,,0,,0.2723909845969847,1,ai_phishing+account_takeover,social_engineering+access,text_generation+credential_stuffing_automation,0.884,True,synthetic
TXN172245049926,U7612830,2026-07-01 21:41:28,195.0,USD,card_not_present_online,upi,MID586254,5311,Department Stores,0.1,DEV94725068,linux_desktop,0.17512957295700216,PK,DE,True,21,False,501.3047246699305,4,2,8.78,737,agent_assisted,in_branch_verified,near_prime,35.28,297,2,0,0.8374055638606323,0.8513222847576172,True,False,0,1,2,CLUSTER4659,2,1.703163845826221,0.9337176410950478,0.8124513675052073,,,,,0,,0.19802506441120005,1,ai_phishing+account_takeover,social_engineering+access,text_generation+credential_stuffing_automation,0.974,True,synthetic
TXN908778100507,U2081035,2026-07-25 21:48:25,503.31,USD,card_not_present_online,upi,MID273118,5732,Electronics Stores,0.053,DEV45275761,android_mobile,0.17081627991404083,EG,AU,True,21,True,481.67091558939285,7,0,8.87,215,agent_assisted,unverified,subprime,56.76,155,2,1,0.23616338875146092,0.7990981513208643,True,False,0,1,2,CLUSTER4714,2,2.987262255699987,0.8132885749992846,0.975055465755202,,,,,0,,0.04084036404994945,1,ai_phishing+account_takeover,social_engineering+access,text_generation+credential_stuffing_automation,0.967,True,synthetic
TXN191122482304,U8491236,2026-06-24 09:26:16,270.03,USD,p2p_transfer,upi,MID998224,5541,Fuel / Gas Stations,0.239,DEV13586495,ios_mobile,0.11430606741446814,VN,SG,True,9,False,307.9482252559248,3,1,2.89,602,in_branch,in_branch_verified,near_prime,154.24,277,2,1,0.8039413970621732,0.921041703254811,True,False,0,1,1,CLUSTER8378,3,0.14330580322799635,0.823061909722914,0.9469736385517707,,,,,0,,0.1594718756129301,1,ai_phishing+account_takeover,social_engineering+access,text_generation+credential_stuffing_automation,0.826,True,synthetic
TXN918144068981,U3879206,2026-08-11 02:49:42,403.5,USD,card_not_present_online,upi,MID873242,5661,Shoe Stores,0.066,DEV56084025,linux_desktop,0.12544346119801975,PK,SE,True,2,False,417.1135477440962,3,2,9.89,456,mobile_app_remote,in_branch_verified,super_prime,32.1,25,1,0,0.612963222045263,0.8558895867083989,True,False,0,1,1,CLUSTER7026,1,1.1393918808864059,0.7428795865700892,0.8234714185717732,,,,,0,,0.07995637550141475,1,ai_phishing+account_takeover,social_engineering+access,text_generation+credential_stuffing_automation,0.954,True,synthetic
TXN367646694349,U1935941,2026-08-14 06:11:54,169.44,USD,card_not_present_online,bank_transfer,MID173982,6012,Financial Institutions - Merchandise/Services,0.051,DEV57681129,ios_mobile,0.09023316437290368,ID,GB,True,6,False,114.99714302704176,5,1,4.98,714,agent_assisted,in_branch_verified,near_prime,34.0,255,1,1,0.3125476221108225,0.932549877301675,True,False,0,1,1,CLUSTER9184,1,0.03130865192592891,0.9553415211887798,0.8494500240844296,,,,,0,,0.10032445022673993,1,ai_phishing+account_takeover,social_engineering+access,text_generation+credential_stuffing_automation,0.874,True,synthetic
TXN884697342455,U7912410,2026-07-29 09:12:47,83.41,USD,card_not_present_online,digital_wallet,MID291908,5812,Restaurants,0.173,DEV11407381,ios_mobile,0.12792452143481547,VN,US,True,9,True,322.17911596030183,7,0,3.32,639,web_remote,video_verified,near_prime,70.04,65,1,0,0.5769690740877175,0.9360176607076697,True,False,1,1,2,CLUSTER6918,3,1.5090339384424094,0.7436205294711716,0.9249053817207353,,,,,0,,0.11422645550555749,1,ai_phishing+account_takeover,social_engineering+access,text_generation+credential_stuffing_automation,0.866,True,synthetic
TXN981475836186,U2474973,2026-08-23 21:15:28,383.42,USD,p2p_transfer,upi,MID111451,6300,Insurance,0.181,DEV44876766,linux_desktop,0.04654773917661398,ID,SG,True,21,True,228.43804163231619,8,2,5.89,77,web_remote,basic_document,subprime,65.05,181,2,0,0.3388995227479298,0.9476011590407917,True,False,0,1,2,CLUSTER8445,3,0.6840163272319397,0.9106096669530314,0.7652163604018264,,,,,0,,0.2980470756086505,1,ai_phishing+account_takeover,social_engineering+access,text_generation+credential_stuffing_automation,0.861,True,synthetic
TXN462195143630,U0273419,2026-06-20 06:02:52,167.58,USD,p2p_transfer,prepaid_card,MID228181,7011,Hotels / Lodging,0.577,DEV37480289,mac_desktop,0.10301702330090332,NG,DE,True,6,False,353.2174160062594,6,1,13.65,896,api_partner_onboarding,in_branch_verified,subprime,49.81,195,2,0,0.5967848963203166,0.8732568117488235,True,True,0,1,2,CLUSTER3792,2,0.7230974295274705,0.8417159344733812,0.767139701562008,,,,,0,,0.27157915937337473,1,ai_phishing+account_takeover,social_engineering+access,text_generation+credential_stuffing_automation,0.896,True,synthetic
TXN245399419564,U1415303,2026-07-03 08:43:16,504.99,USD,p2p_transfer,upi,MID388584,5967,Direct Marketing / Adult,0.242,DEV36218184,windows_desktop,0.050364617520304016,PK,DE,True,8,True,512.1379780862712,5,0,25.38,390,mobile_app_remote,unverified,near_prime,19.9,165,2,0,0.14253937735976785,0.8187839522905555,True,False,0,1,2,CLUSTER4005,1,1.0745338638843074,0.9347806146017097,0.8309520828992515,,,,,0,,0.12162286749650474,1,ai_phishing+account_takeover,social_engineering+access,text_generation+credential_stuffing_automation,0.908,True,synthetic
TXN589538311347,U6976215,2026-07-13 09:01:06,152.33,USD,card_not_present_online,bank_transfer,MID689894,5921,Liquor Stores,0.062,DEV36383528,windows_desktop,0.13052519937468998,VN,AU,True,9,False,244.15271988753776,6,3,89.25,883,web_remote,basic_document,near_prime,14.0,159,1,0,0.6019245331429905,0.7641712370958686,True,False,0,1,2,CLUSTER2890,3,0.6196273721259046,0.8868347260354816,0.7715444607284676,,,,,0,,0.20062612918363573,1,ai_phishing+account_takeover,social_engineering+access,text_generation+credential_stuffing_automation,0.931,True,synthetic
TXN656219385259,U6179042,2026-08-29 23:03:52,215.11,USD,p2p_transfer,prepaid_card,MID796728,5691,Apparel,0.317,DEV55237501,mac_desktop,0.03177043796499694,ID,SG,True,23,False,542.374979737235,5,2,14.5,200,api_partner_onboarding,video_verified,super_prime,11.85,171,1,0,0.6393970148054049,0.7083000320846838,True,False,0,1,2,CLUSTER1643,3,2.1563624951952183,0.8368910472619465,0.8249449758053937,,,,,0,,0.12730778562976677,1,ai_phishing+account_takeover,social_engineering+access,text_generation+credential_stuffing_automation,0.962,True,synthetic
TXN201871518817,U3550733,2026-08-15 21:16:05,265.09,USD,card_not_present_online,bank_transfer,MID558890,8011,Healthcare,0.15,DEV97800682,android_mobile,0.13153804878000425,PK,SG,True,21,True,141.2367130661366,6,4,6.76,437,in_branch,in_branch_verified,prime,33.57,128,1,0,0.8363878618076559,0.9010219329643626,True,True,0,1,2,CLUSTER2034,1,2.0566955273871574,0.8970073598400323,0.9060991074908222,,,,,0,,0.1529053640326357,1,ai_phishing+account_takeover,social_engineering+access,text_generation+credential_stuffing_automation,0.941,True,synthetic
TXN848979268623,U7921112,2026-08-16 22:44:21,93.8,USD,card_not_present_online,digital_wallet,MID322971,5661,Shoe Stores,0.166,DEV22979044,mac_desktop,0.1893024185045212,PK,US,True,22,False,438.9708616302105,5,2,9.51,504,web_remote,unverified,prime,48.73,285,2,0,0.7519352839965313,0.7992617259941742,True,False,0,1,1,CLUSTER5215,3,1.6330249403568904,0.7448442471556905,0.8908543644597876,,,,,0,,0.16496884756517374,1,ai_phishing+account_takeover,social_engineering+access,text_generation+credential_stuffing_automation,0.926,True,synthetic
TXN679085876098,U5553803,2026-08-05 05:54:42,170.4,USD,p2p_transfer,digital_wallet,MID750803,5812,Restaurants,0.207,DEV73414026,android_mobile,0.1637684779547231,NG,US,True,5,True,332.5399372704788,3,2,7.93,582,api_partner_onboarding,in_branch_verified,thin_file,39.18,12,2,0,0.7073804791406464,0.742574050151521,False,False,0,1,2,CLUSTER3849,3,2.7678577596962355,0.9392107377871431,0.7746461826925747,,,,,0,,0.2511928802649711,1,ai_phishing+account_takeover,social_engineering+access,text_generation+credential_stuffing_automation,0.891,True,synthetic
TXN498460980419,U3805160,2026-08-03 14:59:44,190.97,USD,p2p_transfer,upi,MID942940,5411,Grocery Stores,0.11,DEV11699091,linux_desktop,0.048863919199121905,EG,AU,True,14,True,412.4751498451849,8,1,4.78,373,api_partner_onboarding,in_branch_verified,near_prime,77.8,136,1,0,0.7335051160325405,0.8896370454858624,True,True,0,1,2,CLUSTER2852,2,2.4119398154820457,0.810051491749384,0.9512929556058207,,,,,0,,0.17611698292319963,1,ai_phishing+account_takeover,social_engineering+access,text_generation+credential_stuffing_automation,0.925,True,synthetic
TXN544674781733,U1139273,2026-08-22 07:11:55,285.8,USD,card_not_present_online,bank_transfer,MID626423,5967,Direct Marketing / Adult,0.088,DEV54386832,android_mobile,0.14218691399244723,ID,AU,True,7,True,595.6629385407186,8,1,19.34,412,agent_assisted,in_branch_verified,prime,13.23,276,2,1,0.7640718050631706,0.7869146085181941,True,False,0,1,1,CLUSTER3172,3,2.7282080969469993,0.7810507350298628,0.9529885710665564,,,,,0,,0.09456111543517356,1,ai_phishing+account_takeover,social_engineering+access,text_generation+credential_stuffing_automation,0.896,True,synthetic
TXN965789413282,U7235958,2026-06-22 20:24:20,381.32,USD,card_not_present_online,prepaid_card,MID585794,4829,Money Transfer,0.206,DEV14181951,mac_desktop,0.15781144629128044,NG,AU,True,20,False,353.2417602617443,6,1,15.42,477,mobile_app_remote,video_verified,subprime,38.13,60,2,1,0.7154063909901602,0.9687912843497433,True,True,0,1,2,CLUSTER8799,2,2.183553938543668,0.8202014098023036,0.7977095414481112,,,,,0,,0.05975983381359194,1,ai_phishing+account_takeover,social_engineering+access,text_generation+credential_stuffing_automation,0.911,True,synthetic
TXN670262937794,U3814228,2026-07-03 16:16:04,314.08,USD,p2p_transfer,credit_card,MID928506,5967,Direct Marketing / Adult,0.419,DEV76173588,ios_mobile,0.0942487266547124,ID,SG,True,16,False,325.95294706506,6,0,5.22,198,agent_assisted,video_verified,subprime,77.62,180,2,0,0.5761169266757651,0.8835019086788293,True,False,1,1,2,CLUSTER1255,3,0.3642513520604751,0.8508328715546665,0.7871340862153561,,,,,0,,0.06229130901785644,1,ai_phishing+account_takeover,social_engineering+access,text_generation+credential_stuffing_automation,0.931,True,synthetic
TXN906300209268,U3341997,2026-07-23 08:06:53,189.51,USD,card_not_present_online,bank_transfer,MID329476,7995,Betting / Gambling,0.239,DEV91595028,ios_mobile,0.0986458169008538,PK,SE,True,8,True,91.90430799680186,6,1,21.46,852,agent_assisted,in_branch_verified,super_prime,21.41,92,1,0,0.7557137450831142,0.9303288435775019,False,False,0,1,2,CLUSTER3896,1,1.9523753498078613,0.8748266460483322,0.8822694144968042,,,,,0,,0.17679179163095193,1,ai_phishing+account_takeover,social_engineering+access,text_generation+credential_stuffing_automation,0.889,True,synthetic
TXN609527075996,U4710410,2026-06-24 05:26:44,262.88,USD,card_not_present_online,prepaid_card,MID210520,4899,Cable / Streaming Services,0.345,DEV14527226,ios_mobile,0.03774515671062591,BD,GB,True,5,False,397.0724843385603,4,0,9.96,380,api_partner_onboarding,basic_document,prime,41.82,266,1,0,0.7912665995837579,0.89814413265977,False,True,0,1,1,CLUSTER7819,2,1.609667691216602,0.8323978947105422,0.7996312835076579,,,,,0,,0.27276774484840355,1,ai_phishing+account_takeover,social_engineering+access,text_generation+credential_stuffing_automation,0.941,True,synthetic
TXN472544148810,U0985091,2026-08-15 22:01:32,122.76,USD,p2p_transfer,digital_wallet,MID546216,5411,Grocery Stores,0.057,DEV74164198,windows_desktop,0.14255687266449696,NG,US,True,22,True,443.6051828794466,4,4,6.3,436,api_partner_onboarding,basic_document,subprime,19.49,266,1,2,0.21071061058655755,0.7988058024930174,True,True,0,1,1,CLUSTER4601,3,0.23772760979124907,0.8689335377083984,0.7908019702151416,,,,,0,,0.14086118855893007,1,ai_phishing+account_takeover,social_engineering+access,text_generation+credential_stuffing_automation,0.974,True,synthetic
TXN684681699614,U0596821,2026-06-09 00:05:24,187.62,USD,p2p_transfer,prepaid_card,MID280447,5411,Grocery Stores,0.151,DEV70516079,ios_mobile,0.14164687898219286,RU,US,True,0,False,489.2110451954299,5,1,8.43,756,web_remote,in_branch_verified,subprime,20.66,210,2,0,0.7623364037613838,0.7537730636461816,True,False,1,1,2,CLUSTER7778,3,1.2942867862497027,0.7084961728436754,0.9791627967104494,,,,,0,,0.2403491263466819,1,ai_phishing+account_takeover,social_engineering+access,text_generation+credential_stuffing_automation,0.934,True,synthetic
TXN647693372837,U4801011,2026-06-04 14:36:41,183.21,USD,p2p_transfer,bank_transfer,MID768232,6012,Financial Institutions - Merchandise/Services,0.353,DEV94180170,linux_desktop,0.0880133779155825,ID,US,True,14,True,36.4180667449128,6,0,4.88,800,in_branch,unverified,subprime,61.47,162,2,1,0.745538982265743,0.849474949342529,True,False,0,1,1,CLUSTER6197,2,2.1427424774436052,0.8456846496764423,0.8557408735378241,,,,,0,,0.010378121550065622,1,ai_phishing+account_takeover,social_engineering+access,text_generation+credential_stuffing_automation,0.941,True,synthetic
TXN714168376461,U8287077,2026-08-21 10:00:19,262.37,USD,card_not_present_online,bank_transfer,MID750255,5691,Apparel,0.211,DEV18331117,ios_mobile,0.068240749820327,PK,US,True,10,True,556.6611449284537,4,1,1.98,642,agent_assisted,basic_document,super_prime,132.63,131,2,1,0.19333956882379083,0.7598742422625832,False,True,0,1,2,CLUSTER9042,1,2.1237151689481846,0.7950434636697065,0.8563574853244956,,,,,0,,0.0260228988493043,1,ai_phishing+account_takeover,social_engineering+access,text_generation+credential_stuffing_automation,0.866,True,synthetic
TXN165483031343,U0507789,2026-08-06 00:11:45,318.25,USD,p2p_transfer,credit_card,MID666833,4899,Cable / Streaming Services,0.197,DEV69038007,android_mobile,0.11727232134908651,ID,CA,True,0,False,97.8343576798422,8,4,5.05,270,api_partner_onboarding,video_verified,prime,62.96,46,1,0,0.38123726563610993,0.8359342519408443,True,True,0,1,1,CLUSTER6346,3,1.1758073085011986,0.9368891750037497,0.8403770034998167,,,,,0,,0.030858172024057284,1,ai_phishing+account_takeover,social_engineering+access,text_generation+credential_stuffing_automation,0.913,True,synthetic
TXN698135832483,U2712432,2026-07-23 07:58:52,151.27,USD,card_not_present_online,debit_card,MID778354,5967,Direct Marketing / Adult,0.093,DEV26355929,android_mobile,0.094651261072619,RU,AU,True,7,False,55.695719288425536,2,0,11.31,806,mobile_app_remote,video_verified,thin_file,13.38,157,1,0,0.5909777277282909,0.9140646078340802,True,True,0,1,2,CLUSTER7348,1,1.025798490072462,0.9120145093032159,0.97812436563744,,,,,0,,0.28531857973612557,1,ai_phishing+account_takeover,social_engineering+access,text_generation+credential_stuffing_automation,0.965,True,synthetic
TXN380918781385,U7736512,2026-06-26 20:21:18,684.79,USD,p2p_transfer,prepaid_card,MID604382,4829,Money Transfer,0.24,DEV83143012,windows_desktop,0.10084085080470401,EG,GB,True,20,False,185.46398988939245,5,0,9.47,613,mobile_app_remote,basic_document,thin_file,25.59,73,1,0,0.7413522132293731,0.9417828820022836,True,False,0,1,1,CLUSTER1041,2,0.990401550999149,0.8033700134862526,0.8836729370493728,,,,,0,,0.06215168631383385,1,ai_phishing+account_takeover,social_engineering+access,text_generation+credential_stuffing_automation,0.912,True,synthetic
TXN306184735084,U6783867,2026-08-01 10:30:55,200.76,USD,card_not_present_online,bank_transfer,MID123084,5812,Restaurants,0.461,DEV33207953,ios_mobile,0.0611649986830812,NG,CA,True,10,True,269.32514463643906,4,0,6.31,230,web_remote,unverified,thin_file,31.81,39,1,0,0.10588951765071021,0.7190250330993518,True,False,0,1,2,CLUSTER1968,1,2.579290084726056,0.8657942224543222,0.958493481160061,,,,,0,,0.19093676147261585,1,ai_phishing+account_takeover,social_engineering+access,text_generation+credential_stuffing_automation,0.895,True,synthetic
TXN924931628411,U7298456,2026-06-04 17:28:39,295.75,USD,p2p_transfer,upi,MID676147,5732,Electronics Stores,0.069,DEV29600472,mac_desktop,0.10182251385320236,ID,SE,True,17,False,51.044253667539785,7,1,10.93,253,mobile_app_remote,video_verified,subprime,27.05,271,1,0,0.36112068529459773,0.9432053479749072,False,False,0,1,1,CLUSTER9432,2,1.5385104130967326,0.7666902471698926,0.8393423336220329,,,,,0,,0.14465331885843233,1,ai_phishing+account_takeover,social_engineering+access,text_generation+credential_stuffing_automation,0.841,True,synthetic
TXN249063088601,U8160322,2026-08-10 07:35:50,329.48,USD,card_not_present_online,prepaid_card,MID476940,5732,Electronics Stores,0.377,DEV25618463,ios_mobile,0.16490589343308296,PK,AU,True,7,False,202.39631938624387,2,0,11.39,498,api_partner_onboarding,unverified,super_prime,28.93,112,2,0,0.15380010718208162,0.969501712588703,True,True,0,1,2,CLUSTER5816,1,1.3054572805004265,0.7592975842304824,0.8840887630089607,,,,,0,,0.2815685496776011,1,ai_phishing+account_takeover,social_engineering+access,text_generation+credential_stuffing_automation,0.882,True,synthetic
TXN157905503341,U8667947,2026-06-28 00:30:36,261.53,USD,p2p_transfer,credit_card,MID872410,4722,Travel Agencies,0.378,DEV92910871,ios_mobile,0.061856512698010124,BD,DE,True,0,False,151.4247497091925,5,3,2.15,671,in_branch,unverified,near_prime,150.23,226,1,0,0.7056277813311584,0.7813295751401894,True,False,0,1,1,CLUSTER7977,2,2.4005443979324124,0.8249836059845513,0.8566572685197036,,,,,0,,0.06479472946677757,1,ai_phishing+account_takeover,social_engineering+access,text_generation+credential_stuffing_automation,0.938,True,synthetic
TXN134864850615,U2440539,2026-07-12 02:45:01,258.78,USD,card_not_present_online,credit_card,MID236258,7995,Betting / Gambling,0.255,DEV39412584,android_mobile,0.16820208404448445,VN,NL,True,2,False,212.22930310478063,3,1,13.06,682,api_partner_onboarding,in_branch_verified,subprime,19.82,246,1,0,0.2429520499886942,0.7056020859896482,True,True,0,1,1,CLUSTER5949,3,2.084899654949699,0.9062070752586427,0.82190842016072,,,,,0,,0.14336757784650508,1,ai_phishing+account_takeover,social_engineering+access,text_generation+credential_stuffing_automation,0.911,True,synthetic
TXN174015684418,U0625242,2026-08-12 05:26:45,327.43,USD,card_not_present_online,digital_wallet,MID104858,5941,Sporting Goods,0.095,DEV56140094,windows_desktop,0.17749104329720394,VN,NL,True,5,True,140.9161912883195,2,3,7.24,366,api_partner_onboarding,video_verified,thin_file,28.23,165,2,0,0.7677422211039964,0.7273482833289918,True,False,0,1,2,CLUSTER3944,2,0.7517166008082752,0.9187879289161094,0.9455211603614255,,,,,0,,0.20998633229349925,1,ai_phishing+account_takeover,social_engineering+access,text_generation+credential_stuffing_automation,0.89,True,synthetic
TXN372701225158,U2076414,2026-07-17 00:07:36,375.78,USD,p2p_transfer,digital_wallet,MID283875,4829,Money Transfer,0.031,DEV88243427,ios_mobile,0.10211893105733652,RU,SE,True,0,False,164.33982363862518,4,1,18.38,843,web_remote,basic_document,near_prime,20.45,80,1,1,0.1825084012055739,0.9665772450011119,True,False,0,1,2,CLUSTER8003,1,2.462993934677631,0.87110347239703,0.7653690676796804,,,,,0,,0.2593994058477508,1,ai_phishing+account_takeover,social_engineering+access,text_generation+credential_stuffing_automation,0.881,True,synthetic
TXN332081248741,U5019685,2026-06-07 05:24:03,243.5,USD,card_not_present_online,upi,MID848232,6051,Crypto / Digital Currency,0.221,DEV10670478,linux_desktop,0.062235826263703956,ID,SG,True,5,False,258.7964700007997,8,4,24.35,833,mobile_app_remote,basic_document,near_prime,5.99,163,2,0,0.10478745420461948,0.9355616507474253,True,False,1,1,2,CLUSTER2589,3,1.7080707854144697,0.9340760876940861,0.7959409966165875,,,,,0,,0.2633884218359571,1,ai_phishing+account_takeover,social_engineering+access,text_generation+credential_stuffing_automation,0.872,True,synthetic
TXN264605923465,U3077541,2026-08-21 13:08:50,278.88,USD,card_not_present_online,upi,MID375811,5967,Direct Marketing / Adult,0.098,DEV81804981,windows_desktop,0.025784067689589275,PK,DE,True,13,False,448.63605638682935,7,1,16.29,525,in_branch,in_branch_verified,near_prime,17.12,283,1,0,0.21846083545435924,0.9360470311032826,True,True,0,1,1,CLUSTER9336,3,0.7110628183904277,0.9538511096756102,0.7616419265952191,,,,,0,,0.2504831569225952,1,ai_phishing+account_takeover,social_engineering+access,text_generation+credential_stuffing_automation,0.971,True,synthetic
TXN330746359317,U3318426,2026-06-24 15:27:11,110.68,USD,card_not_present_online,upi,MID793298,6011,ATM / Cash Disbursement,0.351,DEV77457760,linux_desktop,0.06447604488452928,RU,SG,True,15,False,573.7378506237119,4,1,30.11,464,web_remote,unverified,near_prime,4.85,233,2,0,0.7594436128815651,0.9565607960950627,True,False,0,1,1,CLUSTER3319,1,1.6431100251747561,0.9500667997612056,0.7656288952436536,,,,,0,,0.209900301451139,1,ai_phishing+account_takeover,social_engineering+access,text_generation+credential_stuffing_automation,0.901,True,synthetic
TXN395178172983,U3708657,2026-07-10 20:17:04,417.05,USD,card_not_present_online,debit_card,MID518097,4111,Transit / Transportation,0.292,DEV60556537,mac_desktop,0.11456643579302633,BD,CA,True,20,True,72.51230659463742,7,1,29.83,839,web_remote,unverified,subprime,13.98,157,2,0,0.37434962222362766,0.7058930292537114,True,False,0,1,1,CLUSTER3653,2,2.7963161664982312,0.7739010696021426,0.8522409702979601,,,,,0,,0.17924297408988502,1,ai_phishing+account_takeover,social_engineering+access,text_generation+credential_stuffing_automation,0.891,True,synthetic
TXN345959616332,U0569350,2026-08-04 17:56:27,366.34,USD,p2p_transfer,debit_card,MID979220,4899,Cable / Streaming Services,0.134,DEV55355821,android_mobile,0.07643582556306264,ID,DE,True,17,False,599.6462235044459,8,0,3.35,898,agent_assisted,basic_document,thin_file,68.06,12,1,1,0.841193074002734,0.8008837736058583,True,False,0,1,1,CLUSTER8342,1,2.330057012326345,0.8496644431935151,0.8783041418511088,,,,,0,,0.2232994098815473,1,ai_phishing+account_takeover,social_engineering+access,text_generation+credential_stuffing_automation,0.93,True,synthetic
TXN321292762415,U8387609,2026-07-10 10:24:46,307.91,USD,card_not_present_online,bank_transfer,MID945588,5941,Sporting Goods,0.086,DEV73229110,ios_mobile,0.13964832635476832,VN,GB,True,10,False,377.7546038099064,2,1,8.19,674,agent_assisted,basic_document,near_prime,37.58,75,2,0,0.19489801135152726,0.8034885191875708,True,False,0,1,2,CLUSTER1392,1,0.934059115068582,0.8328591199826789,0.8566136665968191,,,,,0,,0.21724077860063387,1,ai_phishing+account_takeover,social_engineering+access,text_generation+credential_stuffing_automation,0.935,True,synthetic
TXN561180073034,U3495112,2026-07-21 15:17:20,310.06,USD,card_not_present_online,upi,MID599569,7995,Betting / Gambling,0.328,DEV20332019,linux_desktop,0.07757202573643712,NG,AU,True,15,True,395.5567634295455,8,2,4.66,641,in_branch,unverified,prime,48.62,164,2,1,0.7246809513194643,0.797245303134524,True,False,0,1,1,CLUSTER9099,1,1.3267185403292645,0.9495078829700603,0.7515819593828577,,,,,0,,0.20299910329702506,1,ai_phishing+account_takeover,social_engineering+access,text_generation+credential_stuffing_automation,0.924,True,synthetic
TXN581486592579,U9297339,2026-06-04 18:37:46,149.63,USD,p2p_transfer,bank_transfer,MID797943,5812,Restaurants,0.076,DEV75972869,ios_mobile,0.15672341164730874,BD,US,True,18,True,326.4818263930507,4,2,7.09,171,web_remote,unverified,near_prime,25.24,27,1,0,0.8027834100441754,0.7793985497856659,False,True,0,1,1,CLUSTER1022,1,0.5342091547079222,0.8289354936377685,0.7883395146083302,,,,,0,,0.16434136457816462,1,ai_phishing+account_takeover,social_engineering+access,text_generation+credential_stuffing_automation,0.95,True,synthetic
TXN665156111830,U9882820,2026-06-29 00:49:01,217.71,USD,card_not_present_online,bank_transfer,MID785780,6012,Financial Institutions - Merchandise/Services,0.023,DEV18333453,linux_desktop,0.08798952289702046,VN,AU,True,0,True,165.7259246818036,5,0,16.81,839,agent_assisted,in_branch_verified,near_prime,12.26,15,1,0,0.5611379982130789,0.7507239422437382,False,False,0,1,2,CLUSTER7356,3,0.29087506910755845,0.9587258147598521,0.8521874530217475,,,,,0,,0.10908107439741184,1,ai_phishing+account_takeover,social_engineering+access,text_generation+credential_stuffing_automation,0.964,True,synthetic
TXN898699439909,U0389827,2026-06-18 08:15:21,882.5,USD,p2p_transfer,upi,MID572533,5691,Apparel,0.328,DEV30138288,linux_desktop,0.10371741995073416,EG,JP,True,8,False,508.67170634542896,7,0,18.66,77,api_partner_onboarding,video_verified,subprime,47.29,179,2,1,0.1019901631617054,0.7336788365055236,True,False,0,1,2,CLUSTER5717,3,2.4441603225393473,0.9509516233562423,0.7868291852758073,,,,,0,,0.2835977101919176,1,ai_phishing+account_takeover,social_engineering+access,text_generation+credential_stuffing_automation,0.97,True,synthetic
TXN299035100301,U9938917,2026-06-09 10:25:35,350.78,USD,p2p_transfer,debit_card,MID947105,5967,Direct Marketing / Adult,0.287,DEV99546179,windows_desktop,0.15043525471298472,BD,JP,True,10,False,243.11018196144337,6,3,7.58,694,in_branch,in_branch_verified,subprime,74.46,197,1,1,0.7140002320626846,0.9056511817717877,True,False,0,1,2,CLUSTER2813,2,0.8090312366163397,0.8372811092318889,0.8147218073788183,,,,,0,,0.1956049415229875,1,ai_phishing+account_takeover,social_engineering+access,text_generation+credential_stuffing_automation,0.9,True,synthetic
TXN801950346662,U7039428,2026-07-21 00:59:57,241.34,USD,p2p_transfer,prepaid_card,MID183819,5964,Direct Marketing / Catalog,0.212,DEV60318054,windows_desktop,0.16645094272708408,PK,DE,True,0,False,501.46398463051025,4,1,5.07,373,mobile_app_remote,in_branch_verified,subprime,47.61,90,2,0,0.27289832287408,0.9013179762333643,True,False,0,1,2,CLUSTER6930,1,0.726769955557578,0.8920532681930885,0.8750519120295187,,,,,0,,0.09354029376716717,1,ai_phishing+account_takeover,social_engineering+access,text_generation+credential_stuffing_automation,0.979,True,synthetic
TXN444807445327,U6042254,2026-06-06 05:46:34,194.56,USD,p2p_transfer,digital_wallet,MID208945,6051,Crypto / Digital Currency,0.337,DEV85081393,mac_desktop,0.09495951477349983,RU,AU,True,5,False,310.14641854070135,2,2,2.03,775,web_remote,unverified,prime,187.54,227,2,0,0.7887693932202017,0.7597025260314487,True,False,0,1,2,CLUSTER1501,1,1.2461201881164952,0.8583030115713389,0.9236970260414186,,,,,0,,0.2909846380761077,1,ai_phishing+account_takeover,social_engineering+access,text_generation+credential_stuffing_automation,0.881,True,synthetic
TXN170071663539,U8150360,2026-07-19 20:02:39,323.13,USD,p2p_transfer,bank_transfer,MID849470,5691,Apparel,0.516,DEV91281058,android_mobile,0.12470891401831487,EG,GB,True,20,True,514.6435314409691,8,1,12.53,257,mobile_app_remote,in_branch_verified,subprime,50.8,191,2,0,0.8430336029950256,0.9740212389125174,True,False,0,1,2,CLUSTER8215,1,1.3122681947013497,0.7844291560748393,0.900573004863791,,,,,0,,0.2843623435806663,1,ai_phishing+account_takeover,social_engineering+access,text_generation+credential_stuffing_automation,0.902,True,synthetic
TXN682774028428,U5904174,2026-08-11 03:16:29,333.01,USD,card_not_present_online,debit_card,MID270397,5967,Direct Marketing / Adult,0.044,DEV56984285,windows_desktop,0.11026898191435366,NG,CA,True,3,False,279.1249056742797,5,2,5.39,416,in_branch,unverified,near_prime,61.83,96,2,1,0.3186159952724441,0.8764432732073028,True,False,0,1,1,CLUSTER4636,3,0.23924078938911564,0.7364806158480759,0.8345926850201779,,,,,0,,0.017581688674034,1,ai_phishing+account_takeover,social_engineering+access,text_generation+credential_stuffing_automation,0.855,True,synthetic
TXN668583160908,U3158706,2026-06-18 14:54:19,656.36,USD,card_not_present_online,digital_wallet,MID636954,6011,ATM / Cash Disbursement,0.104,DEV41783935,android_mobile,0.0765847332916444,BD,DE,True,14,False,196.91053479411568,3,0,13.35,723,web_remote,in_branch_verified,near_prime,49.18,131,2,0,0.1563203238835914,0.7870652053940225,False,False,0,1,2,CLUSTER6234,2,2.3613385907536277,0.7720005932405715,0.9322615208427603,,,,,0,,0.15532254588246816,1,ai_phishing+account_takeover,social_engineering+access,text_generation+credential_stuffing_automation,0.934,True,synthetic
TXN246741465236,U9622228,2026-08-10 21:00:42,159.32,USD,p2p_transfer,upi,MID867095,8299,Educational Services,0.328,DEV33842027,android_mobile,0.08443918931535947,NG,DE,True,21,True,214.91153720565723,2,3,7.0,741,api_partner_onboarding,unverified,prime,67.21,270,1,0,0.5982684447224109,0.8530465829515294,True,False,0,1,2,CLUSTER6864,2,1.1937178823239365,0.9220586940471344,0.9593527916065026,,,,,0,,0.0036224971872865883,1,ai_phishing+account_takeover,social_engineering+access,text_generation+credential_stuffing_automation,0.957,True,synthetic
TXN256404587813,U7131962,2026-06-09 02:32:05,232.93,USD,card_not_present_online,upi,MID427027,6011,ATM / Cash Disbursement,0.298,DEV88365794,android_mobile,0.06825237778161755,NG,AU,True,2,False,491.02957851724415,7,0,8.62,660,mobile_app_remote,video_verified,prime,36.89,114,1,0,0.6071100991276593,0.7048227744943736,True,True,0,1,1,CLUSTER2945,2,1.555458415779631,0.7255751375296345,0.7710593301715787,,,,,0,,0.16159709645185003,1,ai_phishing+account_takeover,social_engineering+access,text_generation+credential_stuffing_automation,0.896,True,synthetic
TXN989510668716,U9364188,2026-06-15 08:45:57,560.57,USD,p2p_transfer,credit_card,MID679319,5941,Sporting Goods,0.133,DEV58688857,mac_desktop,0.026938987886037723,EG,SG,True,8,True,228.3851497567078,4,0,9.6,355,api_partner_onboarding,in_branch_verified,subprime,58.37,16,1,1,0.3584911706477326,0.7104081592587672,True,False,0,1,2,CLUSTER7871,2,1.145653287624618,0.7193184799390134,0.877227254906154,,,,,0,,0.22412071267476233,1,ai_phishing+account_takeover,social_engineering+access,text_generation+credential_stuffing_automation,0.944,True,synthetic
TXN463822829086,U5250113,2026-07-01 17:33:45,285.42,USD,card_not_present_online,prepaid_card,MID105004,7011,Hotels / Lodging,0.232,DEV50327767,android_mobile,0.167994872651455,VN,AU,True,17,False,550.3719698474306,4,0,6.91,261,in_branch,unverified,near_prime,41.28,78,2,0,0.32579012677950336,0.7436830858741161,True,False,0,1,2,CLUSTER8220,3,0.37812554497118334,0.7981425178484762,0.828917570682263,,,,,0,,0.08790773697246375,1,ai_phishing+account_takeover,social_engineering+access,text_generation+credential_stuffing_automation,0.959,True,synthetic
TXN225045337812,U5055347,2026-06-25 10:30:26,406.08,USD,p2p_transfer,upi,MID331474,4829,Money Transfer,0.511,DEV98475922,android_mobile,0.1905512254790516,RU,JP,True,10,False,342.1469753522067,2,1,8.38,623,web_remote,unverified,thin_file,48.48,147,2,1,0.25996169449760387,0.7356281852919982,True,False,0,1,1,CLUSTER7885,3,1.9347006023119984,0.8881650175993858,0.7575952947739697,,,,,0,,0.15858600165611583,1,ai_phishing+account_takeover,social_engineering+access,text_generation+credential_stuffing_automation,0.965,True,synthetic
TXN278578296362,U4056823,2026-07-07 06:31:57,218.17,USD,card_not_present_online,credit_card,MID630491,6300,Insurance,0.2,DEV36859006,android_mobile,0.13530937194507855,VN,US,True,6,False,96.63484368888679,5,1,6.99,490,agent_assisted,in_branch_verified,prime,31.23,141,2,0,0.2644460736810327,0.8986106714360398,False,False,0,1,2,CLUSTER2270,1,1.797236654643469,0.7867634026138797,0.9815994720937389,,,,,0,,0.18352203006960824,1,ai_phishing+account_takeover,social_engineering+access,text_generation+credential_stuffing_automation,0.876,True,synthetic
TXN176307699911,U3314485,2026-06-01 00:43:13,231.83,USD,card_not_present_online,debit_card,MID614459,5967,Direct Marketing / Adult,0.113,DEV68752632,ios_mobile,0.10581964997105277,PK,SG,True,0,True,267.5731961716558,5,1,3.3,67,web_remote,basic_document,near_prime,81.28,134,1,0,0.6847970141494809,0.7089120646441759,True,False,0,1,2,CLUSTER1743,1,2.819286195377734,0.9285932786395645,0.901525140657216,,,,,0,,0.17772817500349672,1,ai_phishing+account_takeover,social_engineering+access,text_generation+credential_stuffing_automation,0.826,True,synthetic
TXN616975127927,U2777784,2026-06-26 16:48:59,127.14,USD,card_not_present_online,bank_transfer,MID671384,5732,Electronics Stores,0.019,DEV18517114,linux_desktop,0.13150827730066328,NG,DE,True,16,False,58.77434020579675,5,1,4.93,856,agent_assisted,basic_document,subprime,58.53,259,1,1,0.777874929940423,0.7800099685807149,True,False,0,1,2,CLUSTER1232,2,0.39383871465872744,0.9483122056211037,0.821016090092204,,,,,0,,0.25009551888675274,1,ai_phishing+account_takeover,social_engineering+access,text_generation+credential_stuffing_automation,0.818,True,synthetic
TXN428787248068,U0712623,2026-08-01 15:54:42,481.95,USD,p2p_transfer,debit_card,MID271644,5921,Liquor Stores,0.179,DEV42619243,linux_desktop,0.12217404593816317,NG,DE,True,15,False,113.26215930752825,8,1,26.46,402,api_partner_onboarding,unverified,prime,30.74,156,1,1,0.7854186668953702,0.8410419837711786,True,False,0,1,2,CLUSTER8615,3,1.9342129208505303,0.8049534298403771,0.8685008261031668,,,,,0,,0.17126043807689395,1,ai_phishing+account_takeover,social_engineering+access,text_generation+credential_stuffing_automation,0.91,True,synthetic
TXN457423939316,U3342482,2026-06-15 09:32:54,594.44,USD,card_not_present_online,digital_wallet,MID628916,7995,Betting / Gambling,0.143,DEV36706564,android_mobile,0.02824770386863417,RU,DE,True,9,True,351.19482552036374,7,1,11.62,510,api_partner_onboarding,unverified,subprime,51.15,224,1,0,0.19677153042553264,0.8966875030801276,False,False,0,1,1,CLUSTER1920,2,0.8733141900545764,0.7596131296766606,0.8349925172051684,,,,,0,,0.2773606607084902,1,ai_phishing+account_takeover,social_engineering+access,text_generation+credential_stuffing_automation,0.917,True,synthetic
TXN917618254864,U6061217,2026-07-30 23:04:40,177.63,USD,p2p_transfer,bank_transfer,MID244642,7995,Betting / Gambling,0.134,DEV21871636,android_mobile,0.044783616318947825,EG,SE,True,23,True,395.2414137956727,7,2,7.77,332,agent_assisted,video_verified,thin_file,131.92,64,1,1,0.7804777763845614,0.9650768557089155,False,False,0,1,2,CLUSTER3809,1,0.9637616202638642,0.9560205694611206,0.7640875933496079,,,,,0,,0.29632250703962915,1,ai_phishing+account_takeover,social_engineering+access,text_generation+credential_stuffing_automation,0.957,True,synthetic
TXN855165673675,U1012344,2026-07-23 15:55:48,308.77,USD,p2p_transfer,digital_wallet,MID787179,5661,Shoe Stores,0.033,DEV22262556,linux_desktop,0.15046698650566886,NG,JP,True,15,True,43.961006806099604,3,1,8.62,764,in_branch,unverified,subprime,35.8,290,1,2,0.26925087634892714,0.765309057915542,False,False,0,1,2,CLUSTER5912,3,0.013289201394607653,0.906777048055379,0.9741814262525799,,,,,0,,0.015623185072820466,1,ai_phishing+account_takeover,social_engineering+access,text_generation+credential_stuffing_automation,0.961,True,synthetic
TXN229063247710,U8360312,2026-08-02 17:10:44,308.38,USD,card_not_present_online,digital_wallet,MID446523,6012,Financial Institutions - Merchandise/Services,0.098,DEV24999040,linux_desktop,0.1920827781357244,ID,CA,True,17,False,499.3162582566708,6,2,11.06,481,web_remote,video_verified,super_prime,33.84,81,2,1,0.5829823768685626,0.7477873690187372,True,False,0,1,2,CLUSTER8451,2,0.8961523092628475,0.9162795798900724,0.9625391864660163,,,,,0,,0.24371893718050996,1,ai_phishing+account_takeover,social_engineering+access,text_generation+credential_stuffing_automation,0.965,True,synthetic
TXN699436931547,U5869622,2026-06-07 17:04:32,176.46,USD,p2p_transfer,digital_wallet,MID469227,4829,Money Transfer,0.169,DEV79101632,linux_desktop,0.10698934607902749,NG,US,True,17,False,314.368203969668,4,2,1.43,548,api_partner_onboarding,in_branch_verified,near_prime,123.83,178,1,0,0.3660622437099109,0.8862289774828467,True,False,0,1,1,CLUSTER5227,2,0.27173552234187903,0.8476203703489602,0.7954473176354789,,,,,0,,0.24638263405343178,1,ai_phishing+account_takeover,social_engineering+access,text_generation+credential_stuffing_automation,0.845,True,synthetic
TXN568971373826,U0953534,2026-06-07 00:33:53,199.71,USD,card_not_present_online,bank_transfer,MID181478,5541,Fuel / Gas Stations,0.135,DEV74316697,android_mobile,0.07026302985409924,RU,DE,True,0,True,69.32273871391834,3,1,22.24,362,agent_assisted,video_verified,thin_file,43.95,80,1,0,0.6095263356256568,0.8149678150214121,True,False,0,1,2,CLUSTER5490,2,2.8023210972824986,0.9196995298362896,0.9328096382893962,,,,,0,,0.10604800528529414,1,ai_phishing+account_takeover,social_engineering+access,text_generation+credential_stuffing_automation,0.964,True,synthetic
TXN513540226098,U7172750,2026-08-01 01:38:24,704.02,USD,p2p_transfer,prepaid_card,MID681233,6300,Insurance,0.32,DEV21936591,windows_desktop,0.1461424795391877,ID,SG,True,1,False,265.1746894365968,3,0,3.02,588,agent_assisted,video_verified,subprime,33.78,207,1,1,0.6659319604129982,0.8632996044885068,True,True,0,1,2,CLUSTER6608,2,0.21224706472174348,0.8234314693707916,0.9301362808467116,,,,,0,,0.13233010230428768,1,ai_phishing+account_takeover,social_engineering+access,text_generation+credential_stuffing_automation,0.95,True,synthetic
TXN499670021484,U8658448,2026-08-16 17:49:53,1038.14,USD,card_not_present_online,digital_wallet,MID254477,5999,Misc Retail,0.051,DEV56387670,linux_desktop,0.1217868560675427,ID,GB,True,17,False,549.7427755579506,4,0,103.4,428,api_partner_onboarding,basic_document,prime,10.04,232,2,1,0.21194586169860963,0.9041287488214691,True,False,0,1,1,CLUSTER5073,2,1.0151892749647748,0.7773460263667992,0.7888175278086635,,,,,0,,0.19286781037143944,1,ai_phishing+account_takeover,social_engineering+access,text_generation+credential_stuffing_automation,0.975,True,synthetic
TXN562259024272,U4094633,2026-06-07 09:47:25,216.43,USD,p2p_transfer,upi,MID370282,5661,Shoe Stores,0.366,DEV21806322,ios_mobile,0.18710432165405844,RU,SE,True,9,False,569.1428849186018,7,0,4.6,409,agent_assisted,unverified,near_prime,46.89,7,2,0,0.6464362373740381,0.9545656570550058,False,True,0,1,2,CLUSTER9296,3,0.6906045237669519,0.732375042565204,0.9728869136423883,,,,,0,,0.02365126011202192,1,ai_phishing+account_takeover,social_engineering+access,text_generation+credential_stuffing_automation,0.904,True,synthetic
TXN614029130184,U9683463,2026-07-18 08:47:11,255.59,USD,card_not_present_online,upi,MID848034,5541,Fuel / Gas Stations,0.46,DEV86750678,linux_desktop,0.11302972938970256,PK,GB,True,8,False,446.30273635690156,5,2,9.69,62,agent_assisted,video_verified,prime,26.38,231,2,0,0.27435813361469524,0.9047013656755339,True,False,0,1,1,CLUSTER5866,1,1.2126008931268664,0.7449287985614224,0.8520113399828406,,,,,0,,0.06202353795650882,1,ai_phishing+account_takeover,social_engineering+access,text_generation+credential_stuffing_automation,0.943,True,synthetic
TXN973323758586,U8707723,2026-07-20 09:40:03,156.36,USD,p2p_transfer,upi,MID483947,5812,Restaurants,0.085,DEV50525998,linux_desktop,0.06581316080343275,ID,CA,True,9,True,152.61828745593363,3,0,2.89,598,web_remote,in_branch_verified,subprime,25.26,181,1,0,0.7762206489123913,0.8663693938731113,True,False,0,1,1,CLUSTER9917,3,1.3413668733724453,0.7176469818860499,0.9679377868463397,,,,,0,,0.2938821714309801,1,ai_phishing+account_takeover,social_engineering+access,text_generation+credential_stuffing_automation,0.915,True,synthetic
TXN611046414598,U5318640,2026-08-22 22:11:45,205.45,USD,p2p_transfer,credit_card,MID633974,5691,Apparel,0.216,DEV72583263,windows_desktop,0.06891830427716095,VN,GB,True,22,False,129.275132031691,3,1,33.69,656,agent_assisted,in_branch_verified,subprime,42.88,244,1,1,0.7104299446222386,0.9660199177172568,True,False,0,1,2,CLUSTER8766,1,2.0105719639175366,0.844046986197927,0.7805361739830637,,,,,0,,0.08570930629202109,1,ai_phishing+account_takeover,social_engineering+access,text_generation+credential_stuffing_automation,0.92,True,synthetic
TXN449626566242,U0679245,2026-07-22 00:11:45,221.41,USD,p2p_transfer,upi,MID419246,4829,Money Transfer,0.419,DEV27141850,ios_mobile,0.1255660152679103,PK,NL,True,0,False,40.121011774222154,8,0,25.26,874,in_branch,basic_document,subprime,26.92,248,1,1,0.729702254595976,0.9544192120207362,False,False,0,1,2,CLUSTER4885,2,2.6421131807644263,0.8008886454046443,0.8965373326938582,,,,,0,,0.18283299468104827,1,ai_phishing+account_takeover,social_engineering+access,text_generation+credential_stuffing_automation,0.915,True,synthetic
TXN615158478413,U0143248,2026-06-19 10:52:21,548.32,USD,p2p_transfer,debit_card,MID507214,4722,Travel Agencies,0.247,DEV98387319,windows_desktop,0.049350491629677064,NG,NL,True,10,False,276.6508822367001,3,0,9.62,210,in_branch,video_verified,prime,57.01,85,1,0,0.3619618035136405,0.8445788899793027,True,False,0,1,1,CLUSTER4318,2,2.6128069844982127,0.8920643774347248,0.7664955293002021,,,,,0,,0.12189800080459673,1,ai_phishing+account_takeover,social_engineering+access,text_generation+credential_stuffing_automation,0.946,True,synthetic
TXN773643971218,U7253373,2026-07-14 16:38:01,368.29,USD,card_not_present_online,credit_card,MID111421,5541,Fuel / Gas Stations,0.204,DEV69487080,mac_desktop,0.12066090206159527,ID,CA,True,16,False,346.67575699726507,7,0,8.36,475,api_partner_onboarding,basic_document,near_prime,75.47,155,2,0,0.7333042377071965,0.8833160163633057,True,True,0,1,2,CLUSTER2917,3,1.268702609608225,0.859842870665495,0.7508963298283634,,,,,0,,0.023491955125645857,1,ai_phishing+account_takeover,social_engineering+access,text_generation+credential_stuffing_automation,0.966,True,synthetic
TXN940764301202,U3136388,2026-08-13 17:40:03,191.88,USD,card_not_present_online,credit_card,MID384804,5964,Direct Marketing / Catalog,0.315,DEV85476090,linux_desktop,0.08285772763187481,ID,DE,True,17,False,393.7136737973606,3,3,2.09,187,in_branch,unverified,prime,91.97,40,1,1,0.35756985727107005,0.7323378916164534,False,True,0,1,1,CLUSTER3735,2,1.368009905387876,0.8658282640666295,0.9841651382824815,,,,,0,,0.09817044268536604,1,ai_phishing+account_takeover,social_engineering+access,text_generation+credential_stuffing_automation,0.957,True,synthetic
TXN435210346679,U7981817,2026-07-28 17:41:25,61.13,USD,p2p_transfer,debit_card,MID766801,8011,Healthcare,0.19,DEV33619088,windows_desktop,0.16744822738422863,PK,CA,True,17,False,309.4140580693012,5,0,0.75,768,in_branch,in_branch_verified,near_prime,81.3,98,2,1,0.3492180505968424,0.8114861048856084,True,True,0,1,1,CLUSTER6839,1,2.806529474576071,0.8713016460878706,0.8041321479339444,,,,,0,,0.2798100139512853,1,ai_phishing+account_takeover,social_engineering+access,text_generation+credential_stuffing_automation,0.926,True,synthetic
TXN493252513309,U0793942,2026-07-29 19:37:23,560.73,USD,p2p_transfer,prepaid_card,MID293200,5964,Direct Marketing / Catalog,0.364,DEV47768512,mac_desktop,0.1353484580558434,ID,JP,True,19,False,514.326584658231,3,1,23.08,648,api_partner_onboarding,video_verified,subprime,24.3,225,2,0,0.3117148780851008,0.9384630698900646,True,False,0,1,1,CLUSTER3955,2,1.9334870474619081,0.9085665729273862,0.9015969045504311,,,,,0,,0.09254041262397968,1,ai_phishing+account_takeover,social_engineering+access,text_generation+credential_stuffing_automation,0.902,True,synthetic
TXN468173933918,U6470657,2026-06-13 09:52:03,152.54,USD,p2p_transfer,debit_card,MID723452,8299,Educational Services,0.34,DEV47453952,mac_desktop,0.18112091467854247,BD,CA,True,9,True,54.61278631384917,4,2,5.87,132,mobile_app_remote,unverified,subprime,25.97,252,1,0,0.1253561723232718,0.7863007828106037,False,True,0,1,1,CLUSTER9768,3,0.5546737418139897,0.7815778206612701,0.9678828609875468,,,,,0,,0.2678175989286929,1,ai_phishing+account_takeover,social_engineering+access,text_generation+credential_stuffing_automation,0.865,True,synthetic
TXN504295573750,U8561475,2026-08-26 18:52:54,157.36,USD,p2p_transfer,credit_card,MID809969,4111,Transit / Transportation,0.035,DEV45501705,mac_desktop,0.045235206784380054,RU,SE,True,18,True,245.4037149515598,5,2,14.2,522,web_remote,in_branch_verified,prime,25.96,109,1,1,0.773796991268541,0.8729285307505663,True,False,0,1,1,CLUSTER6700,2,1.641744009685469,0.9068586620839403,0.9043874233412896,,,,,0,,0.12015474160376577,1,ai_phishing+account_takeover,social_engineering+access,text_generation+credential_stuffing_automation,0.928,True,synthetic
TXN393770397186,U1988781,2026-08-28 14:28:07,805.75,USD,p2p_transfer,prepaid_card,MID875236,6012,Financial Institutions - Merchandise/Services,0.117,DEV34249156,mac_desktop,0.0261831405194199,RU,GB,True,14,False,433.4619902834644,5,1,61.37,254,in_branch,unverified,near_prime,13.13,276,2,0,0.23805080104937282,0.8741297523643561,True,False,0,1,1,CLUSTER4249,1,2.556296988844652,0.8480869246712084,0.8486357587793124,,,,,0,,0.08040454834771044,1,ai_phishing+account_takeover,social_engineering+access,text_generation+credential_stuffing_automation,0.896,True,synthetic
TXN139634651198,U6647990,2026-07-23 22:16:50,536.68,USD,card_not_present_online,upi,MID701514,5732,Electronics Stores,0.127,DEV28966008,windows_desktop,0.12703322968178676,ID,SE,True,22,False,115.84658617062772,7,1,28.03,808,agent_assisted,basic_document,subprime,10.84,249,1,0,0.6290995271358877,0.9729625163074547,False,False,0,1,1,CLUSTER5721,1,1.5302754771979639,0.7060343245489908,0.8552490359957869,,,,,0,,0.09715793764517884,1,ai_phishing+account_takeover,social_engineering+access,text_generation+credential_stuffing_automation,0.965,True,synthetic
TXN408789899651,U5389585,2026-07-18 17:03:09,572.72,USD,p2p_transfer,prepaid_card,MID851476,7995,Betting / Gambling,0.137,DEV41590081,android_mobile,0.028387625956692072,BD,SE,True,17,False,420.18924183952055,3,1,16.95,596,agent_assisted,unverified,prime,33.78,265,2,0,0.15543934530591336,0.9056139588303556,False,False,0,1,1,CLUSTER3836,3,1.1127419011532411,0.7393246064908454,0.7545466121905783,,,,,0,,0.14053044744746654,1,ai_phishing+account_takeover,social_engineering+access,text_generation+credential_stuffing_automation,0.843,True,synthetic
TXN891662980659,U6553348,2026-07-13 06:21:33,100.67,USD,p2p_transfer,debit_card,MID455973,8299,Educational Services,0.387,DEV35894260,linux_desktop,0.05454772685263397,RU,US,True,6,False,443.6219692752977,5,0,3.86,537,api_partner_onboarding,in_branch_verified,super_prime,102.56,299,2,1,0.6090851914434662,0.9248925151685709,True,True,0,1,2,CLUSTER6205,1,0.2905411216005057,0.8117105967768596,0.7950011917155654,,,,,0,,0.21032422634624795,1,ai_phishing+account_takeover,social_engineering+access,text_generation+credential_stuffing_automation,0.896,True,synthetic
TXN868137420367,U9698935,2026-07-14 03:51:57,241.95,USD,p2p_transfer,prepaid_card,MID374561,6051,Crypto / Digital Currency,0.391,DEV15715930,mac_desktop,0.11759140840197767,NG,US,True,3,False,41.4845790850285,3,1,24.2,805,web_remote,video_verified,prime,9.2,86,2,0,0.15619982257239307,0.8978949330838906,True,False,0,1,2,CLUSTER3155,1,2.925507133166532,0.9231637726155355,0.8310925988375905,,,,,0,,0.22511088269544538,1,ai_phishing+account_takeover,social_engineering+access,text_generation+credential_stuffing_automation,0.915,True,synthetic
TXN845066447309,U2183052,2026-08-09 02:24:19,70.67,USD,p2p_transfer,prepaid_card,MID192548,6051,Crypto / Digital Currency,0.167,DEV38964095,windows_desktop,0.19529130434971112,EG,US,True,2,False,528.276369226428,6,0,2.32,491,agent_assisted,in_branch_verified,prime,30.45,13,2,0,0.31030559283210174,0.8672614854286391,False,False,0,1,1,CLUSTER8160,3,2.668243238629351,0.760715910925546,0.8056460166882204,,,,,0,,0.059731230714824265,1,ai_phishing+account_takeover,social_engineering+access,text_generation+credential_stuffing_automation,0.926,True,synthetic
TXN496838762972,U1850984,2026-07-22 22:00:28,344.29,USD,card_not_present_online,prepaid_card,MID378460,5967,Direct Marketing / Adult,0.28,DEV62417718,ios_mobile,0.08304620288035101,EG,JP,True,22,True,416.9709847545578,4,2,5.41,236,in_branch,video_verified,subprime,63.62,57,2,0,0.12592775216633778,0.7517211858354557,True,True,0,1,1,CLUSTER5608,3,2.262042337164608,0.8026146203422085,0.9865755682244705,,,,,0,,0.285784337760369,1,ai_phishing+account_takeover,social_engineering+access,text_generation+credential_stuffing_automation,0.825,True,synthetic
TXN146683557249,U1604717,2026-07-14 13:40:04,288.15,USD,p2p_transfer,digital_wallet,MID332898,7995,Betting / Gambling,0.113,DEV36673577,ios_mobile,0.056246490631750995,BD,CA,True,13,True,159.14106895252453,2,2,10.99,627,in_branch,basic_document,super_prime,54.89,127,2,0,0.7320793290224554,0.8601103455786056,True,False,0,1,2,CLUSTER6753,2,2.257591802948192,0.8692803197550159,0.9176907918117684,,,,,0,,0.28242253588571753,1,ai_phishing+account_takeover,social_engineering+access,text_generation+credential_stuffing_automation,0.869,True,synthetic
TXN269972999480,U3108309,2026-06-09 13:15:59,88.64,USD,p2p_transfer,upi,MID132935,7011,Hotels / Lodging,0.342,DEV64542493,android_mobile,0.02695837539575726,PK,US,True,13,False,384.58192831176024,3,2,3.87,550,mobile_app_remote,in_branch_verified,near_prime,22.9,50,2,0,0.31936400225917716,0.7776274143031029,True,False,0,1,2,CLUSTER2458,3,0.8060370332480643,0.7256851974944755,0.957514826645284,,,,,0,,0.15735448388862244,1,ai_phishing+account_takeover,social_engineering+access,text_generation+credential_stuffing_automation,0.945,True,synthetic
TXN125306337870,U0417474,2026-06-23 00:09:57,189.84,USD,card_not_present_online,debit_card,MID804096,5812,Restaurants,0.217,DEV19099321,ios_mobile,0.0847216920437626,BD,GB,True,0,False,191.749798274338,5,2,1.88,389,mobile_app_remote,in_branch_verified,thin_file,100.99,87,2,0,0.22339184158932643,0.8225025496251334,True,False,0,1,1,CLUSTER9349,3,0.6648559029866818,0.759486985275691,0.866193810378927,,,,,0,,0.21921756257628408,1,ai_phishing+account_takeover,social_engineering+access,text_generation+credential_stuffing_automation,0.881,True,synthetic
TXN367874948026,U9282148,2026-08-19 13:55:46,355.45,USD,p2p_transfer,prepaid_card,MID248948,7011,Hotels / Lodging,0.133,DEV62119121,ios_mobile,0.05190108045220673,VN,SE,True,13,True,50.45777040088197,7,0,10.83,728,in_branch,in_branch_verified,thin_file,32.83,56,1,0,0.2574254825626586,0.9481145398433429,True,False,0,1,2,CLUSTER2843,3,2.8726900035688168,0.9129909425873951,0.7577383467300383,,,,,0,,0.02529193559689641,1,ai_phishing+account_takeover,social_engineering+access,text_generation+credential_stuffing_automation,0.924,True,synthetic
TXN767754475813,U6582268,2026-06-10 23:31:19,372.57,USD,p2p_transfer,credit_card,MID944277,4722,Travel Agencies,0.093,DEV89355326,windows_desktop,0.19575748003984778,PK,CA,True,23,False,156.64385790345392,4,2,9.44,152,web_remote,basic_document,prime,39.45,146,2,0,0.3119827218978932,0.7236043442233455,True,False,0,1,2,CLUSTER2337,3,0.9266744746522461,0.8612552074200198,0.9568892833464365,,,,,0,,0.22314678304435917,1,ai_phishing+account_takeover,social_engineering+access,text_generation+credential_stuffing_automation,0.902,True,synthetic
TXN757717348060,U9398689,2026-08-27 08:48:00,103.22,USD,p2p_transfer,prepaid_card,MID830364,4722,Travel Agencies,0.026,DEV30803803,android_mobile,0.13485555540851193,ID,CA,True,8,True,270.61094242800436,8,0,5.12,238,in_branch,unverified,thin_file,34.98,22,1,0,0.7389329390598809,0.8075990976345438,True,False,0,1,1,CLUSTER5185,1,1.3781935811311103,0.9647300959362612,0.8473831007045897,,,,,0,,0.1455563609625661,1,ai_phishing+account_takeover,social_engineering+access,text_generation+credential_stuffing_automation,0.922,True,synthetic
TXN745842493241,U3137618,2026-07-10 23:33:20,222.53,USD,p2p_transfer,bank_transfer,MID416616,6051,Crypto / Digital Currency,0.128,DEV96309046,mac_desktop,0.09850133196229423,VN,US,True,23,False,281.61504771777163,3,0,16.23,557,mobile_app_remote,unverified,near_prime,13.71,96,1,0,0.344621770055561,0.8211963794072294,True,False,0,1,2,CLUSTER2129,1,0.13358316172312046,0.8506306262390205,0.7686947134157485,,,,,0,,0.24425384974910153,1,ai_phishing+account_takeover,social_engineering+access,text_generation+credential_stuffing_automation,0.907,True,synthetic
TXN199268822799,U5854708,2026-08-06 04:40:50,267.24,USD,card_not_present_online,bank_transfer,MID654810,5732,Electronics Stores,0.232,DEV61774717,linux_desktop,0.034827279577225305,NG,NL,True,4,False,510.0837717925697,3,0,3.52,82,api_partner_onboarding,in_branch_verified,super_prime,75.85,174,2,1,0.2299191103483813,0.8140084370970756,True,False,0,1,2,CLUSTER6706,3,2.869704811366642,0.749900641621247,0.8321553985839639,,,,,0,,0.08319527913307215,1,ai_phishing+account_takeover,social_engineering+access,text_generation+credential_stuffing_automation,0.874,True,synthetic
TXN864060545901,U7608639,2026-07-15 14:13:58,291.0,USD,p2p_transfer,credit_card,MID231815,7995,Betting / Gambling,0.21,DEV32598674,linux_desktop,0.16273882080399724,BD,DE,True,14,False,259.6868265239269,8,2,17.2,672,mobile_app_remote,unverified,subprime,16.92,141,1,0,0.25316852037980897,0.9051082191315474,True,False,0,1,2,CLUSTER6855,2,0.6580688762702613,0.8878887941331477,0.945576719517553,,,,,0,,0.2273100684202709,1,ai_phishing+account_takeover,social_engineering+access,text_generation+credential_stuffing_automation,0.917,True,synthetic
TXN283285168358,U1540474,2026-06-05 00:07:33,225.48,USD,p2p_transfer,prepaid_card,MID741315,4829,Money Transfer,0.225,DEV47634111,windows_desktop,0.06997989936232606,RU,NL,True,0,False,436.0450398970223,6,1,6.55,414,web_remote,basic_document,thin_file,34.41,122,1,0,0.2903366203996375,0.8023359253129723,True,True,0,1,1,CLUSTER9060,1,2.0762575952266387,0.9016340044885642,0.8309177860594532,,,,,0,,0.24465350535530664,1,ai_phishing+account_takeover,social_engineering+access,text_generation+credential_stuffing_automation,0.962,True,synthetic
TXN314701619972,U6377921,2026-08-06 06:56:34,411.93,USD,card_not_present_online,upi,MID175198,5411,Grocery Stores,0.077,DEV73011179,windows_desktop,0.15358756600197918,ID,NL,True,6,False,508.88084895582966,3,1,1.97,697,in_branch,unverified,near_prime,103.59,128,2,1,0.7576289333948072,0.832488768546769,True,True,0,1,2,CLUSTER3268,1,2.7832887551428342,0.7286249263660769,0.9764088759491395,,,,,0,,0.13798698246633842,1,ai_phishing+account_takeover,social_engineering+access,text_generation+credential_stuffing_automation,0.969,True,synthetic
TXN755199157884,U3457049,2026-08-28 06:47:00,199.78,USD,card_not_present_online,upi,MID358226,5812,Restaurants,0.131,DEV66060303,windows_desktop,0.12805782743956395,NG,CA,True,6,False,302.67492277775955,4,2,7.3,397,web_remote,in_branch_verified,subprime,27.37,99,1,2,0.2904600813829432,0.7353364191027691,False,False,0,1,2,CLUSTER9641,2,1.1084476621407124,0.7260010267449525,0.8825212353297178,,,,,0,,0.10311577260092916,1,ai_phishing+account_takeover,social_engineering+access,text_generation+credential_stuffing_automation,0.867,True,synthetic
TXN847470011488,U6353219,2026-06-13 01:51:58,166.35,USD,card_not_present_online,digital_wallet,MID290803,7995,Betting / Gambling,0.214,DEV32848789,linux_desktop,0.022013490111658995,VN,SE,True,1,True,52.59671141723361,8,3,8.91,88,api_partner_onboarding,unverified,thin_file,38.33,293,1,0,0.8014798348963132,0.8309385391769716,True,True,0,1,1,CLUSTER4259,2,2.1072123892911248,0.7269357705695744,0.9699077647877081,,,,,0,,0.1189116289442228,1,ai_phishing+account_takeover,social_engineering+access,text_generation+credential_stuffing_automation,0.959,True,synthetic
TXN697280828814,U6088565,2026-07-04 08:35:39,307.85,USD,p2p_transfer,credit_card,MID141505,7011,Hotels / Lodging,0.03,DEV96295717,windows_desktop,0.06912927419548821,EG,US,True,8,True,86.38679777166834,8,1,3.72,218,api_partner_onboarding,in_branch_verified,near_prime,71.65,235,1,1,0.6943741345951185,0.8876081464170612,True,False,0,1,2,CLUSTER2086,2,0.6692582219186988,0.7785085619136767,0.8842422167561631,,,,,0,,0.15392673344979166,1,ai_phishing+account_takeover,social_engineering+access,text_generation+credential_stuffing_automation,0.894,True,synthetic
TXN405101475392,U2864228,2026-07-31 07:38:31,139.14,USD,card_not_present_online,digital_wallet,MID818575,5411,Grocery Stores,0.352,DEV34856247,windows_desktop,0.18625799653558617,RU,SE,True,7,True,268.691305813741,7,0,14.77,275,mobile_app_remote,basic_document,near_prime,26.77,70,1,1,0.6927747731267333,0.7470669885615013,False,False,0,1,1,CLUSTER5694,2,0.5997311539104843,0.9592840078353059,0.878811618958183,,,,,0,,0.11964852510011698,1,ai_phishing+account_takeover,social_engineering+access,text_generation+credential_stuffing_automation,0.889,True,synthetic
TXN614876905612,U8421964,2026-08-05 14:51:27,284.56,USD,card_not_present_online,debit_card,MID728289,4829,Money Transfer,0.12,DEV73414753,ios_mobile,0.023135830753093452,NG,JP,True,14,False,508.02898865493347,3,1,7.24,836,in_branch,in_branch_verified,near_prime,31.97,264,2,0,0.5662111762229411,0.78469657062247,True,False,0,1,1,CLUSTER2476,1,2.4780550932758008,0.8261636288282579,0.9230318463494007,,,,,0,,0.1828226776343889,1,ai_phishing+account_takeover,social_engineering+access,text_generation+credential_stuffing_automation,0.958,True,synthetic
TXN150073857803,U7268987,2026-07-20 23:04:40,840.1,USD,card_not_present_online,digital_wallet,MID609452,7995,Betting / Gambling,0.234,DEV98916578,linux_desktop,0.09865551426002735,RU,DE,True,23,False,408.47477471718554,3,0,11.7,532,agent_assisted,basic_document,near_prime,64.11,208,1,0,0.5813749082559978,0.851758594603266,True,False,0,1,2,CLUSTER4853,1,2.9443701718148554,0.7991066597456947,0.8425187064291968,,,,,0,,0.22600456891891002,1,ai_phishing+account_takeover,social_engineering+access,text_generation+credential_stuffing_automation,0.905,True,synthetic
TXN236224944399,U2727962,2026-06-22 03:19:34,467.34,USD,p2p_transfer,credit_card,MID650041,5541,Fuel / Gas Stations,0.09,DEV99687868,mac_desktop,0.038851195616528236,EG,NL,True,3,False,259.3831566319048,7,0,10.31,786,agent_assisted,unverified,thin_file,45.32,222,1,0,0.3968817182744382,0.7153272578961903,True,False,0,1,1,CLUSTER6387,1,1.544385435643198,0.8505391826560063,0.9309510824466609,,,,,0,,0.2587572165739968,1,ai_phishing+account_takeover,social_engineering+access,text_generation+credential_stuffing_automation,0.977,True,synthetic
TXN683490336984,U5948079,2026-06-25 09:29:29,509.79,USD,card_not_present_online,prepaid_card,MID218103,4722,Travel Agencies,0.32,DEV63324360,windows_desktop,0.03783343977695134,EG,CA,True,9,False,270.86904744586184,2,1,6.93,687,api_partner_onboarding,video_verified,super_prime,73.58,218,2,0,0.22537763797474536,0.8034831214258497,True,False,0,1,2,CLUSTER3158,1,0.6331490719099654,0.8418504221747656,0.8302480513857293,,,,,0,,0.05953643368634911,1,ai_phishing+account_takeover,social_engineering+access,text_generation+credential_stuffing_automation,0.897,True,synthetic
TXN907435216109,U2263743,2026-08-14 16:43:19,416.05,USD,card_not_present_online,prepaid_card,MID228346,5311,Department Stores,0.356,DEV84921125,linux_desktop,0.0589336363194702,ID,DE,True,16,False,197.51991786427502,6,2,9.85,258,mobile_app_remote,video_verified,subprime,42.26,245,1,0,0.3999859475366062,0.9610446779556512,True,True,0,1,2,CLUSTER3266,2,0.9251332266579367,0.8840157345151791,0.9527524601427124,,,,,0,,0.0740107413138294,1,ai_phishing+account_takeover,social_engineering+access,text_generation+credential_stuffing_automation,0.923,True,synthetic
TXN641911687734,U2673193,2026-08-05 12:37:25,170.27,USD,card_not_present_online,upi,MID656137,4829,Money Transfer,0.166,DEV30544891,linux_desktop,0.19657441058859149,PK,JP,True,12,False,253.3764947001234,4,1,4.57,633,in_branch,unverified,prime,37.27,194,2,0,0.27493263980950045,0.9671901153565506,True,False,0,1,2,CLUSTER3607,2,2.209016624344017,0.9279879627563787,0.7870117644478866,,,,,0,,0.23932210362583548,1,ai_phishing+account_takeover,social_engineering+access,text_generation+credential_stuffing_automation,0.9,True,synthetic
TXN800970877236,U6477855,2026-07-02 00:48:05,179.48,USD,card_not_present_online,digital_wallet,MID861467,5964,Direct Marketing / Catalog,0.256,DEV83677736,android_mobile,0.04817040029467776,ID,CA,True,0,True,524.9005280383832,5,0,1.57,574,mobile_app_remote,video_verified,subprime,83.51,287,1,1,0.7177327576696835,0.7475371273876065,True,False,0,1,1,CLUSTER6053,2,2.502962009842788,0.8900654211301455,0.8861144629039316,,,,,0,,0.02904386500207502,1,ai_phishing+account_takeover,social_engineering+access,text_generation+credential_stuffing_automation,0.866,True,synthetic
TXN668620982355,U0209862,2026-06-25 15:09:05,451.82,USD,card_not_present_online,debit_card,MID591639,5661,Shoe Stores,0.187,DEV67232938,ios_mobile,0.19106377531690222,VN,AU,True,15,False,330.7952308701133,5,1,31.26,808,in_branch,basic_document,near_prime,16.45,115,1,0,0.7904514168177095,0.9019202786510737,True,False,0,1,2,CLUSTER1360,3,2.646562739005323,0.8874321832569855,0.9732010223009574,,,,,0,,0.16961708042809845,1,ai_phishing+account_takeover,social_engineering+access,text_generation+credential_stuffing_automation,0.898,True,synthetic
TXN966358880816,U6633048,2026-08-17 14:34:09,112.82,USD,card_not_present_online,prepaid_card,MID600421,5411,Grocery Stores,0.318,DEV28805362,mac_desktop,0.11516671390909194,VN,CA,True,14,False,412.94690617343684,8,0,8.86,823,in_branch,in_branch_verified,super_prime,12.73,61,1,0,0.14477662580589584,0.9199568262510919,True,False,0,1,2,CLUSTER1300,2,1.6065306587002333,0.8099905802678893,0.8350310384262312,,,,,0,,0.1636378532285995,1,ai_phishing+account_takeover,social_engineering+access,text_generation+credential_stuffing_automation,0.89,True,synthetic
TXN473182677853,U2018646,2026-06-25 17:50:48,553.08,USD,card_not_present_online,upi,MID928612,5921,Liquor Stores,0.059,DEV16495648,mac_desktop,0.10292341728736504,PK,NL,True,17,False,190.19546438564748,6,1,10.33,359,web_remote,video_verified,subprime,53.53,65,1,0,0.3948784035360291,0.8908949163669848,True,False,0,1,1,CLUSTER7436,2,0.3588274151163605,0.8457439001607531,0.979900674039766,,,,,0,,0.15573710550942013,1,ai_phishing+account_takeover,social_engineering+access,text_generation+credential_stuffing_automation,0.926,True,synthetic
TXN797763630122,U2236075,2026-06-04 13:30:06,513.84,USD,p2p_transfer,upi,MID621078,4829,Money Transfer,0.127,DEV66161359,android_mobile,0.021483146348048744,BD,US,True,13,True,370.8655930397674,6,1,11.75,659,mobile_app_remote,video_verified,prime,43.74,82,2,0,0.34232498947457873,0.78012325512925,True,True,0,1,2,CLUSTER8037,1,0.5088555762690814,0.7622215397429254,0.916394933870534,,,,,0,,0.20150190144240188,1,ai_phishing+account_takeover,social_engineering+access,text_generation+credential_stuffing_automation,0.844,True,synthetic
TXN920708784930,U8822894,2026-07-14 14:44:58,881.85,USD,card_not_present_online,credit_card,MID614488,5311,Department Stores,0.398,DEV12384585,ios_mobile,0.1901345595606543,EG,NL,True,14,False,324.53333078959963,8,2,23.31,718,in_branch,video_verified,super_prime,37.83,157,1,0,0.16105420852575186,0.762376513574487,True,False,0,1,2,CLUSTER1828,1,1.6434579374688427,0.9314139646430752,0.8496791331218101,,,,,0,,0.20950758631233304,1,ai_phishing+account_takeover,social_engineering+access,text_generation+credential_stuffing_automation,0.931,True,synthetic
TXN601493648591,U9174560,2026-06-18 08:22:32,409.44,USD,card_not_present_online,digital_wallet,MID995225,7995,Betting / Gambling,0.118,DEV89332395,mac_desktop,0.07110575531169942,ID,SE,True,8,False,443.8501347171682,4,4,21.87,60,api_partner_onboarding,basic_document,near_prime,18.72,72,1,0,0.1369119683976483,0.7990060084886921,True,False,0,1,2,CLUSTER4614,3,0.586426556222157,0.7726267895452122,0.8500170108347821,,,,,0,,0.2566636573242273,1,ai_phishing+account_takeover,social_engineering+access,text_generation+credential_stuffing_automation,0.966,True,synthetic
TXN165647728012,U2287242,2026-08-05 03:41:08,245.82,USD,p2p_transfer,debit_card,MID573266,6051,Crypto / Digital Currency,0.078,DEV52908750,ios_mobile,0.11710088721571747,ID,CA,True,3,False,333.52046903199636,7,1,4.17,742,agent_assisted,video_verified,subprime,58.95,70,2,0,0.3996392869478418,0.7965774151610201,True,True,0,1,1,CLUSTER7186,1,2.3809993838757277,0.7906564965650489,0.905860615713119,,,,,0,,0.1390031114877062,1,ai_phishing+account_takeover,social_engineering+access,text_generation+credential_stuffing_automation,0.931,True,synthetic
TXN657464512739,U9824504,2026-08-14 12:29:52,310.88,USD,card_not_present_online,bank_transfer,MID352984,5732,Electronics Stores,0.118,DEV51492951,mac_desktop,0.10117055205940473,PK,JP,True,12,False,219.01880434152892,8,1,10.96,587,api_partner_onboarding,basic_document,prime,28.37,89,1,0,0.20049271649767447,0.8609322111219292,True,False,0,1,1,CLUSTER6424,2,0.13228595225216744,0.793007398409212,0.7754970821462442,,,,,0,,0.11228373242334655,1,ai_phishing+account_takeover,social_engineering+access,text_generation+credential_stuffing_automation,0.878,True,synthetic
TXN674936356915,U8106109,2026-07-21 23:47:01,403.6,USD,card_not_present_online,prepaid_card,MID820295,5541,Fuel / Gas Stations,0.326,DEV30494766,android_mobile,0.18940943665955148,ID,GB,True,23,True,108.99200118489749,6,0,20.1,81,web_remote,in_branch_verified,prime,56.62,19,1,0,0.7557292337185849,0.8628106697832271,True,True,0,1,2,CLUSTER5817,1,2.754384348673208,0.7079495635231559,0.9400186866697687,,,,,0,,0.16217070846114306,1,ai_phishing+account_takeover,social_engineering+access,text_generation+credential_stuffing_automation,0.876,True,synthetic
TXN484084958255,U4500457,2026-08-08 04:10:26,452.91,USD,p2p_transfer,digital_wallet,MID177654,5921,Liquor Stores,0.048,DEV66518802,windows_desktop,0.08925414842427057,PK,JP,True,4,True,325.7165251264055,8,2,22.17,224,web_remote,in_branch_verified,super_prime,20.43,164,1,0,0.1546895092783624,0.7495253748581769,True,False,0,1,2,CLUSTER8769,1,0.5880728441584281,0.8442529663788918,0.8512945186176852,,,,,0,,0.2268536170345716,1,ai_phishing+account_takeover,social_engineering+access,text_generation+credential_stuffing_automation,0.95,True,synthetic
TXN158265340574,U3874743,2026-06-08 08:46:07,193.03,USD,card_not_present_online,debit_card,MID398259,7011,Hotels / Lodging,0.329,DEV52737589,ios_mobile,0.11997533580174546,EG,NL,True,8,False,184.8249767403389,3,2,5.01,231,web_remote,basic_document,super_prime,38.53,99,2,1,0.10175939787076405,0.8928946712354475,True,False,0,1,1,CLUSTER1516,3,2.1902853215499722,0.8675068098631807,0.9760645124484002,,,,,0,,0.1716584259514781,1,ai_phishing+account_takeover,social_engineering+access,text_generation+credential_stuffing_automation,0.934,True,synthetic
TXN259735798031,U6215870,2026-06-01 06:25:16,520.65,USD,card_not_present_online,debit_card,MID988888,4829,Money Transfer,0.052,DEV89509856,windows_desktop,0.15198789816826794,ID,CA,True,6,True,32.57573850744372,3,1,6.24,355,in_branch,basic_document,prime,83.49,238,1,0,0.3660197060474746,0.8930145911278236,True,False,0,1,2,CLUSTER2371,2,1.9424423764247343,0.8469077900015335,0.9829247616668211,,,,,0,,0.21896316459790036,1,ai_phishing+account_takeover,social_engineering+access,text_generation+credential_stuffing_automation,0.974,True,synthetic
TXN842964812765,U9601432,2026-06-25 11:57:02,363.79,USD,p2p_transfer,debit_card,MID405628,6051,Crypto / Digital Currency,0.06,DEV26582171,linux_desktop,0.049007024962858386,EG,US,True,11,False,257.51424535835645,3,1,6.13,798,web_remote,unverified,thin_file,59.39,255,1,0,0.20051567533093795,0.9540886243687474,True,False,0,1,2,CLUSTER6918,1,1.0573368815514703,0.8590568436145386,0.8449041201994415,,,,,0,,0.11282835907334433,1,ai_phishing+account_takeover,social_engineering+access,text_generation+credential_stuffing_automation,0.883,True,synthetic
TXN135343309126,U0887313,2026-06-28 02:45:25,396.4,USD,card_not_present_online,digital_wallet,MID405514,6300,Insurance,0.132,DEV15547277,windows_desktop,0.031082004428661058,VN,SE,True,2,False,255.5320326040346,5,1,4.78,422,agent_assisted,in_branch_verified,near_prime,80.94,252,2,0,0.6096530683831506,0.7139150954924244,True,False,0,1,2,CLUSTER1813,1,0.4694134512916531,0.9547380077231724,0.842893659484878,,,,,0,,0.029423486952787535,1,ai_phishing+account_takeover,social_engineering+access,text_generation+credential_stuffing_automation,0.914,True,synthetic
TXN905321860170,U7764320,2026-06-02 10:14:31,172.73,USD,card_not_present_online,credit_card,MID580546,5812,Restaurants,0.175,DEV10516853,android_mobile,0.19662437900022026,BD,AU,True,10,False,197.68953823618003,2,1,5.09,683,web_remote,unverified,subprime,69.26,182,2,0,0.6506048703930357,0.7780486904437925,True,False,0,1,1,CLUSTER4515,1,0.9795603604342492,0.7541477167710374,0.9804805430567546,,,,,0,,0.05011925091708878,1,ai_phishing+account_takeover,social_engineering+access,text_generation+credential_stuffing_automation,0.949,True,synthetic
TXN953380714514,U5691931,2026-06-15 07:10:57,190.05,USD,p2p_transfer,prepaid_card,MID646465,5691,Apparel,0.242,DEV85764793,linux_desktop,0.10259677997540735,EG,CA,True,7,True,342.8653719988091,4,2,15.6,359,mobile_app_remote,video_verified,subprime,48.63,125,1,0,0.5884802719065526,0.8499753177867453,False,False,0,1,1,CLUSTER7152,3,2.94319741703426,0.748579744912734,0.9208032386078692,,,,,0,,0.15042140160528839,1,ai_phishing+account_takeover,social_engineering+access,text_generation+credential_stuffing_automation,0.934,True,synthetic
TXN730482999779,U0140019,2026-06-09 12:10:54,1101.24,USD,p2p_transfer,bank_transfer,MID689992,5812,Restaurants,0.364,DEV71175369,linux_desktop,0.12371485543011158,RU,JP,True,12,False,507.1644556067365,3,1,4.03,372,mobile_app_remote,unverified,subprime,38.57,105,1,0,0.8012722126506152,0.7355588399372814,False,False,0,1,2,CLUSTER5027,3,1.8824172310710598,0.7498501571288335,0.8379739129593954,,,,,0,,0.17984393247631716,1,ai_phishing+account_takeover,social_engineering+access,text_generation+credential_stuffing_automation,0.97,True,synthetic
TXN343324166392,U5320480,2026-07-04 15:18:17,228.86,USD,p2p_transfer,debit_card,MID759998,7995,Betting / Gambling,0.059,DEV17661011,android_mobile,0.1701821088565163,VN,SE,True,15,False,408.02192110130835,8,1,4.29,511,agent_assisted,video_verified,subprime,53.31,190,2,0,0.30765917934882137,0.8752988649334974,False,False,0,1,1,CLUSTER6126,2,0.3923082735967328,0.8021844139950027,0.9845883734844995,,,,,0,,0.24926428091807373,1,ai_phishing+account_takeover,social_engineering+access,text_generation+credential_stuffing_automation,0.818,True,synthetic
TXN384230352133,U0986772,2026-07-25 12:49:11,295.1,USD,p2p_transfer,credit_card,MID119029,6011,ATM / Cash Disbursement,0.08,DEV63880746,ios_mobile,0.053318858429329666,BD,AU,True,12,False,163.46994409995256,7,0,18.9,258,mobile_app_remote,video_verified,near_prime,44.43,283,2,0,0.8328962546908878,0.9073034041306303,True,True,0,1,2,CLUSTER4416,2,2.6574409365185487,0.8424704287529361,0.9661616864774071,,,,,0,,0.20118203856970424,1,ai_phishing+account_takeover,social_engineering+access,text_generation+credential_stuffing_automation,0.94,True,synthetic
TXN837319979276,U9050384,2026-06-30 16:34:57,416.21,USD,p2p_transfer,prepaid_card,MID118767,6051,Crypto / Digital Currency,0.2,DEV83596095,mac_desktop,0.05184822316732293,ID,US,True,16,False,528.0941782079553,5,1,18.13,788,mobile_app_remote,video_verified,near_prime,26.1,250,1,0,0.7473358533020749,0.8984664449841642,True,False,0,1,1,CLUSTER9176,3,0.5516029363783627,0.7703672418233791,0.7718046690129965,,,,,0,,0.22589807211458324,1,ai_phishing+account_takeover,social_engineering+access,text_generation+credential_stuffing_automation,0.945,True,synthetic
TXN460558826232,U3080219,2026-08-07 04:28:57,133.65,USD,p2p_transfer,upi,MID420337,6300,Insurance,0.249,DEV13012687,linux_desktop,0.0690103945651686,EG,GB,True,4,False,385.4608947165355,2,2,5.36,70,mobile_app_remote,basic_document,prime,59.07,91,2,1,0.5865532633168897,0.7725406943658734,False,False,0,1,1,CLUSTER1274,2,2.807950796576322,0.8952896212670101,0.9614636244224749,,,,,0,,0.29304757636763556,1,ai_phishing+account_takeover,social_engineering+access,text_generation+credential_stuffing_automation,0.889,True,synthetic
TXN845892305935,U0656022,2026-07-22 06:07:24,257.03,USD,card_not_present_online,debit_card,MID208954,5964,Direct Marketing / Catalog,0.191,DEV16521748,linux_desktop,0.07770020720604999,BD,GB,True,6,True,494.1874811614537,3,1,11.71,731,web_remote,video_verified,near_prime,21.95,83,2,1,0.14804915178264638,0.8543803003949695,False,False,0,1,2,CLUSTER9451,1,1.9289463502192508,0.9563792651147704,0.9642288404979127,,,,,0,,0.2815388075422631,1,ai_phishing+account_takeover,social_engineering+access,text_generation+credential_stuffing_automation,0.938,True,synthetic
TXN610062095624,U6060869,2026-07-20 09:30:48,94.67,USD,card_not_present_online,digital_wallet,MID568016,5812,Restaurants,0.206,DEV26679237,android_mobile,0.15194685357093388,EG,AU,True,9,False,457.3130457252484,8,1,2.42,404,web_remote,in_branch_verified,super_prime,42.57,114,2,1,0.5906473523518417,0.9000558753449732,True,False,0,1,2,CLUSTER2666,3,1.6228833550396335,0.8469251270337694,0.9828112657925485,,,,,0,,0.2627862736394282,1,ai_phishing+account_takeover,social_engineering+access,text_generation+credential_stuffing_automation,0.909,True,synthetic
TXN707758451148,U2824118,2026-06-23 14:48:50,615.6,USD,card_not_present_online,upi,MID721270,5661,Shoe Stores,0.375,DEV32213089,mac_desktop,0.14751895125761044,RU,CA,True,14,False,578.5575194824189,8,0,5.98,413,in_branch,unverified,subprime,102.87,227,2,0,0.18934807155129513,0.7042354960804637,False,False,0,1,1,CLUSTER9241,2,1.7243234906962215,0.9348279041363771,0.9490212980662656,,,,,0,,0.15852604211052254,1,ai_phishing+account_takeover,social_engineering+access,text_generation+credential_stuffing_automation,0.891,True,synthetic
TXN618905387252,U1560669,2026-06-10 17:57:17,687.93,USD,card_not_present_online,debit_card,MID441634,4111,Transit / Transportation,0.116,DEV41641396,mac_desktop,0.15909718932250838,ID,JP,True,17,False,252.66430087611243,5,2,9.82,467,agent_assisted,in_branch_verified,thin_file,70.05,103,1,0,0.372863346564949,0.7592466651081868,True,False,0,1,2,CLUSTER4964,2,2.1912927802876547,0.7145166503249397,0.9519637333374972,,,,,0,,0.26327168957492175,1,ai_phishing+account_takeover,social_engineering+access,text_generation+credential_stuffing_automation,0.866,True,synthetic
TXN564567671819,U8977812,2026-08-09 23:08:18,187.16,USD,card_not_present_online,credit_card,MID450509,5812,Restaurants,0.489,DEV70480819,linux_desktop,0.031590216905515764,BD,NL,True,23,False,495.3194371008753,5,0,12.03,227,in_branch,video_verified,subprime,42.18,48,1,0,0.8391528451456516,0.7592582300720406,True,False,1,1,1,CLUSTER7809,3,0.40206819325396703,0.9522864552919408,0.8676850272101192,,,,,0,,0.034925284931732324,1,ai_phishing+account_takeover,social_engineering+access,text_generation+credential_stuffing_automation,0.921,True,synthetic
TXN789626710298,U8173499,2026-08-24 22:40:36,148.38,USD,card_not_present_online,prepaid_card,MID405999,4829,Money Transfer,0.241,DEV29783276,mac_desktop,0.0556755679817901,BD,NL,True,22,False,266.8145239673361,5,3,4.27,169,agent_assisted,unverified,prime,47.61,84,1,0,0.6082935467394978,0.8344988782778642,True,False,0,1,2,CLUSTER9989,3,1.6268755787711775,0.7900460013759597,0.9632005448692875,,,,,0,,0.2074384901685511,1,ai_phishing+account_takeover,social_engineering+access,text_generation+credential_stuffing_automation,0.927,True,synthetic
TXN841431398573,U4749261,2026-08-28 07:47:18,612.67,USD,card_not_present_online,debit_card,MID679765,5812,Restaurants,0.113,DEV67186816,mac_desktop,0.08507197889211553,BD,CA,True,7,False,169.58890608462517,3,1,38.65,473,in_branch,unverified,super_prime,15.85,173,2,0,0.17365009100040146,0.7800732087223912,True,True,0,1,2,CLUSTER1518,2,0.6961461532403058,0.8115752654462794,0.9633558023269635,,,,,0,,0.22235489483847928,1,ai_phishing+account_takeover,social_engineering+access,text_generation+credential_stuffing_automation,0.937,True,synthetic
TXN285781063111,U5666204,2026-07-18 22:39:50,537.81,USD,p2p_transfer,debit_card,MID266634,4111,Transit / Transportation,0.101,DEV61520199,windows_desktop,0.0721296532245369,BD,GB,True,22,False,199.56489689242244,5,1,16.47,484,agent_assisted,basic_document,thin_file,32.65,193,1,0,0.29769872938025593,0.8288104487505404,True,False,0,1,2,CLUSTER1412,3,1.9666124898164203,0.9141677190439892,0.9353274223329575,,,,,0,,0.2061462846492522,1,ai_phishing+account_takeover,social_engineering+access,text_generation+credential_stuffing_automation,0.94,True,synthetic
TXN695596342732,U3044555,2026-07-29 11:46:37,211.74,USD,p2p_transfer,bank_transfer,MID351236,7011,Hotels / Lodging,0.248,DEV47325297,ios_mobile,0.06991892693908554,BD,SE,True,11,True,263.6751439371062,7,4,8.53,387,agent_assisted,basic_document,near_prime,55.18,52,1,0,0.5937056362953022,0.9012317487338716,True,True,0,1,1,CLUSTER3805,1,0.1799193175642747,0.8473180033774628,0.8970591782799322,,,,,0,,0.24869666213423616,1,ai_phishing+account_takeover,social_engineering+access,text_generation+credential_stuffing_automation,0.904,True,synthetic
TXN336652889407,U9047718,2026-07-15 23:21:38,474.51,USD,card_not_present_online,credit_card,MID588007,5812,Restaurants,0.151,DEV39135777,linux_desktop,0.04234042503215671,NG,DE,True,23,True,390.2567661482923,3,3,11.15,154,mobile_app_remote,video_verified,near_prime,42.57,131,1,0,0.2694764204041044,0.8590707842281943,True,False,0,1,1,CLUSTER1123,3,2.7779828595004226,0.7651462443952043,0.9570094375231579,,,,,0,,0.28709299557039614,1,ai_phishing+account_takeover,social_engineering+access,text_generation+credential_stuffing_automation,0.889,True,synthetic
TXN718172711886,U2772983,2026-06-26 12:12:41,369.47,USD,card_not_present_online,credit_card,MID928327,4829,Money Transfer,0.173,DEV11044323,mac_desktop,0.19376258487817444,BD,CA,True,12,True,470.49763440850523,6,1,4.42,244,web_remote,video_verified,super_prime,39.91,45,2,2,0.7078091891741043,0.854362048857094,True,False,0,1,2,CLUSTER4410,3,1.4529287558381672,0.8398095094212151,0.9630373244547038,,,,,0,,0.24498756338940836,1,ai_phishing+account_takeover,social_engineering+access,text_generation+credential_stuffing_automation,0.951,True,synthetic
TXN996498656117,U1938055,2026-07-26 08:44:35,174.6,USD,p2p_transfer,debit_card,MID835806,5964,Direct Marketing / Catalog,0.49,DEV84720439,windows_desktop,0.12209728131795895,RU,NL,True,8,False,322.14196799310014,8,1,2.54,665,in_branch,unverified,thin_file,68.65,98,2,0,0.36987359461746394,0.8005293386064838,True,True,0,1,1,CLUSTER2271,3,2.7029675120192613,0.9368719697113617,0.7982283600130999,,,,,0,,0.2189767427161778,1,ai_phishing+account_takeover,social_engineering+access,text_generation+credential_stuffing_automation,0.947,True,synthetic
TXN396432774195,U3593617,2026-07-29 09:08:01,227.58,USD,card_not_present_online,debit_card,MID676260,4899,Cable / Streaming Services,0.137,DEV25086388,mac_desktop,0.15706865563781114,NG,JP,True,9,True,488.0757287005752,8,1,2.57,707,mobile_app_remote,in_branch_verified,thin_file,88.53,111,1,0,0.24983582291908732,0.8102281608703243,True,False,0,1,2,CLUSTER2873,2,2.3792820097148635,0.8733290988220027,0.8968089059047425,,,,,0,,0.03263833831660405,1,ai_phishing+account_takeover,social_engineering+access,text_generation+credential_stuffing_automation,0.904,True,synthetic
TXN419922113354,U0826001,2026-06-16 01:13:43,307.96,USD,p2p_transfer,debit_card,MID445421,7011,Hotels / Lodging,0.517,DEV10432651,android_mobile,0.12632794943059053,PK,CA,True,1,False,476.1553245104576,7,1,15.88,734,api_partner_onboarding,basic_document,subprime,44.11,15,1,1,0.7340026446883785,0.8959855962079809,True,False,0,1,2,CLUSTER7251,1,1.6885740619349878,0.8271071747578456,0.8272399401616349,,,,,0,,0.19243110616145132,1,ai_phishing+account_takeover,social_engineering+access,text_generation+credential_stuffing_automation,0.918,True,synthetic
TXN878345423784,U8548378,2026-07-14 18:05:58,387.94,USD,p2p_transfer,prepaid_card,MID756815,5732,Electronics Stores,0.292,DEV21193675,windows_desktop,0.1197024115794315,NG,DE,True,18,False,380.48596189970294,3,0,3.32,683,in_branch,unverified,near_prime,50.85,243,2,0,0.8386234501076643,0.8192978584827617,True,False,0,1,2,CLUSTER5279,3,2.8076064174481887,0.9322806221801665,0.8974572418632794,,,,,0,,0.029433264538560232,1,ai_phishing+account_takeover,social_engineering+access,text_generation+credential_stuffing_automation,0.954,True,synthetic
TXN618721589359,U0980920,2026-06-20 23:50:22,737.42,USD,card_not_present_online,bank_transfer,MID976850,4829,Money Transfer,0.354,DEV67279531,linux_desktop,0.08296070556794102,NG,JP,True,23,True,43.80013652776231,4,0,33.38,566,in_branch,video_verified,prime,22.09,134,1,0,0.19107122607884952,0.958067711942783,True,True,0,1,1,CLUSTER8169,1,0.16514434481773366,0.7873700230458308,0.75377814594775,,,,,0,,0.11195988665823971,1,ai_phishing+account_takeover,social_engineering+access,text_generation+credential_stuffing_automation,0.922,True,synthetic
TXN344853078056,U8557892,2026-08-26 23:30:02,88.95,USD,card_not_present_online,bank_transfer,MID429199,4111,Transit / Transportation,0.221,DEV20691755,ios_mobile,0.1795794228121694,PK,NL,True,23,False,500.96367214452687,8,1,10.65,349,mobile_app_remote,video_verified,prime,23.33,254,1,1,0.5645906560170707,0.8707632759522852,False,False,0,1,2,CLUSTER9536,3,2.6679119953540855,0.8299390838287228,0.9456481540779927,,,,,0,,0.1856867720224396,1,ai_phishing+account_takeover,social_engineering+access,text_generation+credential_stuffing_automation,0.907,True,synthetic
TXN758927651470,U3679547,2026-06-11 17:54:38,226.78,USD,p2p_transfer,bank_transfer,MID880460,7011,Hotels / Lodging,0.095,DEV49210709,linux_desktop,0.023577307732412504,PK,JP,True,17,False,293.6523350132815,7,2,53.55,151,web_remote,unverified,subprime,17.02,104,1,0,0.6415609917580158,0.8845565243944304,False,False,0,1,2,CLUSTER2018,1,2.6322327681681634,0.7142653813664284,0.892683166173738,,,,,0,,0.09083461127276961,1,ai_phishing+account_takeover,social_engineering+access,text_generation+credential_stuffing_automation,0.96,True,synthetic
TXN172789440893,U0639694,2026-08-20 10:36:45,82.75,USD,p2p_transfer,upi,MID135421,8299,Educational Services,0.371,DEV78171312,ios_mobile,0.16733670233634382,NG,SG,True,10,True,310.57572963582334,2,1,8.17,332,agent_assisted,unverified,subprime,60.03,272,1,0,0.8266209812318768,0.7563845798092306,True,False,0,1,1,CLUSTER1213,1,0.07753358621574702,0.7543409467263003,0.8929457703358368,,,,,0,,0.2422105293316251,1,ai_phishing+account_takeover,social_engineering+access,text_generation+credential_stuffing_automation,0.923,True,synthetic
TXN642741219076,U9432529,2026-08-02 08:21:26,192.46,USD,p2p_transfer,prepaid_card,MID442793,4829,Money Transfer,0.235,DEV93985972,ios_mobile,0.036818920795053015,ID,NL,True,8,False,503.6033468046472,7,1,27.79,687,in_branch,in_branch_verified,near_prime,19.17,272,2,1,0.7503822198254205,0.8080663233656459,True,False,0,1,1,CLUSTER5977,3,0.7996785205147448,0.7257962995438951,0.8233225485349648,,,,,0,,0.2431202199500727,1,ai_phishing+account_takeover,social_engineering+access,text_generation+credential_stuffing_automation,0.865,True,synthetic
TXN365491694980,U4502302,2026-07-11 23:39:30,215.07,USD,card_not_present_online,upi,MID194199,7011,Hotels / Lodging,0.258,DEV34815854,linux_desktop,0.11635278125511918,NG,US,True,23,False,335.7171047092613,4,0,2.34,175,agent_assisted,unverified,near_prime,91.9,186,2,1,0.17606577530302897,0.7962405489284646,True,False,0,1,2,CLUSTER3414,2,2.841222911879171,0.8435662758986235,0.8228898424678988,,,,,0,,0.05191509442410271,1,ai_phishing+account_takeover,social_engineering+access,text_generation+credential_stuffing_automation,0.919,True,synthetic
TXN150067519730,U0160692,2026-08-22 23:08:42,316.98,USD,p2p_transfer,bank_transfer,MID531217,6300,Insurance,0.332,DEV46580478,windows_desktop,0.12000795249805098,NG,GB,True,23,False,254.11806192832023,7,0,12.25,222,mobile_app_remote,in_branch_verified,near_prime,25.87,254,1,0,0.3821222299634015,0.9044089110021916,True,False,0,1,2,CLUSTER7272,2,2.578133761906086,0.9182323947885618,0.9428201128813626,,,,,0,,0.04853952570540438,1,ai_phishing+account_takeover,social_engineering+access,text_generation+credential_stuffing_automation,0.966,True,synthetic
TXN843551310877,U3482372,2026-07-08 12:30:05,110.58,USD,card_not_present_online,prepaid_card,MID519244,5941,Sporting Goods,0.278,DEV56188290,linux_desktop,0.15328670634065839,EG,AU,True,12,True,576.2487946072177,6,1,4.54,794,mobile_app_remote,video_verified,prime,24.34,169,2,0,0.1769883638799598,0.9583997244201725,True,False,0,1,2,CLUSTER1930,3,0.19091386465074145,0.8331732184397356,0.9404045486154667,,,,,0,,0.2155791092876477,1,ai_phishing+account_takeover,social_engineering+access,text_generation+credential_stuffing_automation,0.915,True,synthetic
TXN576927847831,U8292010,2026-07-03 01:30:35,236.03,USD,card_not_present_online,debit_card,MID549778,5964,Direct Marketing / Catalog,0.156,DEV65443890,android_mobile,0.15811803344689496,PK,CA,True,1,False,501.91317134400646,4,1,12.48,608,in_branch,basic_document,subprime,18.92,77,2,0,0.13716089258368386,0.8174419563161937,True,False,1,1,1,CLUSTER8984,3,2.999441368210057,0.9584243853098354,0.7761179271582715,,,,,0,,0.14522528562553141,1,ai_phishing+account_takeover,social_engineering+access,text_generation+credential_stuffing_automation,0.879,True,synthetic
TXN735642723422,U4589407,2026-07-21 08:12:36,79.63,USD,card_not_present_online,bank_transfer,MID642771,6051,Crypto / Digital Currency,0.047,DEV99843601,windows_desktop,0.050793881701267876,PK,NL,True,8,False,65.92311424181354,3,1,78.85,337,in_branch,unverified,super_prime,8.88,257,2,0,0.726534691678798,0.8983444136702662,True,False,0,1,2,CLUSTER1454,1,0.20907692132570765,0.8301403872584054,0.7578860264522169,,,,,0,,0.19532750934355325,1,ai_phishing+account_takeover,social_engineering+access,text_generation+credential_stuffing_automation,0.923,True,synthetic
TXN436143178776,U5604067,2026-06-07 00:56:05,132.07,USD,card_not_present_online,upi,MID414925,5967,Direct Marketing / Adult,0.19,DEV21219918,linux_desktop,0.04737759485434696,NG,DE,True,0,True,520.6365719199546,3,3,48.41,162,web_remote,basic_document,near_prime,16.42,277,1,1,0.5713744638293848,0.8451275242895766,True,False,0,1,2,CLUSTER7787,2,2.6197231491793547,0.8318915788069408,0.7758823313049333,,,,,0,,0.21830612260906357,1,ai_phishing+account_takeover,social_engineering+access,text_generation+credential_stuffing_automation,0.918,True,synthetic
TXN445234430849,U8706486,2026-07-06 20:48:39,195.97,USD,card_not_present_online,debit_card,MID295462,5691,Apparel,0.049,DEV16454991,linux_desktop,0.026196734304969813,RU,NL,True,20,True,175.6088697046569,6,1,26.88,142,in_branch,unverified,near_prime,18.36,15,2,0,0.6870350604289059,0.971682024368759,True,False,0,1,2,CLUSTER2069,3,0.6634970866997625,0.7752769391272304,0.8689931566142113,,,,,0,,0.09652399757418187,1,ai_phishing+account_takeover,social_engineering+access,text_generation+credential_stuffing_automation,0.914,True,synthetic
TXN355983895789,U7213190,2026-07-11 23:19:05,263.21,USD,p2p_transfer,prepaid_card,MID808464,5411,Grocery Stores,0.054,DEV94694138,ios_mobile,0.054092438228480644,NG,SG,True,23,True,224.53371228254235,3,2,15.45,814,agent_assisted,basic_document,prime,13.29,51,1,1,0.7886889152769894,0.8710983617460156,True,False,0,1,1,CLUSTER4532,1,1.9548263303370266,0.7494593471957021,0.9803779684568583,,,,,0,,0.25405206620364384,1,ai_phishing+account_takeover,social_engineering+access,text_generation+credential_stuffing_automation,0.967,True,synthetic
TXN344805145578,U8058698,2026-06-01 12:22:45,267.17,USD,p2p_transfer,prepaid_card,MID349171,8011,Healthcare,0.259,DEV86403395,android_mobile,0.19958704144651168,PK,SG,True,12,False,438.7279164714158,3,0,4.9,495,agent_assisted,unverified,super_prime,54.58,202,1,0,0.29731511354038836,0.7600047619844672,False,False,0,1,2,CLUSTER5718,1,2.428328878298112,0.7303031930019906,0.8476881504785414,,,,,0,,0.2030680824785174,1,ai_phishing+account_takeover,social_engineering+access,text_generation+credential_stuffing_automation,0.911,True,synthetic
TXN716346927111,U4508067,2026-08-22 11:49:00,148.51,USD,card_not_present_online,bank_transfer,MID473945,4722,Travel Agencies,0.064,DEV78528861,mac_desktop,0.15226940873872355,BD,JP,True,11,True,335.7851151822335,8,2,5.74,221,agent_assisted,video_verified,near_prime,25.86,281,2,0,0.19517053148901675,0.8898425511330602,True,False,0,1,2,CLUSTER5444,3,2.9432628727566654,0.7274160168751627,0.8090272358554224,,,,,0,,0.13134755965940045,1,ai_phishing+account_takeover,social_engineering+access,text_generation+credential_stuffing_automation,0.943,True,synthetic
TXN296199247659,U1488699,2026-07-08 05:40:23,265.61,USD,card_not_present_online,prepaid_card,MID594214,4722,Travel Agencies,0.156,DEV71358287,android_mobile,0.11397718071244665,NG,JP,True,5,False,525.8129528425601,3,6,4.21,496,web_remote,video_verified,near_prime,63.15,176,1,1,0.3867790551474036,0.9080256833166934,False,True,0,1,1,CLUSTER5643,1,1.8183796499569191,0.7339527169985424,0.8231580566648096,,,,,0,,0.2051547206888629,1,ai_phishing+account_takeover,social_engineering+access,text_generation+credential_stuffing_automation,0.865,True,synthetic
TXN671134531771,U6489750,2026-08-20 05:52:44,140.3,USD,p2p_transfer,prepaid_card,MID700621,5999,Misc Retail,0.183,DEV97338728,mac_desktop,0.1188505238667387,VN,CA,True,5,False,37.86758120613093,4,1,12.67,365,in_branch,unverified,thin_file,58.6,285,1,0,0.5899865263919738,0.9370943899011311,True,False,0,1,1,CLUSTER1813,3,1.7715482950283326,0.9680362754326681,0.7647831803159376,,,,,0,,0.24775532156667124,1,ai_phishing+account_takeover,social_engineering+access,text_generation+credential_stuffing_automation,0.942,True,synthetic
TXN432464869890,U8853249,2026-06-03 03:37:15,177.74,USD,card_not_present_online,upi,MID696435,5999,Misc Retail,0.415,DEV10100757,android_mobile,0.17273545689254607,BD,SG,True,3,True,229.0902742549053,6,1,16.61,183,in_branch,basic_document,thin_file,10.7,37,2,0,0.24942634485376922,0.968016250931463,False,False,0,1,1,CLUSTER7454,2,0.08800717794983015,0.9479296724359727,0.9804383238463725,,,,,0,,0.12121623196287389,1,ai_phishing+account_takeover,social_engineering+access,text_generation+credential_stuffing_automation,0.929,True,synthetic
TXN153374278433,U9016396,2026-07-04 19:52:50,155.62,USD,p2p_transfer,digital_wallet,MID361621,7995,Betting / Gambling,0.109,DEV44991405,ios_mobile,0.10413873016112973,NG,JP,True,19,True,392.2652305872131,2,1,3.5,295,web_remote,in_branch_verified,prime,44.41,236,1,0,0.10043716208227181,0.7647475765147111,True,True,0,1,2,CLUSTER4053,3,0.3195435901948225,0.9086549839024809,0.940913645097682,,,,,0,,0.27083785930096754,1,ai_phishing+account_takeover,social_engineering+access,text_generation+credential_stuffing_automation,0.934,True,synthetic
TXN133258282301,U0132036,2026-08-13 07:20:17,396.03,USD,card_not_present_online,upi,MID521249,5941,Sporting Goods,0.474,DEV68955705,windows_desktop,0.03967507759566545,NG,GB,True,7,False,139.9126973249574,6,3,4.41,356,in_branch,unverified,thin_file,89.82,42,1,0,0.30139659864564106,0.8844489627775569,True,False,0,1,1,CLUSTER1604,2,2.2008988999314623,0.8017439048014176,0.9366315659874674,,,,,0,,0.14545450644156008,1,ai_phishing+account_takeover,social_engineering+access,text_generation+credential_stuffing_automation,0.913,True,synthetic
TXN354658742170,U0930590,2026-07-01 15:47:25,246.01,USD,card_not_present_online,upi,MID564807,5541,Fuel / Gas Stations,0.464,DEV16515380,mac_desktop,0.12020002819016423,BD,JP,True,15,False,492.54096521585103,7,2,24.12,830,mobile_app_remote,basic_document,near_prime,10.2,150,1,0,0.17205638992161465,0.8976742645023352,True,True,0,1,1,CLUSTER9104,1,2.512148366296665,0.8197928218993525,0.841876848008926,,,,,0,,0.2226607692374265,1,ai_phishing+account_takeover,social_engineering+access,text_generation+credential_stuffing_automation,0.83,True,synthetic
TXN979969120309,U8223409,2026-07-13 11:48:26,287.29,USD,card_not_present_online,digital_wallet,MID334657,5941,Sporting Goods,0.238,DEV45588583,linux_desktop,0.037870193138612965,NG,JP,True,11,False,167.7944458811934,3,2,4.59,730,in_branch,video_verified,subprime,45.39,188,2,0,0.6045767068034735,0.9432386440872454,False,False,0,1,2,CLUSTER7919,1,0.6502610799979361,0.8119715027944236,0.81644600156959,,,,,0,,0.08370011838112161,1,ai_phishing+account_takeover,social_engineering+access,text_generation+credential_stuffing_automation,0.964,True,synthetic
TXN793208758832,U8213519,2026-06-23 12:35:58,197.45,USD,p2p_transfer,debit_card,MID897394,5311,Department Stores,0.172,DEV98169484,linux_desktop,0.16146319051246247,EG,CA,True,12,False,502.41924365242517,4,1,4.82,280,mobile_app_remote,video_verified,subprime,40.97,107,2,0,0.22606539082261212,0.7922490536717928,True,False,0,1,1,CLUSTER3450,1,1.5118011331648207,0.8008367361120077,0.9681457438282911,,,,,0,,0.12327176707729214,1,ai_phishing+account_takeover,social_engineering+access,text_generation+credential_stuffing_automation,0.894,True,synthetic
TXN534744074330,U7726064,2026-06-04 00:30:12,158.43,USD,card_not_present_online,credit_card,MID572243,5921,Liquor Stores,0.252,DEV73654790,windows_desktop,0.023732686588334734,ID,US,True,0,False,127.92033509213067,3,4,2.05,606,agent_assisted,video_verified,subprime,134.6,206,2,0,0.7454999219199319,0.774249035602538,False,False,0,1,2,CLUSTER5914,3,2.023037917912518,0.9391748627619908,0.9014883016407044,,,,,0,,0.10173364095115882,1,ai_phishing+account_takeover,social_engineering+access,text_generation+credential_stuffing_automation,0.959,True,synthetic
TXN432895486536,U6534415,2026-08-26 06:04:47,552.96,USD,card_not_present_online,upi,MID876086,5941,Sporting Goods,0.068,DEV44461225,ios_mobile,0.18337685942906828,PK,GB,True,6,False,586.6382513007939,6,1,8.45,668,in_branch,video_verified,subprime,65.45,265,2,0,0.10750641257041825,0.9294125977104863,True,False,0,1,2,CLUSTER8736,3,2.5287858625823603,0.7213641820749697,0.8853310793383238,,,,,0,,0.2324529146265481,1,ai_phishing+account_takeover,social_engineering+access,text_generation+credential_stuffing_automation,0.916,True,synthetic
TXN636733576438,U7536936,2026-07-16 07:23:21,295.74,USD,card_not_present_online,bank_transfer,MID958195,6051,Crypto / Digital Currency,0.197,DEV31817382,mac_desktop,0.16179672910762335,EG,SG,True,7,True,349.74743615923137,6,0,5.26,727,api_partner_onboarding,basic_document,super_prime,21.12,154,2,0,0.7189660319374663,0.7625146362840451,True,False,1,1,2,CLUSTER4809,2,1.66647344462567,0.9622773640383668,0.8777811332984549,,,,,0,,0.15038286203462872,1,ai_phishing+account_takeover,social_engineering+access,text_generation+credential_stuffing_automation,0.904,True,synthetic
TXN101958790737,U5902467,2026-06-10 00:47:01,77.94,USD,card_not_present_online,digital_wallet,MID845253,5661,Shoe Stores,0.466,DEV92652811,android_mobile,0.12753286286465237,VN,DE,True,0,False,333.2517908637476,6,1,9.98,407,api_partner_onboarding,video_verified,subprime,25.57,198,2,0,0.6219928721298913,0.8293668509114897,False,False,0,1,1,CLUSTER7963,3,0.579217772904908,0.7733695486716872,0.8997420663296112,,,,,0,,0.15321540040024367,1,ai_phishing+account_takeover,social_engineering+access,text_generation+credential_stuffing_automation,0.945,True,synthetic
TXN235957812143,U5179114,2026-08-11 12:30:48,391.8,USD,p2p_transfer,credit_card,MID800434,8011,Healthcare,0.038,DEV73133554,ios_mobile,0.1804859638282892,NG,JP,True,12,False,557.6201099848707,5,1,11.98,604,api_partner_onboarding,basic_document,subprime,27.07,92,2,0,0.7608051638184657,0.746970614911669,True,True,0,1,1,CLUSTER3862,2,2.9038194119762886,0.7458710716141735,0.981496997435312,,,,,0,,0.1564514444155228,1,ai_phishing+account_takeover,social_engineering+access,text_generation+credential_stuffing_automation,0.945,True,synthetic
TXN406460549941,U4831302,2026-06-18 00:06:17,490.56,USD,p2p_transfer,bank_transfer,MID650565,8299,Educational Services,0.319,DEV12329176,ios_mobile,0.12399121233768244,BD,AU,True,0,False,354.235818225253,5,2,16.7,321,mobile_app_remote,video_verified,subprime,29.38,163,1,0,0.33063336397321375,0.7772641778239333,True,False,0,1,2,CLUSTER2615,2,2.7541206328936085,0.9290019544109606,0.8929829610400956,,,,,0,,0.0034928112283767352,1,ai_phishing+account_takeover,social_engineering+access,text_generation+credential_stuffing_automation,0.954,True,synthetic
TXN194366284624,U7838531,2026-06-05 19:04:18,431.07,USD,p2p_transfer,prepaid_card,MID976369,8299,Educational Services,0.178,DEV35652370,android_mobile,0.18359262407269608,ID,SE,True,19,True,498.34577546035416,7,1,16.62,351,web_remote,basic_document,subprime,25.94,144,2,0,0.32582815110369556,0.7952041616566385,False,False,0,1,2,CLUSTER8088,3,1.483850361734731,0.7877276351645857,0.9443162698360078,,,,,0,,0.24109811039137022,1,ai_phishing+account_takeover,social_engineering+access,text_generation+credential_stuffing_automation,0.936,True,synthetic
TXN984569898599,U5227776,2026-07-13 16:08:58,527.57,USD,p2p_transfer,prepaid_card,MID805526,5661,Shoe Stores,0.123,DEV99914196,ios_mobile,0.12969322307559067,VN,GB,True,16,False,455.98286032436056,5,0,21.55,80,agent_assisted,in_branch_verified,thin_file,24.48,31,1,0,0.1446013544532508,0.85931522729166,True,False,0,1,2,CLUSTER6837,3,2.304919202457824,0.7643306904851095,0.9743666574719432,,,,,0,,0.20270404866873223,1,ai_phishing+account_takeover,social_engineering+access,text_generation+credential_stuffing_automation,0.952,True,synthetic
TXN866818954388,U4516899,2026-07-04 16:50:41,646.22,USD,p2p_transfer,credit_card,MID349021,5921,Liquor Stores,0.107,DEV83923304,ios_mobile,0.09242214673510002,RU,GB,True,16,False,435.52180332181365,8,0,37.64,83,api_partner_onboarding,unverified,near_prime,17.17,168,1,2,0.14148396154399145,0.7725514221476188,True,False,0,1,2,CLUSTER2632,3,1.038492102065743,0.8621448096490527,0.9833499862820434,,,,,0,,0.29872022887842914,1,ai_phishing+account_takeover,social_engineering+access,text_generation+credential_stuffing_automation,0.866,True,synthetic
TXN331337896469,U7883446,2026-06-12 19:26:36,166.64,USD,p2p_transfer,digital_wallet,MID934183,5812,Restaurants,0.165,DEV69857456,ios_mobile,0.1770544722295395,PK,NL,True,19,False,393.6788877701097,8,1,2.68,190,agent_assisted,unverified,prime,62.65,295,2,0,0.7949752874096758,0.7584929204423803,True,True,0,1,2,CLUSTER5859,3,1.030352266455017,0.9526082848944208,0.7623855277548415,,,,,0,,0.21569625093628905,1,ai_phishing+account_takeover,social_engineering+access,text_generation+credential_stuffing_automation,0.936,True,synthetic
TXN782078792406,U1389611,2026-07-05 16:40:19,817.77,USD,card_not_present_online,digital_wallet,MID583086,4829,Money Transfer,0.217,DEV46992758,ios_mobile,0.08584546114230186,NG,US,True,16,False,344.7362708852687,8,2,3.46,586,in_branch,video_verified,thin_file,23.5,241,2,0,0.6036323779676094,0.9772486558590681,True,False,0,1,2,CLUSTER4202,2,2.703875995773905,0.7485377727534136,0.9680776961613613,,,,,0,,0.11961080754823916,1,ai_phishing+account_takeover,social_engineering+access,text_generation+credential_stuffing_automation,0.925,True,synthetic
TXN315543151081,U4732957,2026-07-22 23:10:39,144.86,USD,card_not_present_online,upi,MID967795,4722,Travel Agencies,0.556,DEV93311297,android_mobile,0.182340128097038,NG,DE,True,23,False,380.7552991957326,4,3,12.69,755,in_branch,in_branch_verified,near_prime,14.32,54,2,0,0.8144846190663448,0.9704506573091947,True,False,1,1,1,CLUSTER5976,1,2.3997917004037634,0.9480466825825153,0.7854070853078511,,,,,0,,0.16877135178580546,1,ai_phishing+account_takeover,social_engineering+access,text_generation+credential_stuffing_automation,0.842,True,synthetic
TXN833944175225,U6866464,2026-07-21 08:14:25,290.34,USD,card_not_present_online,digital_wallet,MID797266,4111,Transit / Transportation,0.344,DEV25625712,ios_mobile,0.03048988583746791,BD,SG,True,8,False,586.6435600516694,6,3,2.39,773,web_remote,basic_document,prime,121.58,20,1,0,0.14260449610048034,0.7774633295917246,True,False,0,1,1,CLUSTER1550,1,0.8618317117379966,0.7294336423502584,0.8737285346154766,,,,,0,,0.12182392926608088,1,ai_phishing+account_takeover,social_engineering+access,text_generation+credential_stuffing_automation,0.961,True,synthetic
TXN920243345000,U8251322,2026-08-27 14:38:56,67.44,USD,p2p_transfer,upi,MID452241,5541,Fuel / Gas Stations,0.195,DEV88401008,windows_desktop,0.07042017861049703,PK,NL,True,14,True,421.31564491654274,7,2,18.29,775,web_remote,video_verified,super_prime,28.94,79,2,1,0.7726747207727054,0.9706945213762528,True,False,0,1,1,CLUSTER9499,3,0.31890669235243274,0.9391512790244252,0.8288933707425298,,,,,0,,0.2504121086503797,1,ai_phishing+account_takeover,social_engineering+access,text_generation+credential_stuffing_automation,0.925,True,synthetic
TXN409713523109,U0986432,2026-07-29 10:54:54,122.28,USD,p2p_transfer,prepaid_card,MID884973,5661,Shoe Stores,0.021,DEV96039672,windows_desktop,0.19642255324918126,EG,SE,True,10,False,421.29420366362643,4,3,3.51,135,api_partner_onboarding,in_branch_verified,near_prime,34.85,198,2,0,0.3714486017465336,0.947395538102229,False,True,0,1,2,CLUSTER9758,3,2.3645227522862236,0.7373953501830831,0.8808778613381081,,,,,0,,0.0817385071513371,1,ai_phishing+account_takeover,social_engineering+access,text_generation+credential_stuffing_automation,0.973,True,synthetic
TXN768129814499,U0405585,2026-07-06 08:51:01,178.51,USD,card_not_present_online,credit_card,MID136030,7995,Betting / Gambling,0.195,DEV65874456,android_mobile,0.17550724249049057,VN,GB,True,8,True,548.382049845742,4,1,14.75,632,api_partner_onboarding,in_branch_verified,prime,30.46,159,1,0,0.6370288774805372,0.9020850174101198,False,False,0,1,1,CLUSTER2580,1,0.9223900761672404,0.7618890694570774,0.8376280154470112,,,,,0,,0.0419328516001758,1,ai_phishing+account_takeover,social_engineering+access,text_generation+credential_stuffing_automation,0.945,True,synthetic
TXN228007243818,U5245858,2026-08-13 20:51:27,63.68,USD,p2p_transfer,credit_card,MID775412,4722,Travel Agencies,0.201,DEV50006817,windows_desktop,0.14970742391378966,PK,US,True,20,False,320.3095761428192,6,3,14.27,821,in_branch,unverified,prime,19.6,146,2,0,0.6679855664698604,0.9076526174032682,True,True,0,1,2,CLUSTER2565,3,2.163621061254786,0.7123307472306892,0.8674792287121567,,,,,0,,0.29045098856170526,1,ai_phishing+account_takeover,social_engineering+access,text_generation+credential_stuffing_automation,0.967,True,synthetic
TXN152544460604,U5422635,2026-06-15 01:30:49,285.14,USD,card_not_present_online,credit_card,MID172863,5964,Direct Marketing / Catalog,0.247,DEV77785498,ios_mobile,0.1943350526789298,NG,CA,True,1,False,154.9416396008076,3,1,6.35,278,web_remote,unverified,super_prime,40.66,299,1,0,0.7134789434537656,0.7329997017078068,False,False,0,1,2,CLUSTER5710,3,0.4521381186695773,0.8511683944907188,0.9714002196260241,,,,,0,,0.0012723466016395623,1,ai_phishing+account_takeover,social_engineering+access,text_generation+credential_stuffing_automation,0.894,True,synthetic
TXN335952896841,U5518446,2026-06-06 01:11:51,388.94,USD,card_not_present_online,debit_card,MID253154,4829,Money Transfer,0.115,DEV71093316,android_mobile,0.1788247020238692,VN,AU,True,1,False,452.4242652843662,6,0,16.96,861,in_branch,video_verified,thin_file,22.93,92,2,0,0.3537162184108903,0.7695373348240174,False,False,0,1,1,CLUSTER6421,1,2.9917101596152738,0.7154372339010224,0.8173418529136566,,,,,0,,0.1240153951700037,1,ai_phishing+account_takeover,social_engineering+access,text_generation+credential_stuffing_automation,0.929,True,synthetic
TXN271889794187,U7949195,2026-06-09 16:05:47,105.75,USD,card_not_present_online,credit_card,MID465419,5964,Direct Marketing / Catalog,0.217,DEV41183560,ios_mobile,0.09478102590836532,EG,JP,True,16,False,189.60472803612302,4,2,5.98,748,in_branch,video_verified,prime,17.67,72,1,0,0.38110769347082807,0.8362103023714446,True,False,0,1,2,CLUSTER8206,1,2.541056228878768,0.7855742480299213,0.9012193278241514,,,,,0,,0.29579275491610735,1,ai_phishing+account_takeover,social_engineering+access,text_generation+credential_stuffing_automation,0.94,True,synthetic
TXN493485620896,U9363717,2026-06-19 12:34:24,156.32,USD,p2p_transfer,prepaid_card,MID362129,5812,Restaurants,0.073,DEV26554811,android_mobile,0.05433597946193114,EG,AU,True,12,False,223.65092657261488,2,0,0.84,867,web_remote,in_branch_verified,near_prime,186.75,140,1,1,0.3084735233515409,0.7559371092959366,True,False,0,1,2,CLUSTER3285,1,2.7689669870799647,0.9391525168189434,0.9842419216278081,,,,,0,,0.15559680195832656,1,ai_phishing+account_takeover,social_engineering+access,text_generation+credential_stuffing_automation,0.944,True,synthetic
TXN223923414817,U7672190,2026-06-16 09:46:00,170.79,USD,p2p_transfer,debit_card,MID559501,6012,Financial Institutions - Merchandise/Services,0.136,DEV43936329,mac_desktop,0.19620330001249092,BD,SG,True,9,False,580.9407921764468,2,4,20.29,350,api_partner_onboarding,video_verified,subprime,32.95,27,2,0,0.6919956966566979,0.7476930769977068,True,True,0,1,1,CLUSTER7076,1,0.9366719612944584,0.8810263314550152,0.9765297106826085,,,,,0,,0.17362462755985372,1,ai_phishing+account_takeover,social_engineering+access,text_generation+credential_stuffing_automation,0.903,True,synthetic
TXN558637647166,U5408061,2026-08-24 09:45:48,326.89,USD,card_not_present_online,debit_card,MID919915,8011,Healthcare,0.038,DEV54435373,ios_mobile,0.1078838040716111,ID,CA,True,9,True,427.8785059434083,8,2,13.4,264,in_branch,in_branch_verified,prime,18.72,216,2,0,0.5867427923887206,0.8599613145847465,True,False,0,1,1,CLUSTER8928,2,0.6844370252339084,0.873062589130763,0.8698105210595158,,,,,0,,0.20125767465664504,1,ai_phishing+account_takeover,social_engineering+access,text_generation+credential_stuffing_automation,0.89,True,synthetic
TXN947584577714,U7460617,2026-08-18 08:56:24,519.49,USD,card_not_present_online,bank_transfer,MID579540,6011,ATM / Cash Disbursement,0.315,DEV25547736,linux_desktop,0.04844397123928851,RU,US,True,8,False,155.90489635958772,6,2,9.99,572,mobile_app_remote,basic_document,thin_file,28.86,183,2,0,0.747539804921318,0.9256967122306394,False,False,0,1,2,CLUSTER8400,2,1.61963671756211,0.8191701101473455,0.9430886593920054,,,,,0,,0.20274549425485905,1,ai_phishing+account_takeover,social_engineering+access,text_generation+credential_stuffing_automation,0.887,True,synthetic
TXN789331501099,U4115034,2026-07-30 23:06:21,247.4,USD,card_not_present_online,debit_card,MID646715,6300,Insurance,0.266,DEV21840752,windows_desktop,0.0925888906875842,BD,CA,True,23,False,566.9247894222889,7,0,3.92,596,in_branch,in_branch_verified,near_prime,66.78,202,2,1,0.6378351705596539,0.8553955850779498,True,False,0,1,2,CLUSTER2768,2,0.9046312942081095,0.7419318737245832,0.9339694300791972,,,,,0,,0.194487010316541,1,ai_phishing+account_takeover,social_engineering+access,text_generation+credential_stuffing_automation,0.847,True,synthetic
TXN136599844328,U7824149,2026-06-12 04:49:10,310.64,USD,p2p_transfer,debit_card,MID376584,5941,Sporting Goods,0.232,DEV56236666,android_mobile,0.1735900934571851,PK,DE,True,4,False,321.0660615798286,7,0,6.83,194,in_branch,basic_document,near_prime,45.51,148,2,0,0.11285322006033949,0.8507482225196851,False,False,0,1,2,CLUSTER6924,3,2.2891372085156463,0.901762371786236,0.9858685203405646,,,,,0,,0.08438127645602861,1,ai_phishing+account_takeover,social_engineering+access,text_generation+credential_stuffing_automation,0.979,True,synthetic
TXN532202603153,U7223086,2026-08-13 15:39:42,181.05,USD,p2p_transfer,digital_wallet,MID521375,6300,Insurance,0.123,DEV30869517,android_mobile,0.041550184554395325,RU,US,True,15,True,122.9801386943532,4,3,5.22,789,web_remote,unverified,near_prime,34.68,67,1,0,0.3932157650462381,0.8277124978620047,True,True,0,1,2,CLUSTER5007,2,1.4848174765787672,0.8219818807151412,0.938691839631653,,,,,0,,0.06115290995368011,1,ai_phishing+account_takeover,social_engineering+access,text_generation+credential_stuffing_automation,0.899,True,synthetic
TXN554534171843,U6388242,2026-06-07 04:13:27,155.23,USD,p2p_transfer,debit_card,MID550164,5732,Electronics Stores,0.127,DEV68440504,mac_desktop,0.1570732243241187,ID,SE,True,4,True,545.5125951608834,2,3,14.7,367,in_branch,in_branch_verified,prime,10.56,282,1,0,0.19265807578551272,0.9312275679467508,True,False,0,1,1,CLUSTER8748,2,2.647612118278882,0.9361683973308912,0.900335265545797,,,,,0,,0.10422105365706404,1,ai_phishing+account_takeover,social_engineering+access,text_generation+credential_stuffing_automation,0.937,True,synthetic
TXN602017739404,U6429641,2026-07-05 21:03:37,424.19,USD,p2p_transfer,debit_card,MID948915,8011,Healthcare,0.567,DEV43118377,windows_desktop,0.02992661763454267,ID,DE,True,21,False,348.064408022831,3,1,17.7,758,web_remote,unverified,subprime,23.96,212,2,0,0.28571021591923074,0.9391175237029856,True,False,0,1,2,CLUSTER5964,3,2.0713052461107497,0.7517377589629706,0.7849352766993395,,,,,0,,0.1546225529116967,1,ai_phishing+account_takeover,social_engineering+access,text_generation+credential_stuffing_automation,0.982,True,synthetic
TXN140376031524,U1363438,2026-06-06 14:24:08,215.1,USD,card_not_present_online,prepaid_card,MID640630,6051,Crypto / Digital Currency,0.051,DEV64922389,linux_desktop,0.1493169137479769,NG,CA,True,14,False,473.2681733363338,7,2,15.67,584,api_partner_onboarding,in_branch_verified,thin_file,7.44,87,1,0,0.6643545323322557,0.8201173023969276,True,False,0,1,2,CLUSTER8967,2,1.5978213034299849,0.8301821676317005,0.832755241490396,,,,,0,,0.08563632258332605,1,ai_phishing+account_takeover,social_engineering+access,text_generation+credential_stuffing_automation,0.978,True,synthetic
TXN124109563621,U8699279,2026-07-31 16:09:59,513.47,USD,p2p_transfer,prepaid_card,MID889797,8011,Healthcare,0.302,DEV59780875,android_mobile,0.15446222840112767,BD,SE,True,16,True,423.5737429422268,2,1,14.51,108,in_branch,basic_document,subprime,12.06,180,2,1,0.5521637595844084,0.7918950256015492,False,False,0,1,2,CLUSTER5369,2,1.4035365966248081,0.8717335933695043,0.9174670968935319,,,,,0,,0.09263860354425642,1,ai_phishing+account_takeover,social_engineering+access,text_generation+credential_stuffing_automation,0.925,True,synthetic
TXN486215437220,U2331983,2026-08-18 08:13:21,96.99,USD,card_not_present_online,credit_card,MID859038,6011,ATM / Cash Disbursement,0.214,DEV27385014,ios_mobile,0.04698604893760854,NG,AU,True,8,True,98.54179383830801,6,1,18.15,754,agent_assisted,video_verified,subprime,27.06,180,2,0,0.7813279646508234,0.819099804193568,False,False,0,1,1,CLUSTER5291,2,1.6735403918365233,0.9196996158073358,0.819430103871536,,,,,0,,0.004328372624298427,1,ai_phishing+account_takeover,social_engineering+access,text_generation+credential_stuffing_automation,0.936,True,synthetic
TXN509235798673,U4745307,2026-06-18 06:59:34,86.21,USD,card_not_present_online,bank_transfer,MID526424,5999,Misc Retail,0.071,DEV67541647,linux_desktop,0.1567241347417114,BD,SE,True,6,True,470.0545726414904,7,2,8.49,519,in_branch,video_verified,prime,25.77,242,2,0,0.7244544430428578,0.7578670903102867,True,False,0,1,2,CLUSTER1004,1,1.2325263019668926,0.814401464427092,0.8749170896422314,,,,,0,,0.26054942092372757,1,ai_phishing+account_takeover,social_engineering+access,text_generation+credential_stuffing_automation,0.823,True,synthetic
TXN175242607089,U2216574,2026-07-26 07:11:41,80.0,USD,p2p_transfer,credit_card,MID872474,5999,Misc Retail,0.172,DEV43545150,mac_desktop,0.05580660528782452,EG,SG,True,7,True,495.54854943313217,6,2,13.39,405,in_branch,in_branch_verified,near_prime,30.11,146,1,0,0.8367665979786622,0.7162870935876396,True,False,0,1,2,CLUSTER7328,1,0.21777160515061356,0.7654839426729797,0.7886122499390569,,,,,0,,0.14307942380996538,1,ai_phishing+account_takeover,social_engineering+access,text_generation+credential_stuffing_automation,0.964,True,synthetic
TXN903958151580,U0199705,2026-06-10 09:40:50,394.95,USD,p2p_transfer,credit_card,MID417712,8299,Educational Services,0.157,DEV86932273,windows_desktop,0.18560087973178271,ID,AU,True,9,False,566.9506357069831,2,1,33.05,122,in_branch,basic_document,near_prime,11.95,65,1,1,0.29201813416788713,0.7646437138439204,True,False,0,1,2,CLUSTER6961,3,0.14610062712631278,0.8000956191439657,0.9240164809745938,,,,,0,,0.27905685218478665,1,ai_phishing+account_takeover,social_engineering+access,text_generation+credential_stuffing_automation,0.866,True,synthetic
TXN123739698636,U8403442,2026-08-21 08:11:17,253.24,USD,p2p_transfer,prepaid_card,MID453776,6300,Insurance,0.489,DEV90172761,ios_mobile,0.08404400956580195,NG,SE,True,8,False,203.10490273681987,5,0,4.88,494,agent_assisted,video_verified,thin_file,51.94,53,1,0,0.23186673242105796,0.7147626615058186,True,False,0,1,2,CLUSTER3992,3,2.7324886062451244,0.8691718689895362,0.8886775881469293,,,,,0,,0.21799328919731423,1,ai_phishing+account_takeover,social_engineering+access,text_generation+credential_stuffing_automation,0.876,True,synthetic
TXN389537768945,U7898817,2026-07-07 00:39:06,85.76,USD,p2p_transfer,digital_wallet,MID989042,5964,Direct Marketing / Catalog,0.204,DEV96282464,linux_desktop,0.14001389618492385,BD,JP,True,0,False,541.9146807445096,2,3,2.97,138,api_partner_onboarding,basic_document,subprime,59.68,211,2,0,0.7503226931294029,0.7974932661561648,True,True,0,1,2,CLUSTER5003,3,2.3563697288983256,0.8250156482073192,0.8946525579897783,,,,,0,,0.1949392962130481,1,ai_phishing+account_takeover,social_engineering+access,text_generation+credential_stuffing_automation,0.967,True,synthetic
TXN792300496559,U4570109,2026-07-02 18:49:59,534.28,USD,p2p_transfer,bank_transfer,MID206479,8299,Educational Services,0.308,DEV20959727,linux_desktop,0.08815972133195352,ID,JP,True,18,False,398.68013799510004,5,2,18.0,139,mobile_app_remote,unverified,near_prime,29.69,244,2,1,0.30680721163590663,0.8654283138276371,True,False,0,1,1,CLUSTER8376,3,1.4717535238502804,0.7242810417443939,0.9312195671130608,,,,,0,,0.13198101272487828,1,ai_phishing+account_takeover,social_engineering+access,text_generation+credential_stuffing_automation,0.949,True,synthetic
TXN530791826506,U0721289,2026-07-05 09:48:27,276.26,USD,card_not_present_online,bank_transfer,MID224890,4111,Transit / Transportation,0.213,DEV71547281,android_mobile,0.15437220775721033,NG,US,True,9,True,591.0088364208231,2,0,11.01,83,mobile_app_remote,in_branch_verified,subprime,25.1,70,2,0,0.3978907218272093,0.8077665383298351,True,False,0,1,2,CLUSTER5099,3,0.5534786822293093,0.7920798380493219,0.9315494789053984,,,,,0,,0.29397840346581927,1,ai_phishing+account_takeover,social_engineering+access,text_generation+credential_stuffing_automation,0.881,True,synthetic
TXN482415329278,U3784812,2026-08-06 03:08:19,151.83,USD,p2p_transfer,digital_wallet,MID229028,6300,Insurance,0.195,DEV83255132,android_mobile,0.1564115700780837,VN,AU,True,3,True,277.0959945802947,7,0,10.87,616,web_remote,basic_document,subprime,19.41,87,2,0,0.5617732942308569,0.8513826864298956,True,False,0,1,2,CLUSTER5435,2,2.6327609601087745,0.8287855468464013,0.9427466214401651,,,,,0,,0.138051535383517,1,ai_phishing+account_takeover,social_engineering+access,text_generation+credential_stuffing_automation,0.87,True,synthetic
TXN869265024797,U7286198,2026-06-10 14:55:28,1617.08,USD,p2p_transfer,debit_card,MID982721,5999,Misc Retail,0.173,DEV64172257,android_mobile,0.1154176324597398,VN,JP,True,14,True,367.2203274451691,2,4,47.91,755,in_branch,video_verified,prime,33.75,91,1,0,0.2161882910856847,0.92390777229746,True,False,0,1,1,CLUSTER2673,2,0.0829772141074101,0.8799690163435377,0.9279132573431411,,,,,0,,0.2759743358596908,1,ai_phishing+account_takeover,social_engineering+access,text_generation+credential_stuffing_automation,0.939,True,synthetic
TXN940174217110,U1352421,2026-06-15 23:08:42,664.86,USD,p2p_transfer,credit_card,MID715828,5541,Fuel / Gas Stations,0.429,DEV65330150,ios_mobile,0.14185490883409557,NG,SE,True,23,True,368.14872729112096,5,0,16.87,539,mobile_app_remote,in_branch_verified,thin_file,39.4,110,2,0,0.1926816020715098,0.7279358087587654,True,False,0,1,2,CLUSTER8305,3,2.1950586593284402,0.9113066922343253,0.9678403846815309,,,,,0,,0.05328869686657819,1,ai_phishing+account_takeover,social_engineering+access,text_generation+credential_stuffing_automation,0.89,True,synthetic
TXN513724818612,U3704229,2026-07-01 18:38:56,682.62,USD,p2p_transfer,upi,MID645708,5921,Liquor Stores,0.279,DEV73539871,android_mobile,0.09381719292076442,BD,NL,True,18,True,365.5966530237009,6,0,24.68,765,mobile_app_remote,unverified,prime,21.39,63,2,0,0.7722377363351488,0.9322498252732374,True,True,0,1,2,CLUSTER7176,3,1.5334634960578066,0.7735220230079018,0.8060793545876536,,,,,0,,0.2126821723251614,1,ai_phishing+account_takeover,social_engineering+access,text_generation+credential_stuffing_automation,0.934,True,synthetic
TXN221619715984,U5631673,2026-08-26 03:04:43,297.78,USD,card_not_present_online,prepaid_card,MID823861,5732,Electronics Stores,0.235,DEV59679559,linux_desktop,0.05346601355056867,VN,CA,True,3,False,142.0670090624677,6,2,12.56,585,api_partner_onboarding,in_branch_verified,prime,23.7,165,2,0,0.12107077045568623,0.9479007224507586,True,False,0,1,1,CLUSTER1726,1,0.19532613482073502,0.968934441533206,0.7772078760339731,,,,,0,,0.23364196622051064,1,ai_phishing+account_takeover,social_engineering+access,text_generation+credential_stuffing_automation,0.929,True,synthetic
TXN976867860786,U2491116,2026-07-03 10:58:25,456.16,USD,card_not_present_online,credit_card,MID386944,5921,Liquor Stores,0.279,DEV19500916,linux_desktop,0.1297590508928635,ID,AU,True,10,False,294.20510548489074,6,2,25.81,122,in_branch,basic_document,prime,12.86,246,1,0,0.6657154677241586,0.7157285904632826,False,False,0,1,2,CLUSTER3381,3,0.12585952353915708,0.7858584444066629,0.7638436491711423,,,,,0,,0.28535539256930864,1,ai_phishing+account_takeover,social_engineering+access,text_generation+credential_stuffing_automation,0.955,True,synthetic
TXN798538276208,U2682544,2026-07-03 02:00:36,139.15,USD,p2p_transfer,upi,MID927763,5967,Direct Marketing / Adult,0.264,DEV57368988,mac_desktop,0.18795848803753828,PK,AU,True,2,False,354.2348525330305,8,1,2.54,325,mobile_app_remote,in_branch_verified,near_prime,49.51,199,2,0,0.597512992741836,0.9742119221215277,True,False,0,1,1,CLUSTER9294,3,1.1539567916472873,0.8740280040716316,0.9805178452651695,,,,,0,,0.2048091356661992,1,ai_phishing+account_takeover,social_engineering+access,text_generation+credential_stuffing_automation,0.904,True,synthetic
TXN752785413475,U4881681,2026-08-13 20:27:11,138.91,USD,card_not_present_online,upi,MID188968,5812,Restaurants,0.116,DEV81782585,android_mobile,0.059172599430732525,EG,NL,True,20,False,503.93057587296545,8,0,7.14,476,api_partner_onboarding,video_verified,subprime,48.79,182,1,1,0.7051272459911558,0.8070407663364028,True,False,0,1,2,CLUSTER8447,2,2.462663981553209,0.726905982905363,0.9374776055396853,,,,,0,,0.026935835309454734,1,ai_phishing+account_takeover,social_engineering+access,text_generation+credential_stuffing_automation,0.859,True,synthetic
TXN205846455565,U4000179,2026-08-14 18:15:23,222.36,USD,card_not_present_online,bank_transfer,MID157985,7995,Betting / Gambling,0.295,DEV26238750,linux_desktop,0.10675189260003608,NG,CA,True,18,True,474.7773224690381,5,3,5.04,541,agent_assisted,video_verified,prime,44.16,77,1,1,0.16713635453203635,0.7120876591061812,True,True,0,1,2,CLUSTER7367,2,0.4666529403903441,0.7389939695628829,0.9035170111160267,,,,,0,,0.12883848860851196,1,ai_phishing+account_takeover,social_engineering+access,text_generation+credential_stuffing_automation,0.984,True,synthetic
TXN874621341733,U4390729,2026-07-10 23:54:26,354.18,USD,p2p_transfer,digital_wallet,MID720233,6300,Insurance,0.128,DEV74194695,linux_desktop,0.13078475092525282,BD,GB,True,23,False,220.7664812583991,7,1,9.33,404,in_branch,video_verified,near_prime,30.45,190,2,1,0.5862567265000678,0.9315019997271106,True,False,0,1,2,CLUSTER3014,1,1.199534191884016,0.7163801651957654,0.9503112516254899,,,,,0,,0.1811016103589603,1,ai_phishing+account_takeover,social_engineering+access,text_generation+credential_stuffing_automation,0.853,True,synthetic
TXN998474072705,U8632257,2026-06-24 09:18:50,96.92,USD,p2p_transfer,credit_card,MID732802,6300,Insurance,0.159,DEV91724769,ios_mobile,0.1449678247840845,ID,US,True,9,True,566.9179522058106,6,2,18.84,895,api_partner_onboarding,basic_document,thin_file,18.97,173,1,0,0.8219438271338395,0.7068803633421189,True,False,0,1,1,CLUSTER4332,3,1.5496502318226506,0.9383248190429798,0.9511632890768491,,,,,0,,0.09250529773114367,1,ai_phishing+account_takeover,social_engineering+access,text_generation+credential_stuffing_automation,0.93,True,synthetic
TXN837396563091,U8808781,2026-08-09 08:40:00,1064.15,USD,p2p_transfer,bank_transfer,MID378185,7011,Hotels / Lodging,0.129,DEV14906970,ios_mobile,0.1516099998491719,VN,SG,True,8,False,101.30270561546915,6,4,30.38,349,mobile_app_remote,video_verified,prime,35.03,116,1,0,0.13482234799511938,0.8761542310700045,False,True,0,1,1,CLUSTER7005,1,1.2261259507365962,0.7658595672546196,0.8051790049905466,,,,,0,,0.2525095787366079,1,ai_phishing+account_takeover,social_engineering+access,text_generation+credential_stuffing_automation,0.917,True,synthetic
TXN253524854379,U4349641,2026-06-29 17:19:23,568.5,USD,card_not_present_online,upi,MID931037,5541,Fuel / Gas Stations,0.197,DEV48369736,ios_mobile,0.17914079397674953,VN,US,True,17,False,518.030298581001,6,2,17.2,466,mobile_app_remote,unverified,thin_file,33.06,246,1,0,0.22408107148612433,0.8028969668760386,True,False,0,1,1,CLUSTER9580,2,2.969652406158087,0.789439329762527,0.8807231269118649,,,,,0,,0.11913783098819283,1,ai_phishing+account_takeover,social_engineering+access,text_generation+credential_stuffing_automation,0.97,True,synthetic
TXN988160628388,U0207137,2026-06-15 03:32:49,106.18,USD,p2p_transfer,debit_card,MID114767,7011,Hotels / Lodging,0.103,DEV46628915,android_mobile,0.13449290023695296,VN,DE,True,3,True,40.14611887510243,7,1,3.26,236,in_branch,in_branch_verified,prime,32.61,98,2,0,0.13169376080428843,0.8971836398974292,False,False,0,1,2,CLUSTER8256,1,1.8086764105232713,0.850158727000279,0.8952238881717077,,,,,0,,0.07853364906252526,1,ai_phishing+account_takeover,social_engineering+access,text_generation+credential_stuffing_automation,0.917,True,synthetic
TXN307934205435,U3726938,2026-06-12 22:18:34,316.27,USD,p2p_transfer,credit_card,MID968144,4722,Travel Agencies,0.283,DEV91017968,android_mobile,0.14475169386772002,VN,SE,True,22,False,228.14826111406884,8,1,7.36,820,in_branch,video_verified,super_prime,15.71,195,2,0,0.6805870783795348,0.917455216457731,True,False,0,1,1,CLUSTER1886,3,0.4727151105690419,0.9473132393466359,0.8023263943831287,,,,,0,,0.052867699290203025,1,ai_phishing+account_takeover,social_engineering+access,text_generation+credential_stuffing_automation,0.923,True,synthetic
TXN881293870203,U8772149,2026-06-07 20:47:36,176.95,USD,card_not_present_online,credit_card,MID473223,6051,Crypto / Digital Currency,0.278,DEV73529475,linux_desktop,0.15308727578534953,RU,GB,True,20,False,372.098910797154,8,1,6.36,92,agent_assisted,in_branch_verified,thin_file,36.04,162,1,0,0.7679870296336866,0.9505788518637182,True,False,0,1,1,CLUSTER6299,1,1.2241840797728503,0.7592037650773519,0.8534555448352048,,,,,0,,0.25581117853878976,1,ai_phishing+account_takeover,social_engineering+access,text_generation+credential_stuffing_automation,0.908,True,synthetic
TXN146882796640,U8856247,2026-07-11 11:23:09,646.09,USD,p2p_transfer,debit_card,MID160920,4111,Transit / Transportation,0.329,DEV62133815,linux_desktop,0.08382513792045736,NG,DE,True,11,False,569.7152454632054,6,3,17.92,65,api_partner_onboarding,video_verified,subprime,36.06,187,1,0,0.1886648177410135,0.7642284591253059,True,False,0,1,1,CLUSTER6920,1,1.9158727252310506,0.9687026191625437,0.8453653740881371,,,,,0,,0.2830135512202526,1,ai_phishing+account_takeover,social_engineering+access,text_generation+credential_stuffing_automation,0.877,True,synthetic
TXN222449893080,U5115249,2026-08-03 19:07:20,112.63,USD,p2p_transfer,upi,MID847552,5967,Direct Marketing / Adult,0.132,DEV49638014,ios_mobile,0.09071807999707529,RU,SG,True,19,True,507.30404689773826,3,1,2.02,646,mobile_app_remote,unverified,subprime,86.24,229,2,0,0.814405623693861,0.9717817700952637,True,True,0,1,1,CLUSTER5928,3,0.4941918037296884,0.8750818610624631,0.9811057343207389,,,,,0,,0.2621413180918255,1,ai_phishing+account_takeover,social_engineering+access,text_generation+credential_stuffing_automation,0.96,True,synthetic
TXN679950323147,U0835257,2026-08-25 22:30:36,158.74,USD,p2p_transfer,upi,MID602659,6300,Insurance,0.123,DEV42151110,linux_desktop,0.07774938778792481,BD,JP,True,22,True,95.3353618632307,7,2,4.16,172,mobile_app_remote,basic_document,near_prime,38.18,159,2,0,0.28405492549409406,0.9763981558770849,False,False,0,1,1,CLUSTER7873,3,2.0843418456532397,0.7311051874558654,0.9507563617105054,,,,,0,,0.04253251350174355,1,ai_phishing+account_takeover,social_engineering+access,text_generation+credential_stuffing_automation,0.862,True,synthetic
TXN691623806233,U4502176,2026-06-18 04:04:16,473.58,USD,card_not_present_online,credit_card,MID358058,5311,Department Stores,0.094,DEV88139160,linux_desktop,0.12999196494849327,PK,SE,True,4,False,347.00950503466817,6,0,13.0,738,agent_assisted,video_verified,prime,36.42,293,2,0,0.1759889447888951,0.8030804251836364,False,False,0,1,2,CLUSTER1727,2,1.2198726909802735,0.9486329760985861,0.7700405745396901,,,,,0,,0.0381627415811828,1,ai_phishing+account_takeover,social_engineering+access,text_generation+credential_stuffing_automation,0.977,True,synthetic
TXN245235825640,U6027839,2026-07-20 06:23:38,402.47,USD,p2p_transfer,credit_card,MID231736,5661,Shoe Stores,0.235,DEV46675363,windows_desktop,0.05385400459619026,VN,CA,True,6,False,239.41259168321736,6,1,21.22,762,in_branch,unverified,prime,18.97,19,1,2,0.27443269273389226,0.8330997333340933,False,False,0,1,1,CLUSTER8249,2,1.9996081173562055,0.7261255338685686,0.7846611196802677,,,,,0,,0.20465454369816935,1,ai_phishing+account_takeover,social_engineering+access,text_generation+credential_stuffing_automation,0.942,True,synthetic
TXN694521684111,U1436142,2026-07-02 11:11:03,345.12,USD,p2p_transfer,credit_card,MID260663,6300,Insurance,0.235,DEV58089784,android_mobile,0.15983868762591888,PK,AU,True,11,True,145.73030588489763,2,0,13.17,520,in_branch,video_verified,thin_file,26.21,265,2,0,0.3779468288399286,0.8096477959474528,False,False,0,1,1,CLUSTER2608,1,0.8515516218304554,0.852479306127137,0.8936258023390827,,,,,0,,0.015753150226366964,1,ai_phishing+account_takeover,social_engineering+access,text_generation+credential_stuffing_automation,0.861,True,synthetic
TXN768832319605,U0967686,2026-06-03 09:04:02,530.75,USD,card_not_present_online,digital_wallet,MID385135,5661,Shoe Stores,0.238,DEV71671097,windows_desktop,0.04084723721695288,VN,CA,True,9,False,57.0830799482317,4,1,20.03,847,web_remote,basic_document,near_prime,15.7,158,1,0,0.6028550578252861,0.720092144289265,True,False,0,1,2,CLUSTER9004,1,2.9193911734610127,0.7618087430401344,0.9784142376235687,,,,,0,,0.1825576146667512,1,ai_phishing+account_takeover,social_engineering+access,text_generation+credential_stuffing_automation,0.905,True,synthetic
TXN821300158644,U0196783,2026-07-26 05:31:22,413.39,USD,card_not_present_online,debit_card,MID176436,4722,Travel Agencies,0.649,DEV95906353,windows_desktop,0.1854620084264253,RU,AU,True,5,False,551.3743903050408,2,0,10.13,594,agent_assisted,in_branch_verified,subprime,40.79,96,1,0,0.1229843826298257,0.8293881140189425,True,False,0,1,2,CLUSTER5784,3,0.5161713802529871,0.8614165647775708,0.9494177023882499,,,,,0,,0.11859611685515609,1,ai_phishing+account_takeover,social_engineering+access,text_generation+credential_stuffing_automation,0.847,True,synthetic
TXN973907241551,U8932636,2026-07-26 19:52:26,470.68,USD,p2p_transfer,digital_wallet,MID188319,6300,Insurance,0.497,DEV71583532,windows_desktop,0.1799588306040073,BD,US,True,19,False,598.4988178089212,2,2,8.06,570,api_partner_onboarding,video_verified,thin_file,37.37,219,2,0,0.6562984484333253,0.7605890573967863,True,True,0,1,1,CLUSTER3211,2,1.936288412372389,0.9530885587617056,0.979114044647683,,,,,0,,0.29268654135379624,1,ai_phishing+account_takeover,social_engineering+access,text_generation+credential_stuffing_automation,0.939,True,synthetic
TXN969707107649,U2354807,2026-06-09 20:43:10,194.95,USD,p2p_transfer,bank_transfer,MID981479,5941,Sporting Goods,0.27,DEV17437730,mac_desktop,0.16427993989779927,PK,DE,True,20,True,410.25838891833536,6,0,7.24,771,mobile_app_remote,unverified,near_prime,26.93,299,2,0,0.1964545719058613,0.8107792552100875,True,False,0,1,2,CLUSTER4358,2,0.6193603181502246,0.711452532566154,0.8958487185787232,,,,,0,,0.2742634872342276,1,ai_phishing+account_takeover,social_engineering+access,text_generation+credential_stuffing_automation,0.957,True,synthetic
TXN134943479205,U9082693,2026-06-20 00:47:00,243.91,USD,card_not_present_online,debit_card,MID323231,5999,Misc Retail,0.219,DEV82478877,ios_mobile,0.19910692563672502,ID,GB,True,0,True,551.7876429206456,2,0,5.29,96,mobile_app_remote,in_branch_verified,near_prime,28.16,109,2,1,0.5866802794691368,0.8854009676280169,True,True,0,1,1,CLUSTER6454,3,0.27632634201704387,0.8239953822354714,0.8722782002670997,,,,,0,,0.17347506603348053,1,ai_phishing+account_takeover,social_engineering+access,text_generation+credential_stuffing_automation,0.834,True,synthetic
TXN230710001400,U1227760,2026-07-17 18:01:04,647.68,USD,card_not_present_online,bank_transfer,MID768096,5999,Misc Retail,0.128,DEV19116074,ios_mobile,0.10549960669756231,RU,GB,True,18,False,401.2776334151957,5,1,38.21,446,web_remote,video_verified,thin_file,16.95,134,2,0,0.2702976555926607,0.9051670454644489,True,False,0,1,1,CLUSTER7223,2,1.572840174078189,0.8491866096876689,0.8419422884262137,,,,,0,,0.07673978953860446,1,ai_phishing+account_takeover,social_engineering+access,text_generation+credential_stuffing_automation,0.936,True,synthetic
TXN741173563711,U0046322,2026-07-24 00:42:57,243.27,USD,card_not_present_online,prepaid_card,MID370047,5541,Fuel / Gas Stations,0.262,DEV19908293,mac_desktop,0.14676330111547553,PK,SG,True,0,False,548.5721937920318,6,1,17.12,231,in_branch,basic_document,thin_file,20.37,248,1,0,0.6763898808279176,0.7623858640872534,True,False,0,1,2,CLUSTER8684,3,0.339220507283421,0.8737435912378679,0.9298568634930355,,,,,0,,0.28624818270613067,1,ai_phishing+account_takeover,social_engineering+access,text_generation+credential_stuffing_automation,0.925,True,synthetic
